[
  {
    "photo": "https://raja.scene7.com/is/image/Raja/products/bo-traiteur-fen-tre-couvercle-int-gr-prestige_PDT00824.jpg?template=withpicto&$image=M_BO443008IF_O_A_FR&$picto=ALL_planet&hei=300&wid=300",
    "prix": "30.35",
    "titre": "Boite traiteur avec fenête et couvercle intégré Prestige",
    "full_description": "déale pour les petits fours, préparations culinaires…/n Boîte traiteur avec fenêtre pour voir le contenu./n En carton compact./n",
    "categorie": "barquette",
    "id": 0
  },
  {
    "photo": "https://raja.scene7.com/is/image/Raja/products/pot-carton-brun-raja_OFF_FR_15057.jpg?template=withpicto&$image=M_HD8K_G_A_FR&$picto=ALL_planet&hei=300&wid=300",
    "prix": "29.45",
    "titre": "Pot carton brun",
    "full_description": "    Protection parfaite : carton épais gardant le contenu chaud ou froid plus de 15 minutes, selon l'utilisation./n    Couvercle en carton avec deux trous de ventilation pour éviter la condensation./n",
    "categorie": "barquette",
    "id": 1
  },
  {
    "photo": "https://raja.scene7.com/is/image/Raja/products/petit-pot-plastique_OFF_FR_425.jpg?image=M_POT30C_G_FR$default$&hei=300&wid=300",
    "description": "description",
    "prix": "2.84",
    "titre": "Petit pot plastique",
    "full_description": "    Pratique : mini contenance pour servir de petites quantités sans gaspiller./n    Parfaitement étanche./n    Valorisant : très transparent pour une meilleure visibilité du produit./n    Fabriqué en plastique PET. Recyclable après tri et collecte en entreprise/n",
    "categorie": "barquette",
    "id": 2
  },
  {
    "photo": "https://raja.scene7.com/is/image/Raja/products/saladier-carton-rond-raja_OFF_FR_15117.jpg?template=withpicto&$image=M_CBOL26K_saladier_carton_rond_i-11426510&$picto=ALL_planet&hei=300&wid=300",
    "prix": "81.60",
    "titre": "Saladier carton rond",
    "full_description": "Moderne et valorisant : forme ronde et couvercle transparent sublimant le contenu./n    Sûre : le couvercle se clipse facilement et rapidement./n    Gain de place : empilable./n    En carton kraft brun. Couvercle en plastique PET non micro-ondable vendu séparément. Recyclable après tri et collecte en entreprise./n",
    "categorie": "barquette",
    "id": 3
  },
  {
    "photo": "https://raja.scene7.com/is/image/Raja/products/bo-p-tissi-re-carton-blanche_OFF_FR_1109.jpg?template=withpicto&$image=M_240240B_G1_FR&$picto=ALL_planet&hei=300&wid=300",
    "prix": "6.25",
    "titre": "Boite patisserière carton blanche",
    "full_description": "En carton compact rigide blanc./n Idéale pour le transport ou la présentation des gâteaux, entremets, tartes, pâtisseries…/n Gain de place : livrée à plat/n",
    "categorie": "barquette",
    "id": 4
  },
  {
    "photo": "https://raja.scene7.com/is/image/Raja/products/bo-p-tissi-re-kraft-fen-tre_PDT08579.jpg?template=withpicto&$image=M_BK121105BF_O_A_039_F&$picto=ALL_planet&hei=300&wid=300",
    "prix": "11.35",
    "titre": "Boîte pâtissière kraft à fenêtre",
    "full_description": "Idéale pour les présentations de macarons et petits gâteaux./n En carton kraft naturel./n",
    "categorie": "barquette",
    "id": 5
  },
  {
    "photo": "https://raja.scene7.com/is/image/Raja/products/bo-alimentaire-plastique-ondipack_PDT00602.jpg?image=M_OK1200_A2_FR$default$&hei=300&wid=300",
    "prix": "44.10",
    "titre": "Boite alimentaire plastique Ondipack",
    "full_description": "- Facile à fermer : le couvercle à charnière se clipse par simple pression./n - Parfaitement étanche./n - Gain de place : parfaitement empilable./n En plastique PP./n Adaptée aux caisses 60 x 40 cm./n Recyclable après tri et collecte en entreprise.",
    "categorie": "barquette",
    "id": 6
  },
  {
    "photo": "https://raja.scene7.com/is/image/Raja/products/bo-plastique-alimentaire-multipack_PDT00755.jpg?template=withpicto&$image=M_M750C_O_S_116_F&$picto=ALL_planet&hei=300&wid=300",
    "prix": "37.35",
    "titre": "Boite plastique alimentaire Multipack",
    "full_description": "Fabriquée en plastique PET. Recyclable après tri et collecte en entreprise./n - Valorisante : très transparente pour exposer toutes préparations culinaires./n - Parfaitement étanche : munie d’un couvercle charnière clipsable, assure un transport sans risque./n- Gain de place : parfaitement empilable./n - Pratique : excellente prise en main./n",
    "categorie": "barquette",
    "id": 7
  },
  {
    "photo": "https://raja.scene7.com/is/image/Raja/products/bo-ufs_PDT00758.jpg?template=withpicto&$image=M_1401311_D_G_116_F&$picto=ALL_planet&hei=300&wid=300",
    "prix": "46.15",
    "titre": "Boîte à oeufs",
    "full_description": "    Protectrice : absorbe les chocs./n    Empilable./n    Boîte pour 6 oeufs (calibre maxi 80 g)./n    Livrée à plat./n",
    "categorie": "barquette",
    "id": 8
  },
  {
    "photo": "https://raja.scene7.com/is/image/Raja/products/godet-bord-droit-aluminium_OFF_FR_1444.jpg?template=withpicto&$image=M_GO125_D_S_066_F&$picto=ALL_planet&hei=300&wid=300",
    "prix": "5.25",
    "titre": "Godet à bord droit en aluminium",
    "full_description": "Polyvalent : parfaitement adapté à la cuisson au four, la présentation, le transport de plats, la congélation...",
    "categorie": "barquette",
    "id": 9
  },
  {
    "photo": "https://raja.scene7.com/is/image/Raja/products/bo-alimentaire-plastique-noire-marmipack_PDT00603.jpg?image=M_MA0500N_O_A3_117_F$default$&hei=300&wid=300",
    "prix": "50.10",
    "titre": "Boîte alimentaire plastique noire Marmipack",
    "full_description": "- Étanche et résistante en étuve./n - Pratique : poignées de préhension./n En plastique PP. Fond noir. Couvercle indépendant translucide./n Recyclable après tri et collecte en entreprise/n",
    "categorie": "barquette",
    "id": 10
  },
  {
    "photo": "https://raja.scene7.com/is/image/Raja/products/barquette-carton-scellable-food-k_OFF_FR_15120.jpg?template=withpicto&$image=M_CL1000CAR_G_FR&$picto=ALL_planet&hei=300&wid=300",
    "prix": "17.55",
    "titre": "Barquette carton scellable Food K",
    "full_description": "Hermétique : préserve la saveur et la fraîcheur des aliments./n    Sûre : garantit un transport sans risque de renversement./n    Gain de temps : désempilage facile./n",
    "categorie": "barquette",
    "id": 11
  },
  {
    "photo": "Coupe à dessert plastique",
    "description": "description",
    "prix": "42.15",
    "titre": "Coupe à dessert plastique",
    "full_description": " Esthétique : transparence cristal./n     Sûre : le couvercle se clipse facilement et rapidement./n    2 modèles :/n    coupe à dessert à pied en plastique PP./n    coupe à dessert en plastique PET. Recyclable après tri et collecte en entreprise./n    Couvercle en plastique PET vendu séparément./n",
    "categorie": "barquette",
    "id": 12
  },
  {
    "photo": "https://raja.scene7.com/is/image/Raja/products/bo-coque-canne-sucre_OFF_FR_1107.jpg?template=withpicto&$image=M_163073_A1_FR&$picto=ALL_planet&hei=300&wid=300",
    "prix": "28.45",
    "titre": "Boîte coque en canne à sucre",
    "full_description": "Résistante et rigide : résiste à l’eau et aux graisses. Adaptée au remplissage à chaud./n    Gain de place : empilable./n    Fabriquée en canne à sucre, compostable industriellement./n",
    "categorie": "barquette",
    "id": 13
  },
  {
    "photo": "https://raja.scene7.com/is/image/Raja/products/petit-pot-alimentaire-papier-pliss_PDT02005.jpg?template=withpicto&$image=M_200205_R_A_0210_F&$picto=ALL_planet&hei=300&wid=300",
    "prix": "5.39",
    "titre": "Petit pot alimentaire papier plissé",
    "full_description": "Fabriqué en papier plissé./n Pratique : mini contenance pour servir de petites quantités sans gaspiller./n",
    "categorie": "barquette",
    "id": 14
  },
  {
    "photo": "https://raja.scene7.com/is/image/Raja/products/ramequin-rond-aluminium_OFF_FR_1446.jpg?template=withpicto&$image=M_RA176_D_S_066_F&$picto=ALL_planet&hei=300&wid=300",
    "prix": "18.10",
    "titre": "Ramequin rond en aluminium",
    "full_description": "Polyvalent : parfaitement adapté à la cuisson au four, la présentation, le transport de plats, la congélation...",
    "categorie": "barquette",
    "id": 15
  },
  {
    "photo": "https://raja.scene7.com/is/image/Raja/products/bol-soupe-blanc-400-ml-servipack_PDT00683.jpg?image=M_BOL400_O_S1_1210_F$default$&hei=300&wid=300",
    "prix": "40.65",
    "titre": "Bol soupe blanc 400 ml",
    "full_description": "Esthétique : design torsadé./n    Utilisation froide ou chaude./n    Bol blanc et couvercle transparent en plastique PP, vendu séparément./n    Recyclable après tri et collecte en entreprise./n",
    "categorie": "barquette",
    "id": 16
  },
  {
    "photo": "https://raja.scene7.com/is/image/Raja/products/pot-rond-fra-cheur-plastique-transparent_OFF_FR_1867.jpg?template=withpicto&$image=M_DM8X_G_A_FR&$picto=ALL_planet&hei=300&wid=300",
    "prix": "31.15",
    "titre": "Pot rond fraîcheur plastique transparent",
    "full_description": "Facile à fermer : couvercle à fermeture rentrante./n    Parfaitement étanche./n    Empilable./n    Fabriqué en PET. Recyclable après tri et collecte en entreprise. Couvercle indépendant vendu séparément./n",
    "categorie": "barquette",
    "id": 17
  },
  {
    "photo": "https://raja.scene7.com/is/image/Raja/products/bo-p-tissi-re-kraft_PDT08577.jpg?template=withpicto&$image=M_BK202005B_O_S1_128_F&$picto=ALL_planet&hei=300&wid=300",
    "prix": "11.35",
    "titre": "Boîte pâtisserière kraft",
    "full_description": "En carton kraft naturel./n Idéale pour le transport ou la présentation des gâteaux, entremets, tartes, pâtisseries…/n Gain de place : livrée à plat./n",
    "categorie": "barquette",
    "id": 18
  },
  {
    "photo": "https://raja.scene7.com/is/image/Raja/products/saladier-canne-sucre_PDT465581.jpg?image=M_PUL14124_G_FR$default$&hei=300&wid=300",
    "prix": "56.35",
    "titre": "Saladier en canne à sucre",
    "full_description": "    Fabriqué en canne à sucre, compostable (sauf couvercle)./n    Valorisant : couvercle transparent, idéal pour présenter en vitrine./n    Résistant et rigide : résiste à l’eau et aux graisses./n    Gain de place : empilable./n     Couvercle en plastique RPET, 70% recyclé non micro-ondable vendu séparément. Recyclable après tri et collecte en entreprise./n",
    "categorie": "barquette",
    "id": 19
  },
  {
    "photo": "https://raja.scene7.com/is/image/Raja/products/bo-alimentaire-plastique-prestipack_PDT00604.jpg?image=M_BC1500_O_S1_F$default$&hei=300&wid=300",
    "prix": "74.15",
    "titre": "Boîte alimentaire plastique Prestipack",
    "full_description": "Pratique : graduations sur 1 côté. Poignées de préhension. Large fond facilitant le remplissage./n Facile à fermer : le couvercle indépendant se clipse par simple pression. Étanche et empilable./n En plastique PP./n Adaptée aux caisses 60 x 40 cm./n Recyclable après tri et collecte en entreprise./n",
    "categorie": "barquette",
    "id": 20
  },
  {
    "photo": "https://raja.scene7.com/is/image/Raja/products/bo-carton-alimentaire-fermeture-croisillon_OFF_FR_1651.jpg?template=withpicto&$image=M_FB1_S_FR&$picto=ALL_planet&hei=300&wid=300",
    "prix": "42.80",
    "titre": "Boîte carton alimenaitre à fermture croisillon",
    "full_description": " Micro-ondable : adapté pour réchauffer les aliments./n    Fermeture rapide et sûre : par système de croisillons./n    Convient pour aliments froids ou chauds (max 70°C)./n",
    "categorie": "barquette",
    "id": 21
  },
  {
    "photo": "https://raja.scene7.com/is/image/Raja/products/bo-plastique-alimentaire-optipack_PDT00598.jpg?template=withpicto&$image=M_1000LC_O_A_0511_F&$picto=ALL_planet&hei=300&wid=300",
    "prix": "49.85",
    "titre": "Boîte plastique alimentaire Optipack",
    "full_description": "Fabriquée en plastique PET. Recyclable après tri et collecte en entreprise./n- Valorisante : très transparente pour exposer toutes préparations culinaires./n - Parfaitement étanche : munie d’un couvercle charnière clipsable, assure un transport sans risque./n - Gain de place : parfaitement empilable./n- Pratique : excellente prise en main./n Adaptée aux caisses 60 x 40 cm./n",
    "categorie": "barquette",
    "id": 22
  },
  {
    "photo": "https://raja.scene7.com/is/image/Raja/products/bo-plastique-wokipack_OFF_FR_1206.jpg?image=M_WOK901NP_A1_FR$default$&hei=300&wid=300",
    "prix": "67.90",
    "titre": "Boîte plastique Wokipack",
    "full_description": "- Tendance : design 'wok'./n- Pratique : poignées de préhension./n En plastique PP./n rond noir./n Couvercle indépendant anti-buée./n Recyclable après tri et collecte en entreprise./n",
    "categorie": "barquette",
    "id": 23
  },
  {
    "photo": "https://raja.scene7.com/is/image/Raja/products/barquette-standard-aluminium_OFF_FR_1439.jpg?template=withpicto&$image=M_BA450RIS_O_S_069_F&$picto=ALL_planet&hei=300&wid=300",
    "prix": "7.10",
    "titre": "Barquette standart en aluminium",
    "full_description": "Polyvalente : parfaitement adaptée à la cuisson au four et au micro-ondes (sous certaines conditions, nous consulter) et à la congélation./n Pratique : transport des plats et belle présentation./n Fermeture par opercule pour la référence BO500. Opercule vendu séparément référence CO3205/n",
    "categorie": "barquette",
    "id": 24
  },
  {
    "photo": "https://raja.scene7.com/is/image/Raja/products/saladier-carton-carr_OFF_FR_1650.jpg?template=withpicto&$image=M_BSK19_G_FR&$picto=ALL_planet&hei=300&wid=300",
    "prix": "96.80",
    "titre": "Saladier en carton carré",
    "full_description": "Valorisante : large fenêtre laissant voir le contenu, idéale pour les présentations en vitrine./n    Gain de place : empilable./n    En carton et fenêtre en plastique PET./n",
    "categorie": "barquette",
    "id": 25
  },
  {
    "photo": "https://raja.scene7.com/is/image/Raja/products/pot-carton-fermeture-croisillon_OFF_FR_326.jpg?template=withpicto&$image=M_722186_D_S1_126_F&$picto=ALL_planet&hei=300&wid=300",
    "prix": "5.,40",
    "titre": "Pot carton à fermeture croisillon",
    "full_description": "Bonne isolation et excellente prise en main./n Fermeture rapide et sûre : par système de croisillons./n 2 coloris :/strong> boîte imprimée kraft (référence POTPATES780BR) ou blanche/n",
    "categorie": "barquette",
    "id": 26
  },
  {
    "photo": "https://raja.scene7.com/is/image/Raja/products/caissette-p-tissi-re-carton-couvercle_PDT00639.jpg?template=withpicto&$image=M_CPB1612_D_A_066_F&$picto=ALL_planet&hei=300&wid=300",
    "prix": "9.77",
    "titre": "Caissette pâtissière carton sans couvercle ",
    "full_description": "Fabriquée en carton compact blanc et rigide./n Pour pâtisseries individuelles, petits fours, macarons…/n Évolutive : l’ajout d’une seconde caissette/n permet de former une boîte./n",
    "categorie": "barquette",
    "id": 27
  },
  {
    "photo": "https://raja.scene7.com/is/image/Raja/products/bo-alimentaire-amidon-bioware_PDT02006.jpg?template=withpicto&$image=M_743871_R_A2_068_F&$picto=ALL_planet&hei=300&wid=300",
    "prix": "62.35",
    "titre": "Boîte alimentaire en amidon de maïs",
    "full_description": "Fabriquée en amidon de maïs (PLA)./n - Valorisante : très transparente pour exposer toutes préparations culinaires./n - Parfaitement étanche : munie d’un couvercle charnière clipsable, assure un transport sans risque. /n - Gain de place : parfaitement empilable. /n- Pratique : excellente prise en main. /n",
    "categorie": "barquette",
    "id": 28
  },
  {
    "photo": "https://raja.scene7.com/is/image/Raja/products/pochette-frites_OFF_FR_1090.jpg?template=withpicto&$image=M_CFKM_FRG091_22073&$picto=ALL_planet&hei=300&wid=300",
    "prix": "55.20",
    "titre": "Pochette à frites",
    "full_description": "Fabriquée en carton rigide. /n Idéale pour les frites. : /n • Décor qui convient pour tous types d’enseignes. /n • Bon maintien des aliments. /n ",
    "categorie": "barquette",
    "id": 29
  },
  {
    "photo": "https://raja.scene7.com/is/image/Raja/products/panier-salade-carton_OFF_FR_1108.jpg?template=withpicto&$image=M_739001_A1_FR&$picto=ALL_planet&hei=300&wid=300",
    "prix": "50.60",
    "titre": "Panier salade carton",
    "full_description": "Valorisante : boîte salade en carton micro-cannelure. Intérieur kraft brun ingraissable. /n     Fermeture astucieuse : poignées permettant de maintenir le couvercle fermé. /n  Couvercle en plastique APET sublimant le contenu. /n ",
    "categorie": "barquette",
    "id": 30
  },
  {
    "photo": "https://raja.scene7.com/is/image/Raja/products/petit-pot-canne-sucre_OFF_FR_15108.jpg?template=withpicto&$image=M_101352_FRE059_18796&$picto=ALL_planet&hei=300&wid=300",
    "prix": "2.78",
    "titre": "Petit pot en canne à sucre",
    "full_description": "Fabriqué en canne à sucre, compostable industriellement. /n - Pratique : mini contenance pour servir de petites quantités sans gaspiller. /n - Gain de place : parfaitement empilable. /n - Résistant et rigide : résiste à l’eau et aux graisses. Adapté au remplissage à chaud et au réchauffage au micro-ondes. /n Couvercle en amidon de maïs (PLA) non micro-ondable, vendu séparément. /n ",
    "categorie": "barquette",
    "id": 31
  },
  {
    "photo": "https://raja.scene7.com/is/image/Raja/products/bo-compartiments-canne-sucre_OFF_FR_15114.jpg?image=M_PUL46229_PUL51601PP_FRE059_18710$default$&hei=300&wid=300",
    "prix": "37.10",
    "titre": "Boîte à compartiments en canne à sucre",
    "full_description": "Fabriquée en canne à sucre, compostable domestiquement (sauf couvercle)./n     Résistante et rigide : résiste à l’eau et aux graisses. Adaptée au remplissage à chaud et au micro-ondes. /n    Fonctionnelle : deux compartiments séparant les préparations et mettant en valeur les plats. /n    Gain de place : empilable. /n    Couvercle en plastique PP vendu séparément. /n     Couvercle recyclable après tri et collecte en entreprise. /n",
    "categorie": "barquette",
    "id": 32
  },
  {
    "photo": "https://raja.scene7.com/is/image/Raja/products/pot-rond-inviolable-safe_OFF_FR_254.jpg?image=M_TS4008R_FRG031_21159$default$&hei=300&wid=300",
    "prix": "63.70",
    "titre": "Pot rond inviolable",
    "full_description": "Excellente sécurité : couvercle charnière et fermeture inviolable. /n     Parfaitement étanche. /n    Empilable. /n    En plastique RPET. Recyclable après tri et collecte en entreprise. /n",
    "categorie": "barquette",
    "id": 33
  },
  {
    "photo": "https://raja.scene7.com/is/image/Raja/products/barquette-carton-snacking_OFF_FR_1091.jpg?template=withpicto&$image=M_BRK32_oignon_rings_i-13233391&$picto=ALL_planet&hei=300&wid=300",
    "prix": "35.05",
    "titre": "Barquette carton snacking",
    "full_description": "Fabriquée en carton rigide. /n Idéale pour toutes les préparations snacking : chicken wings, salade pâte… /n • Décor qui convient pour tous types d’enseignes. /n • Bon maintien des aliments. /n",
    "categorie": "barquette",
    "id": 34
  },
  {
    "photo": "https://raja.scene7.com/is/image/Raja/products/barquette-canne-sucre_OFF_FR_15113.jpg?image=M_PUL46120F300N_PUL51601_FRE059_18712$default$&hei=300&wid=300",
    "prix": "52.40",
    "titre": "Barquette en canne à sucre",
    "full_description": "Fabriquée en canne à sucre, compostable domestiquement (sauf couvercle). /n - Présentation valorisante : large couvercle transparent, sublimant le contenu. /n - Résistante et rigide : résiste à l’eau et aux graisses. /n - Gain de place : empilable. /n Couvercle en plastique PET, non micro-ondable vendu séparément. Recyclable après tri et collecte en entreprise. /n",
    "categorie": "barquette",
    "id": 35
  },
  {
    "photo": "https://raja.scene7.com/is/image/Raja/products/barquette-carton_OFF_FR_15119.jpg?template=withpicto&$image=M_C10CA_FRE059_18720&$picto=ALL_planet&hei=300&wid=300",
    "prix": "70.60",
    "titre": "Barquette en carton",
    "full_description": "Polyvalente : pour le conditionnement et la présentation de fruits, légumes, viennoiserie, pâtisserie… /n Fabriquée en carton 80% recyclé. /n",
    "categorie": "barquette",
    "id": 36
  },
  {
    "photo": "https://raja.scene7.com/is/image/Raja/products/saladier-rond-canne-sucre_OFF_FR_845.jpg?image=M_PUL51932N_A1_FR$default$&hei=300&wid=300",
    "prix": "31.55",
    "titre": "Saladier rond en canne à sucre",
    "full_description": "Valorisant : couvercle transparent, idéal pour présenter en vitrine. • Résistant et rigide : résiste à l'eau et aux graisses. • Gain de place : empilable. Fabriqué en canne à sucre, compostable industriellement (sauf couvercle). Couvercle en plastique RPET, 70% recyclé et recyclable après tri et collecte en entreprise, non micro-ondable vendu séparément.",
    "categorie": "barquette",
    "id": 37
  },
  {
    "photo": "https://raja.scene7.com/is/image/Raja/products/bo-coque-carton-compact-rigide_PDT00014.jpg?image=M_23431_FRE1121_22867$default$&hei=300&wid=300",
    "prix": "84.50",
    "titre": "Boîte en coque en carton compact rigide",
    "full_description": "Résistante : fabriquée en carton 220 g/m². /n     Bonne isolation : maintient les aliments au chaud. /n     Gain de place : empilable. /n",
    "categorie": "barquette",
    "id": 38
  },
  {
    "photo": "https://raja.scene7.com/is/image/Raja/products/bo-plastique-alimentaire-quadripack_PDT00688.jpg?image=M_RAV421N_O_S_068_F$default$&hei=300&wid=300",
    "prix": "81.85",
    "titre": "Boîte plastique alimentaire",
    "full_description": "    Grande contenance grâce à son couvercle haut. /n     Esthétique : forme épurée. /n     Facile à fermer : clipsage immédiat. /n    Couvercle anti-buée et anti-odeur. /n    Fabriquée en plastique RPET. /n",
    "categorie": "barquette",
    "id": 39
  },
  {
    "photo": "https://raja.scene7.com/is/image/Raja/products/bo-coque-carton-micro-cannelure_PDT00759.jpg?template=withpicto&$image=M_BHG_D_S1_027_F&$picto=ALL_planet&hei=300&wid=300",
    "prix": "62.10",
    "titre": "Boîte coque en carton micro-cannelure",
    "full_description": "    Rigide : fabriquée en carton micro-cannelure. /n     Bonne isolation : maintient les aliments au chaud. /n     Gain de place : empilable. /n",
    "categorie": "barquette",
    "id": 40
  },
  {
    "photo": "https://raja.scene7.com/is/image/Raja/products/gamme-snacking-noire_PDT524580.jpg?template=withpicto&$image=M_O1SP2TEL_G_FR&$picto=ALL_planet&hei=300&wid=300",
    "prix": "48.90",
    "titre": "Gamme snacking noire",
    "full_description": "Idéal pour la vente à emporter. /n Design moderne et élégant. /n     Sachet kraft : en carton rigide avec fenêtre en plastique PP. /n     Boîte et pot : en carton rigide avec fenêtre en PLA. /n     Recyclable après tri et collecte en entreprise /n",
    "categorie": "barquette",
    "id": 41
  }
]