[
  {
    "photo": "https://www.nordicnest.fr/assets/blobs/eva-solo-beurrier-eva-trio-legio-nova-12-cm-boites-a-beurre/24945-01-01-fbad5f628d.jpg?preset=tiny&dpr=1.5",
    "prix": "30.00",
    "titre": "Eva Solo Beurrier Eva Trio Legio Nova",
    "full_description": "Ce beurrier en porcelaine de très haute qualité de la marque Eva Solo est inclus dans la collection Eva Trio Legio Nova. Son design cannelé innovant et unique permet à l’objet de pouvoir tenir de deux manières différentes. Même s’il est créé à l’origine pour contenir du beurre, le produit peut aussi servir à stocker des petits objets.",
    "caracteristiques": {
      "Matériaux": "Porcelaine",
      "largeur": "10 cm",
      "hauteur": "6cm",
      "longueur": "12 cm"
    },
    "categorie": "beurrier",
    "id": 0
  },
  {
    "photo": "https://www.nordicnest.fr/assets/blobs/bloomingville-beurrier-kendra-gres-gris-plats-de-service-plateaux/39031-01-01-985a5fd299.jpg?preset=tiny&dpr=1.5",
    "prix": "19.90",
    "titre": "Bloomingville Beurrier Kendra grès, Gris",
    "full_description": "Le beurrier Kendra en grès a été conçu par la marque qualitative Bloomingville. Grâce à ce beurrier, apportez une décoration plus élégante à votre table qu'avec un simple paquet de beurre. Le couvercle et le plat sont fabriqués en grès émaillé, rendant le produit durable.",
    "caracteristiques": {
      "Matériaux ": "Grès",
      "largeur": " 9cm",
      "hauteur": "8cm"
    },
    "categorie": "beurrier",
    "id": 1
  },
  {
    "photo": "https://www.nordicnest.fr/assets/blobs/broste-copenhagen-beurrier-nordic-sea-55-cm-boites-a-beurre/p_32056-01-01-ec32826d77.jpg?preset=tiny&dpr=1.5",
    "prix": "34.00",
    "titre": "Broste Copenhagen Beurrier Nordic Sea, 5,5 cm",
    "full_description": "Le produit est fait à la main et son apparence peut donc varier",
    "caracteristiques": {
      "Matériau ": "Grès émaillé",
      "largeur": "15 cm",
      "hauteur": "5,5 cm",
      "longueur": "12 cm"
    },
    "categorie": "beurrier",
    "id": 2
  },
  {
    "photo": "https://www.nordicnest.fr/assets/blobs/eva-solo-beurrier-eva-trio-legio-nova-10x12-cm-boites-a-beurre/506145-01_1_ProductImageMain-a63312cdfd.jpg?preset=tiny&dpr=1.5",
    "prix": "31.90",
    "titre": "Eva Solo Beurrier Eva Trio Legio Nova, 10x12 cm",
    "full_description": "Ce beurrier en porcelaine de très haute qualité de la marque Eva Solo est inclus dans la collection Eva Trio Legio Nova. Son design cannelé innovant et unique permet à l’objet de pouvoir tenir de deux manières différentes. Même s’il est créé à l’origine pour contenir du beurre, le produit peut aussi servir à stocker des petits objets.",
    "caracteristiques": {
      "Matériaux": "Chêne, Porcelaine",
      "largeur": "10 cm ",
      "hauteur": "6 cm",
      "longueur": "12 cm"
    },
    "categorie": "beurrier",
    "id": 3
  },
  {
    "photo": "https://www.nordicnest.fr/assets/blobs/spode-beurrier-blue-italian-20-x-10-cm-boites-a-beurre/37757-01-01-00eabefc75.jpg?preset=tiny&dpr=1.5",
    "prix": "107.00",
    "titre": "Spode Beurrier Blue Italian, 20 x 10 cm",
    "full_description": "full description",
    "caracteristiques": {
      "Matériau ": "porcelaine",
      "largeur": "10 cm",
      "longueur": "20cm"
    },
    "categorie": "beurrier",
    "id": 4
  },
  {
    "photo": "https://www.nordicnest.fr/assets/blobs/eva-solo-beurrier-avec-couvercle-en-chene-nordic-kitchen-10x15-cm-noir-boites-a-beurre/506152-01_1_ProductImageMain-4870b133a7.jpg?preset=tiny&dpr=1.5",
    "prix": "37.00",
    "titre": "Eva Solo Beurrier avec couvercle en chêne Nordic kitchen 10x15 cm, Noir",
    "full_description": "full description",
    "caracteristiques": {
      "Matériaux": "Chêne, Plastique",
      "largeur": "9,5 cm",
      "hauteur": "6 cm",
      "longueur": "14,5 cm"
    },
    "categorie": "beurrier",
    "id": 5
  }
]