[
  {
    "photo": "https://www.alinea.com/fstrz/r/s/www.alinea.com/dw/image/v2/BCKM_PRD/on/demandware.static/-/Sites-ali_master/default/dwd3d0804d/images/24631662/Carafe-Vin-Optima-24631662-F-1.jpg?sw=982&sh=982&sm=fit&sfrm=png&bgcolor=eef1eb&frz-v=77",
    "prix": "5.00",
    "titre": "Optima Carafe à vin forme bouteille 50cl",
    "full_description": "Forme particulière /n Une petite carafe en verre en forme de bouteille pour vous permettre de faire aérer le vin avant de le servir avec originalité à table. /n ",
    "caracteristiques": {
      "Couleur": "Transparent",
      "Composition": "Verre",
      "Hauteur": "26 cm",
      "Diamètre": "7 cm"
    },
    "categorie": "bouteille",
    "id": 0
  },
  {
    "photo": "https://www.alinea.com/fstrz/r/s/www.alinea.com/dw/image/v2/BCKM_PRD/on/demandware.static/-/Sites-ali_master/default/dw6d1813db/images/27299500/POMPE-FOUGO-27299500-F-1.jpg?sw=982&sh=982&sm=fit&sfrm=png&bgcolor=eef1eb&frz-v=77",
    "prix": "22.00",
    "titre": "Fougo set pompe à vin avec 2 bouchons - noir",
    "full_description": "Préserver le vin /n Ne prenez plus le risque de voir votre bouteille de vin favorite se dégrader une fois ouverte. Cette pompe à vin vous permet d'apprécier chaque jour votre vin comme si vous veniez de le déboucher. Utilisez la pompe pour faire le vide d'air et reboucher votre bouteille. En retirant l'air, vous évitez ainsi l'oxydation et les changements de pression à l'intérieur de la bouteille. Une pompe qui préserve le vin pendant une semaine après l'ouverture. /n",
    "caracteristiques": {
      "Couleur": "Noir",
      "Composition": "Plastique",
      "Hauteur": "19 cm",
      "Longueur": "10 cm",
      "Largeur": "5 cm"
    },
    "categorie": "bouteille",
    "id": 1
  },
  {
    "photo": "https://www.alinea.com/fstrz/r/s/www.alinea.com/dw/image/v2/BCKM_PRD/on/demandware.static/-/Sites-ali_master/default/dwf9607dc8/images/27049129/Bouteille-50-cl-DONI-27049129-F-1.jpg?sw=982&sh=982&sm=fit&sfrm=png&bgcolor=eef1eb&frz-v=77",
    "prix": "6.00",
    "titre": "DONI Bouteille en verre - 50 cl",
    "full_description": "Bouteille en verre /n Cette bouteille d'eau en verre transparente vous accompagne dans votre quotidien. Elle vous suivra fidèlement au travail et lors de vos activités physiques et sportives. Conçue en verre borosilicate, elle est très résistante face aux chocs de la vie quotidienne. En cas de chûte, elle se fissure sans exploser. Une sécurité supplémentaire pour éviter tout accident. Son bouchon se visse et assure l'imperméabilité complète de la bouteille. Une bonne façon d'abandonner les bouteilles en plastique, polluantes et moins hygiénique que celles en verre. /n",
    "caracteristiques": {
      "Couleur": "Transparent",
      "Composition": "Verre borosilicate, bouchon en plastique",
      "Hauteur": "22 cm",
      "Diamètre": "7,6 cm"
    },
    "categorie": "bouteille",
    "id": 2
  },
  {
    "photo": "https://www.alinea.com/fstrz/r/s/www.alinea.com/dw/image/v2/BCKM_PRD/on/demandware.static/-/Sites-ali_master/default/dw57900bfd/images/26104706/BOUTEILLE-OFFICINA-26104706-F-1.jpg?sw=982&sh=982&sm=fit&sfrm=png&bgcolor=eef1eb&frz-v=77",
    "prix": "7.00",
    "titre": "Officina Bouteille en verre transparent,1,2L",
    "full_description": "Service créatif /n On aime cette belle bouteille limonade en verre transparent qui vous permettra de servir l'eau à table avec beaucoup de sobriété et d'élégance. Avec son design travaillé et ses stries en relief, cette bouteille au style loft vous fera succomber et charmera vos invités ! /n",
    "caracteristiques": {
      "Couleur": "Transparent",
      "Composition": "Verre",
      "Hauteur": "31 cm",
      "Diamètre": "8 cm"
    },
    "categorie": "bouteille",
    "id": 3
  },
  {
    "photo": "https://www.alinea.com/fstrz/r/s/www.alinea.com/dw/image/v2/BCKM_PRD/on/demandware.static/-/Sites-ali_master/default/dwdce306f3/images/27180228/PICHET-CACAN-27180228-F-1.jpg?sw=982&sh=982&sm=fit&sfrm=png&bgcolor=eef1eb&frz-v=77",
    "prix": "15.00",
    "titre": "Cacan Pichet en verre borosilicate avec verre 0,6L - transparent",
    "full_description": "Bouteille déco /n Une jolie bouteille en verre pour décorer votre table. Elle est accompagnée d'un verre à eau qui fait office de bouchon. Composée de verre borosilicate, elle est particulièrement résistante aux changements de température. Une bouteille idéale pour conserver votre eau ou vos jus au frais et pour les déguster directement. /n ",
    "caracteristiques": {
      "Couleur": "Transparent",
      "Composition": "Verre borosilicate",
      "Diamètre": "9,5 cm",
      "Hauteur": "26 cm"
    },
    "categorie": "bouteille",
    "id": 4
  },
  {
    "photo": "https://www.alinea.com/fstrz/r/s/www.alinea.com/dw/image/v2/BCKM_PRD/on/demandware.static/-/Sites-ali_master/default/dw6a5d0fb0/images/26508887/BOUTEILLE-JUAN-26508887-F-1.jpg?sw=982&sh=982&sm=fit&sfrm=png&bgcolor=eef1eb&frz-v=77",
    "prix": "10.00",
    "titre": "Juan Bouteille en verre transparent et bouchon de liège 1",
    "full_description": "Design épuré /n On sert le vin, l'eau ou la limonade à table avec style grâce à cette belle bouteille en verre au design épuré et minimaliste. Surmontée d'un bouchon de liège, elle associe les matières avec légèreté et apportera à vos repas une touche naturelle et délicate. Transparente, elle laisse entrevoir son contenu avec audace et on lui associe une belle vaisselle en porcelaine blanche et des verres à pied pour une ambiance tendre à table, ou on lui préfère des assiettes et une nappe à motifs pour une ambiance plus rythmée. /n",
    "caracteristiques": {
      "Couleur": "Transparent",
      "Composition": "Verre",
      "Diamètre": "9 cm",
      "Hauteur": "24 cm"
    },
    "categorie": "bouteille",
    "id": 5
  },
  {
    "photo": "https://www.alinea.com/fstrz/r/s/www.alinea.com/dw/image/v2/BCKM_PRD/on/demandware.static/-/Sites-ali_master/default/dw0da6028b/images/27180143/PICHET-EMPASSA-27180143-F-1.jpg?sw=982&sh=982&sm=fit&sfrm=png&bgcolor=eef1eb&frz-v=77",
    "prix": "24.00",
    "titre": "Empassa Bouteiller en verre borosilicate avec bouchon - 1L",
    "full_description": "Bouteille déco /n Une jolie bouteille en verre avec son bouchon pour décorer votre table à manger. Elle apporte une touche naturelle et authentique et permet d'éviter le plastique. Un verre borosilicate, d'une incroyable résistance, idéal pour conserver de l'eau ou des jus au frais. /n",
    "caracteristiques": {
      "Couleur": "Transparent",
      "Composition": " Verre borosilicate",
      "Diamètre": "8,7 cm",
      "Hauteur": "32 cm"
    },
    "categorie": "bouteille",
    "id": 6
  },
  {
    "photo": "https://static.bhv.fr/media/818/81898708/G_81898708_444_VPM_1.jpeg",
    "prix": "39.90",
    "titre": "ICHENDORF MILANO Bouteille Cactus en verre avec bouchon 1,15 L",
    "full_description": "Carafe bouteille en verre avec bouchon et sculpture de cactus dans le fond. /n Originalité et égayement de votre table ! /n ",
    "caracteristiques": {
      "Couleur": "Transparent",
      "Hauteur": "27 cm",
      "Diamètre": "8,5 cm",
      "Contenance": "1,15 L",
      "Composition": "Verre borosilicaté et bouchon en silicone"
    },
    "categorie": "bouteille",
    "id": 7
  },
  {
    "photo": "https://static.bhv.fr/media/449/44999533/G_44999533_101_VPM_1.jpg",
    "prix": "29.90",
    "titre": "BITOSSI HOME Bouteille n verre et/ou vase DISEGUALE bleu 100 cl",
    "full_description": "Cette bouteille en verre soufflé de la gamme Diseguale peut très bien être utilisé en vase ou bien pour servir votre eau. A utiliser à votre convenance !",
    "caracteristiques": {
      "Couleur": "Bleu",
      "Hauteur": "27 cm",
      "Contenance": "100 cl"
    },
    "categorie": "bouteille",
    "id": 8
  },
  {
    "photo": "https://static.bhv.fr/media/492/49237473/G_49237473_444_VPM_1.jpg",
    "prix": "25,95€",
    "titre": "BLACK + BLUM Carfe Eau Good Charcoal Filter tritan 80 cl",
    "full_description": "La carafe Eau Good est une bouteille d'eau qui utilise un filtre charbon de bois traditionnel japonais Binchotan pour donner à votre eau du robinet un goût délicieux.  /n Le filtre à charbon actif binchotan (durée de vie de 6 mois) est fourni avec la carafe. /n ",
    "caracteristiques": {
      "Couleur": "Transparent",
      "Hauteur": "24 cm",
      "Diamètre": "8,5 cm",
      "Contenance": "800 ml",
      "Composition": "Verre"
    },
    "categorie": "bouteille",
    "id": 9
  }
]