[
  {
    "photo": "https://medias.maisonsdumonde.com/images/q_auto,f_auto/w_1000/mkp/M21003140_1/dessous-de-plat-en-mdf-carreaux-de-ciment-multicolore.jpg",
    "prix": "22.00",
    "titre": "BEIJA FLOR ELECTRIC - Dessous de plat carreaux de ciment multicolore",
    "full_description": "Les dessous de plat complètent le reste des créations Beija Flor afin de donner une sensation d'unité et agrémenteront à merveille vos scéniques de table.",
    "caracteristiques": {
      "Couleur principale": "Multicolore",
      "Matière principale": "Bois",
      "Hauteur": "20 cm",
      "Longueur": "20 cm",
      "Profondeur": "20 cm"
    },
    "categorie": "dessous_de_plat",
    "id": 0
  },
  {
    "photo": "https://medias.maisonsdumonde.com/images/q_auto,f_auto/w_1000/mkp/M21127763_1/dessous-de-plat-en-mdf-bleu-20x40.jpg",
    "prix": "45.00",
    "titre": "Dessous de plat en mdf  bleu",
    "full_description": "Les dessous de plat complètent le reste des créations Beija Flor afin de donner une sensation d'unité et agrémenteront à merveille vos scéniques de table.",
    "caracteristiques": {
      "Couleur principale": "Bleu",
      "Matière principale": "Bois",
      "Hauteur": "20 cm",
      "Longueur": "20 cm",
      "Profondeur": "40 cm"
    },
    "categorie": "dessous_de_plat",
    "id": 1
  },
  {
    "photo": "https://medias.maisonsdumonde.com/images/q_auto,f_auto/w_1000/mkp/M21003137_1/dessous-de-plat-en-mdf-noir-blanc-gris.jpg",
    "prix": "45.00",
    "titre": "BEIJA FLOR Dessous de plat",
    "full_description": "Les dessous de plat complètent le reste des créations Beija Flor afin de donner une sensation d'unité et agrémenteront à merveille vos scéniques de table.",
    "caracteristiques": {
      "Couleur principale": "Noir",
      "Matière principale": "Bois",
      "Hauteur": "20 cm",
      "Longueur": "40 cm",
      "Profondeur": "20 cm"
    },
    "categorie": "dessous_de_plat",
    "id": 2
  },
  {
    "photo": "https://medias.maisonsdumonde.com/images/q_auto,f_auto/w_1000/mkp/M21007449_1/dessous-de-plat-en-mdf-carreau-ciment-bleu-20x30.jpg",
    "prix": "32.00",
    "titre": "Dessous de plat en mdf carreau",
    "full_description": "Les dessous de plat complètent le reste des créations Beija Flor afin de donner une sensation d'unité et agrémenteront à merveille vos scéniques de table.",
    "caracteristiques": {
      "Couleur principale": "Bleu",
      "Matière principale": "Bois",
      "Hauteur": "20 cm",
      "Longueur": "40 cm",
      "Profondeur": "30 cm"
    },
    "categorie": "dessous_de_plat",
    "id": 3
  },
  {
    "photo": "https://medias.maisonsdumonde.com/images/q_auto,f_auto/w_1000/mkp/M20043996_1/dessous-de-plat-en-metal-dore-d20cm.jpg",
    "prix": "11.20",
    "titre": "WADIGA ROND - Dessous de plat en métal doré",
    "full_description": "Dessous de plat élégant rond en métal doré",
    "caracteristiques": {
      "Couleur principale": "Or",
      "Matière principale": "Métal",
      "Hauteur": "1 cm",
      "Longueur": "20 cm",
      "Profondeur": "20 cm"
    },
    "categorie": "dessous_de_plat",
    "id": 4
  },
  {
    "photo": "https://medias.maisonsdumonde.com/images/q_auto,f_auto/w_1000/mkp/M20043998_1/dessous-de-plat-design-en-silicone-noir-24x14cm.jpg",
    "prix": "14.95",
    "titre": "WADIGA TRIANGLES - Dessous de plat deisgn en solicone noir",
    "full_description": "Dessous de plat en silicone noir de forme hexagonale et motifs triangles. Un dessous de plat design et tendance qui se combien avec les autres couleurs pour une déco joyeuse et colorée !",
    "caracteristiques": {
      "Couleur principale": "Noir",
      "Matière principale": "Silicone",
      "Longueur": "24 cm",
      "Profondeur": "14 cm"
    },
    "categorie": "dessous_de_plat",
    "id": 5
  },
  {
    "photo": "https://medias.maisonsdumonde.com/images/q_auto,f_auto/w_1000/mkp/M20046413_1/dessous-de-plat-gris-16x14cm.jpg",
    "prix": "7.95",
    "titre": "HZONE DENMARK HEXAGON - Dessous de plat gris ",
    "full_description": "Dessous de Plat Hexagon 16 x 14 cm conçu par Zone DenmarkUne grande et belle collection de dessous de plat de formes et couleurs variées à mixer pour une jolie décoration de tableIndispensable!Fabriqué en silicone, résiste à 250 degrés, facile à nettoyer",
    "caracteristiques": {
      "Couleur principale": "Gris",
      "Matière principale": "Silicone",
      "Hauteur": "1 cm",
      "Longueur": "16 cm",
      "Profondeur": "14 cm"
    },
    "categorie": "dessous_de_plat",
    "id": 6
  },
  {
    "photo": "https://medias.maisonsdumonde.com/images/q_auto,f_auto/w_1000/mkp/M21040183_1/dessous-de-plat-en-verre-trempe-noir-et-blanc-30x20cm.jpg",
    "prix": "14.60",
    "titre": "STC CARREAUX - Dessous de plat en verre trempé",
    "full_description": "Dessous de plat carré en verre trempé - carreaux de céramique Verre avec pieds antidérapants ",
    "caracteristiques": {
      "Couleur principale": "Noir",
      "Matière principale": "Verre",
      "Hauteur": "1 cm",
      "Longueur": "30 cm",
      "Profondeur": "20 cm"
    },
    "categorie": "dessous_de_plat",
    "id": 7
  },
  {
    "photo": "https://medias.maisonsdumonde.com/images/q_auto,f_auto/w_1000/mkp/M21007122_1/dessous-de-plat-en-mdf-noir-marron-20x30.jpg",
    "prix": "32.00",
    "titre": "BEIJA FLOR Dessous de plat en mdf",
    "full_description": "Les dessous de plat complètent le reste des créations Beija Flor afin de donner une sensation d'unité et agrémenteront à merveille vos scéniques de table.",
    "caracteristiques": {
      "Couleur principale": "Marron",
      "Matière principale": "Bois",
      "Hauteur": "20 cm",
      "Longueur": "30 cm",
      "Profondeur": "20 cm"
    },
    "categorie": "dessous_de_plat",
    "id": 8
  },
  {
    "photo": "https://medias.maisonsdumonde.com/images/q_auto,f_auto/w_1000/mkp/M21007121_1/dessous-de-plat-en-mdf-vert-20x30.jpg",
    "prix": "32.00",
    "titre": "Dessous de plat en mdf vert",
    "full_description": "Les dessous de plat complètent le reste des créations Beija Flor afin de donner une sensation d'unité et agrémenteront à merveille vos scéniques de table.",
    "caracteristiques": {
      "Couleur principale": "Vert",
      "Matière principale": "Bois",
      "Hauteur": "20 cm",
      "Longueur": "20 cm",
      "Profondeur": "30 cm"
    },
    "categorie": "dessous_de_plat",
    "id": 9
  },
  {
    "photo": "https://medias.maisonsdumonde.com/images/q_auto,f_auto/w_1000/mkp/M21125502_1/dessous-de-plat-en-bois-passiflore.jpg",
    "prix": "29.90",
    "titre": "Dessous de plat en bois passiflore",
    "full_description": "Dessous de plat 26cm de diamètre, dessiné par Mini Labo. Ce dessous de plat été dessiné par le duo de créatrices MIni Labo. Le motif plassiflore, apportera douceur et poésie sur votre table. ",
    "caracteristiques": {
      "Couleur principale": "Multicolore",
      "Matière principale": "Bois",
      "Longueur": "26 cm"
    },
    "categorie": "dessous_de_plat",
    "id": 10
  },
  {
    "photo": "https://medias.maisonsdumonde.com/images/q_auto,f_auto/w_1000/mkp/M21134281_1/dessous-de-plat-ceramique-fond-liege-beige-blanc-bleu-jaune-rouge.jpg",
    "prix": "7.30",
    "titre": "VINTAGE - Dessous de plat Céramique, fond liège",
    "full_description": "Dessous de plat en céramique au motif vintage. Ce motif reprend les grands classiques du ski le tout dans des tons frais et légers. L'arrière du dessous de plat est en liège. Vaisselle idéale pour une décoration de table festive en hiver.",
    "caracteristiques": {
      "Couleur principale": "Beige",
      "Matière principale": "Céramique",
      "Longueur": "16 cm",
      "Profondeur": "16 cm"
    },
    "categorie": "dessous_de_plat",
    "id": 11
  },
  {
    "photo": "https://medias.maisonsdumonde.com/images/q_auto,f_auto/w_1000/mkp/M21040131_1/dessous-de-plat-en-verre-trempe-30x20cm.jpg",
    "prix": "14.60",
    "titre": "STP Carreaux - Dessous de plat en verre trempé",
    "caracteristiques": {
      "Couleur principale": "Gris",
      "Matière principale": "Verre",
      "Hauteur": "1 cm",
      "Longueur": "30 cm",
      "Profondeur": "20 cm"
    },
    "categorie": "dessous_de_plat",
    "id": 12
  },
  {
    "photo": "https://medias.maisonsdumonde.com/images/q_auto,f_auto/w_1000/mkp/M21024107_1/dessous-de-plat-fonte-d-acier-noir-satine-l20cm-x-l20cm.jpg",
    "prix": "14.80",
    "titre": "Créations Léonie's France COEUR - Dessous de plat Fonte d'acier Noir satiné",
    "full_description": "Le dessous de plat en métal apporte une touche moderne à votre table. Le métal très résistant à la chaleur vous permettra de poser vos plats lors du service à table. Pour apporter de la modernité à votre table. S'harmonise parfaitement avec de la vaisselle claire ou foncée.",
    "caracteristiques": {
      "Couleur principale": "Noir",
      "Matière principale": "Fonte",
      "Longueur": "20 cm",
      "Profondeur": "20 cm"
    },
    "categorie": "dessous_de_plat",
    "id": 13
  },
  {
    "photo": "https://medias.maisonsdumonde.com/images/q_auto,f_auto/w_1000/mkp/M21125503_1/dessous-de-plat-en-bois-magnolia.jpg",
    "prix": "29.90",
    "titre": "Dessous de plat en bois magnolia",
    "full_description": "Pour habiller une table, les dessous de plat sont de précieux alliés. Ils apportent une touche décorative qui fait la différence, et qui donne le ton. Nous sommes séduits par ces motifs rétro-chic ! ",
    "caracteristiques": {
      "Couleur principale": "Vert",
      "Matière principale": "Bois",
      "Longueur": "26 cm"
    },
    "categorie": "dessous_de_plat",
    "id": 14
  },
  {
    "photo": "https://medias.maisonsdumonde.com/images/q_auto,f_auto/w_1000/mkp/M21096102_1/dessous-de-plat-en-silicone-gris-fonce-lot-de-2.jpg",
    "prix": "16.95",
    "titre": "ZONE DENMARK RHOMBUS LEAF - Dessous de plat en silicone gris foncé",
    "full_description": "S'essuie avec un chiffon- Nettoyage avec un chiffon sec ou un chiffon doux très essoréZone Denmark s'affirme sans laisser place au moindre doute. Nous interprétons les tendances changeantes en repensant la beauté et la fonctionnalité pour chaque personne partageant notre crédo d'une vie profondément positive. Présentés de manière sincère et colorée, nos designs défient les conventions, inspirent de la curiosité et s'expriment dans des matières exquises. Nous avons remporté plusieurs récompenses de design internationales avec notre équipe de concepteurs novateurs danois, ce qui est fantastique. Mais ce sont nos amis aficionados du design du monde entier qui font toute la différence !",
    "caracteristiques": {
      "Couleur principale": "Gris",
      "Matière principale": "Silicone",
      "Hauteur": "2 cm",
      "Longueur": "20 cm",
      "Profondeur": "11 cm"
    },
    "categorie": "dessous_de_plat",
    "id": 15
  },
  {
    "photo": "https://medias.maisonsdumonde.com/images/q_auto,f_auto/w_1000/mkp/M20046494_1/dessous-de-plat-bleu-ciel-16x14cm.jpg",
    "prix": "7.95",
    "titre": "ZONE DENMARK TRIANGLE - Dessous de plat bleu ciel",
    "full_description": "Une grande et belle collection de dessous de plat de formes et couleurs variées à mixer pour une jolie décoration de table",
    "caracteristiques": {
      "Couleur principale": "Bleu",
      "Matière principale": "Silicone",
      "Hauteur": "1 cm",
      "Longueur": "16 cm",
      "Profondeur": "14 cm"
    },
    "categorie": "dessous_de_plat",
    "id": 16
  },
  {
    "photo": "https://medias.maisonsdumonde.com/images/q_auto,f_auto/w_1000/mkp/M21024717_1/dessous-de-plat-en-bois-hirondelles.jpg",
    "prix": "29.90",
    "titre": "ATOMIC SODA OISEAUX MUSES - Dessous de plat en bois hirondelles ",
    "full_description": "Ce dessous de plat a été dessiné par le studio de créatrices Oiseaux Muses, passionnées par la nature et les oiseaux. Votre intérieur sera illuminé par la douceur de la composition et habillera vos tables avec délicatesse",
    "caracteristiques": {
      "Couleur principale": "Multicolore",
      "Matière principale": "Bois",
      "Longueur": "26 cm"
    },
    "categorie": "dessous_de_plat",
    "id": 17
  },
  {
    "photo": "https://medias.maisonsdumonde.com/images/q_auto,f_auto/w_1000/mkp/M21023716_1/dessous-de-plat-fonte-gris-diam20-5cm.jpg",
    "prix": "14.10",
    "titre": "CREATIONS LEONIE'S FRANCE COEURS - Dessous de plat",
    "full_description": "Dessous de plat rond et nacré gris avec des coeurs entremêlés au centre. Elément pratique et décoratif pour votre table lors des services. Très résistant à la chaleur.",
    "caracteristiques": {
      "Couleur principale": "Gris",
      "Matière principale": "Fonte",
      "Diamètre": "20 cm"
    },
    "categorie": "dessous_de_plat",
    "id": 18
  },
  {
    "photo": "https://medias.maisonsdumonde.com/images/q_auto,f_auto/w_1000/mkp/M21095177_1/2-dessous-de-plat-taupe-20x11cm.jpg",
    "prix": "16.95",
    "titre": "ZONE DENMARK RHOMBUS LINES - dessous de plat taupe",
    "full_description": "Nous interprétons les tendances changeantes en repensant la beauté et la fonctionnalité pour chaque personne partageant notre crédo d'une vie profondément positive. Présentés de manière sincère et colorée, nos designs défient les conventions, inspirent de la curiosité et s'expriment dans des matières exquises. Nous avons remporté plusieurs récompenses de design internationales avec notre équipe de concepteurs novateurs danois, ce qui est fantastique. Mais ce sont nos amis aficionados du design du monde entier qui font toute la différence ",
    "caracteristiques": {
      "Couleur principale": "Marron",
      "Matière principale": "Silicone",
      "Hauteur": "2 cm",
      "Longueur": "20 cm",
      "Profondeur": "11 cm"
    },
    "categorie": "dessous_de_plat",
    "id": 19
  },
  {
    "photo": "https://medias.maisonsdumonde.com/images/q_auto,f_auto/w_1000/mkp/M21089888_1/dessous-de-plat-en-bois-bloom.jpg",
    "prix": "29.90",
    "titre": "ATOMIC SODA Dessous de plat en bois bloom",
    "full_description": "Ce dessous de plat a été dessiné par le studio de créatrices Oiseaux Muses, passionnées par la nature et les oiseaux.Votre intérieur sera illuminé par la douceur de la composition et habillera vos tables avec délicatesse. ",
    "caracteristiques": {
      "Couleur principale": "Rose",
      "Matière principale": "Bois",
      "Hauteur": "2 cm"
    },
    "categorie": "dessous_de_plat",
    "id": 20
  },
  {
    "photo": "https://medias.maisonsdumonde.com/images/q_auto,f_auto/w_1000/mkp/M21023369_1/dessous-de-plat-bois-bois-l23cm-x-l23cm.jpg",
    "prix": "23.30",
    "titre": "CREATIONS LEONIE'S FRANCE COEUR - Dessous de plat Bois",
    "full_description": "Dessous de plat en bois vieilli avec gravure de fleur edelweiss. La fleur edelweiss est connue pour sa délicatesse, optez pour une touche de fraîcheur à votre table.",
    "caracteristiques": {
      "Couleur principale": "Marron",
      "Matière principale": "Bois",
      "Longueur": "23 cm",
      "Profondeur": "23 cm"
    },
    "categorie": "dessous_de_plat",
    "id": 21
  },
  {
    "photo": "https://medias.maisonsdumonde.com/images/q_auto,f_auto/w_1000/mkp/M21125500_1/dessous-de-plat-en-bois-grenades.jpg",
    "prix": "29.90",
    "titre": "ATOMIC SODA DEssous de plat en bois grenades",
    "full_description": "Ce dessous de plat été dessiné par le duo de créatrices MIni Labo. Le motif Grenades, apportera douceur et poésie sur votre table",
    "caracteristiques": {
      "Couleur principale": "Vert",
      "Matière principale": "Bois",
      "Longueur": "26 cm"
    },
    "categorie": "dessous_de_plat",
    "id": 22
  },
  {
    "photo": "https://medias.maisonsdumonde.com/images/q_auto,f_auto/w_1000/mkp/M21134280_1/dessous-de-plat-ceramique-fond-liege-beige-gris-blanc-l16cm-x-l16cm.jpg",
    "prix": "7.30",
    "titre": "CREATIONS LEONIES'S FRANCE SPORT - Dessous de plat Céramique, fond liège",
    "full_description": "Dessous de plat en céramique grise présentant de façon vintage les sports d'hiver tels que la luge, les raquettes et le patinage artistique. Il nous promet un retour en arrière symbolique et ennivrant, accompagné de plats traditionnels. L'arrière du dessous de plat est en liège. Vaisselle idéale pour une décoration de table festive en hiver",
    "caracteristiques": {
      "Couleur principale": "Beige",
      "Matière principale": "Céramique",
      "Longueur": "16 cm",
      "Profondeur": "16 cm"
    },
    "categorie": "dessous_de_plat",
    "id": 23
  },
  {
    "photo": "https://medias.maisonsdumonde.com/images/q_auto,f_auto/w_1000/mkp/M21095199_1/dessous-de-plat-en-silicone-gris.jpg",
    "prix": "14.95",
    "titre": "ZONE DENMARK HARLEQUIN - Dessous de plat en silicone gris",
    "full_description": "Nous interprétons les tendances changeantes en repensant la beauté et la fonctionnalité pour chaque personne partageant notre crédo d'une vie profondément positive. Présentés de manière sincère et colorée, nos designs défient les conventions, inspirent de la curiosité et s'expriment dans des matières exquises. Nous avons remporté plusieurs récompenses de design internationales avec notre équipe de concepteurs novateurs danois, ce qui est fantastique. Mais ce sont nos amis aficionados du design du monde entier qui font toute la différence ",
    "caracteristiques": {
      "Couleur principale": "Gris",
      "Matière principale": "Silicone",
      "Hauteur": "1 cm",
      "Longueur": "14 cm",
      "Profondeur": "24 cm"
    },
    "categorie": "dessous_de_plat",
    "id": 24
  },
  {
    "photo": "https://medias.maisonsdumonde.com/images/q_auto,f_auto/w_1000/mkp/M20046471_1/2-dessous-de-plat-noirs-20x11cm.jpg",
    "prix": "16.95",
    "titre": "ZONE DENMARK RHOMBUS LEAF - 2 dessous de plat noirs",
    "full_description": "Une grande et belle collection de dessous de plat de formes et couleurs variées à mixer pour une jolie décoration de tableIndispensable!",
    "caracteristiques": {
      "Couleur principale": "Noir",
      "Matière principale": "Silicone",
      "Hauteur": "1 cm",
      "Longueur": "20 cm",
      "Profondeur": "11 cm"
    },
    "categorie": "dessous_de_plat",
    "id": 25
  },
  {
    "photo": "https://medias.maisonsdumonde.com/images/q_auto,f_auto/w_1000/mkp/M21134282_1/dessous-de-plats-mountain-sport-d-hiver-vintage-16x16cm-lot-de-3.jpg",
    "prix": "19.90",
    "titre": "CREATIONS LEONIE'S FRANCE SKI - Dessous de plats mountain/sport d'hiver/vintage",
    "full_description": "Lot de 3 dessous de plat inspiration montagne, sport d'hiver et vintage. Chacun d'eux s'adapte à votre décoration de table. Vaisselle de Noël idéale pour une décoration de table festive. Un cadeau parfait pour les Fêtes de Noël.",
    "caracteristiques": {
      "Couleur principale": "Multicolore",
      "Matière principale": "Céramique",
      "Longueur": "16 cm",
      "Profondeur": "16 cm"
    },
    "categorie": "dessous_de_plat",
    "id": 26
  },
  {
    "photo": "https://medias.maisonsdumonde.com/images/q_auto,f_auto/w_1000/mkp/M21024719_1/dessous-de-plat-en-bois-exotic.jpg",
    "prix": "29.90",
    "titre": "ATOMIC SODA MINILABO - Dessous de plat en bois exotic",
    "full_description": "Ce dessous de plat été dessiné par le duo de créatrices Mini Labo. Le motif Exotic, apportera douceur et poésie sur votre table",
    "caracteristque": {
      "Couleur principale": "Multicolore",
      "Matière principale": "Bois",
      "Longueur": "16 cm"
    },
    "categorie": "dessous_de_plat",
    "id": 27
  },
  {
    "photo": "https://medias.maisonsdumonde.com/images/q_auto,f_auto/w_1000/mkp/M21134283_1/dessous-de-plat-ceramique-fond-liege-gris-bleu-rouge-orange-l16cm-x.jpg",
    "prix": "7.30",
    "titre": "CREATIONS LEONIE'S FRANCE MOUNTAIN - Dessous de plat céramique fond liège",
    "full_description": "Dessous de plat en céramique grise avec des montagnes design au centre dans des tons froids et élégants. Rappel de la montagne. L'arrière du dessous de plat est en liège. Vaisselle idéale pour une décoration de table festive en hiver.",
    "caracteristiques": {
      "Couleur principale": "Gris",
      "Matière principale": "Céramique",
      "Longueur": "16 cm",
      "Profondeur": "16 cm"
    },
    "categorie": "dessous_de_plat",
    "id": 28
  },
  {
    "photo": "https://medias.maisonsdumonde.com/images/q_auto,f_auto/w_1000/mkp/M21066129_1/dessous-de-plat-en-bois-constellation.jpg",
    "prix": "29.90",
    "titre": "BALTIC CLUB Dessous de plat en bois Constellation",
    "full_description": "Pour habiller une table, les dessous de plat sont de précieux alliés. Ils apportent une touche décorative qui fait la différence, et qui donne le ton. Baltic Club est un duo de créatifs venu d'outre Atlantique qui nous fait l'honneur de partager leur univers élégant et graphique sur nos objets",
    "caracteristiques": {
      "Couleur principale": "Noir",
      "Matière principale": "Bois",
      "Longueur": "26 cm"
    },
    "categorie": "dessous_de_plat",
    "id": 29
  },
  {
    "photo": "https://medias.maisonsdumonde.com/images/q_auto,f_auto/w_1000/mkp/M21047008_1/dessous-de-plat-en-bois-marbre.jpg",
    "prix": "29.90",
    "titre": "Baltic Club - Dessous de plat en bois Marbre",
    "full_description": "Pour habiller une table, les dessous de plat sont de précieux alliés. Ils apportent une touche décorative qui fait la différence, et qui donne le ton. Baltic Club est un duo de créatifs venu d'outre Atlantique qui nous fait l'honneur de partager leur univers élégant et graphique sur nos objets",
    "caracteristiques": {
      "Couleur principale": "Vert",
      "Matière principale": "Bois",
      "Longueur": "26 cm"
    },
    "categorie": "dessous_de_plat",
    "id": 30
  },
  {
    "photo": "https://medias.maisonsdumonde.com/images/q_auto,f_auto/w_1000/mkp/M21125440_1/dessous-de-plat-en-bois-tropical.jpg",
    "prix": "29.90",
    "titre": "ATOMIC SODA Dessous de plat en bois tropical",
    "full_description": "Pour habiller une table, les dessous de plat sont de précieux alliés. Ils apportent une touche décorative qui fait la différence, et qui donne le ton. Nous sommes séduits par ces motifs rétro-chic ! ",
    "caracteristiques": {
      "Couleur principale": "Noir",
      "Matière principale": "Bois",
      "Longueur": "16 cm"
    },
    "categorie": "dessous_de_plat",
    "id": 31
  },
  {
    "photo": "https://medias.maisonsdumonde.com/images/q_auto,f_auto/w_1000/mkp/M20046472_1/2-dessous-de-plat-20x11cm.jpg",
    "prix": "16.95",
    "titre": "ZONE DENMARK RHOMBUS LEAF - 2 dessous de plat",
    "full_description": "Une grande et belle collection de dessous de plat de formes et couleurs variées à mixer pour une jolie décoration de tableIndispensable!",
    "caracteristiques": {
      "Couleur principale": "Beige",
      "Matière principale": "Silicone",
      "Hauteur": "1 cm",
      "Longueur": "20 cm",
      "Profondeur": "11 cm"
    },
    "categorie": "dessous_de_plat",
    "id": 32
  },
  {
    "photo": "https://medias.maisonsdumonde.com/images/q_auto,f_auto/w_1000/mkp/M20047129_1/dessous-de-plat-anneaux.jpg",
    "prix": "57.90",
    "titre": "COUZON DUO - Dessous de plat anneaux",
    "full_description": "Un dessous de plat malin et design à utiliser en duo ou en solo selon la taille de votre plat. Un joli cadeau qui évoque les alliances d'un mariage.Couzon conçoit des objets de table et de service comme des objets de décoration, pour embellir votre quotidien. Des produits de caractère, contemporains, esthétiques et fonctionnels, pour faire plaisir et vous faire plaisir.Référence française des arts de la table, Couzon perpétue la tradition des belles tables avec ses gammes de couverts innovants. Résolument élégants et hauts de gamme, nos couverts sont fabriqués dans des aciers de haute technologie. Couzon s'inscrit dans un processus de création constant et s'appuie sur des processus de fabrication strictes et rigoureux",
    "caracteristiques": {
      "Couleur principale": "Argent",
      "Matière principale": "Inox",
      "Hauteur": "15 cm",
      "Longueur": "4 cm",
      "Profondeur": "16 cm"
    },
    "categorie": "dessous_de_plat",
    "id": 33
  },
  {
    "photo": "https://medias.maisonsdumonde.com/images/q_auto,f_auto/w_1000/mkp/M21024777_1/dessous-de-plat-lot-de-3-liege-marron-l33cmxl22cm-l27xl19cm-l23x.jpg",
    "prix": "45.80",
    "titre": "CREATIONS LEONIE'S FRANCE LIEGE - Dessous de plat Liège",
    "full_description": "Le liège est l'écorce de l'arbre le 'chêne-liège'. Il est reconnu pour ses qualités antistatiques, résistant aux feux et fortes chaleurs ainsi qu'à l'humidité. Le liège sera également une bonne alternance car il dispose d'une mémoire élastique ce qui le rend résistant aux chocs.",
    "caracteristiques": {
      "Couleur principale": "Marron",
      "Matière principale": "Liège"
    },
    "categorie": "dessous_de_plat",
    "id": 34
  },
  {
    "photo": "https://medias.maisonsdumonde.com/images/q_auto,f_auto/w_1000/mkp/M21003398_1/dessous-plat-en-silicone-jaune.jpg",
    "prix": "16.00",
    "titre": "PA DESIGN LEO - Dessous plat en silicone jaune",
    "full_description": "La peau de l'ours ? Oui, mais celle de Léo le lion qui fera un parfait dessous de plat ! Si Leo ne reçoit pas sa juste part des mets, il rugit ! Dimensions : 0,6 x 16,5 x 20cm Matière : Silicone Prix pour 1 pièce",
    "caracteristiques": {
      "Couleur principale": "Jaune",
      "Matière principale": "Silicone",
      "Hauteur": "1 cm",
      "Longueur": "20 cm",
      "Profondeur": "17 cm"
    },
    "categorie": "dessous_de_plat",
    "id": 35
  },
  {
    "photo": "https://medias.maisonsdumonde.com/images/q_auto,f_auto/w_1000/mkp/M21002175_1/dessous-de-plat-en-bois-femme-fleur.jpg",
    "prix": "29.90",
    "titre": "ATOMIC SODA AGATHE SINGER - Dessous de plat en bois femme fleur",
    "full_description": "Cette boîte circulaire a été dessinée par l’illustratrice de talent Agathe Singer. Agathe Singer nous fait l’honneur de poser de véritables petites œuvres telles que le motif Femme Fleur. Votre intérieur sera illuminé par la douceur de la composition et habillera vos tables avec délicatesse. ",
    "caracteristiques": {
      "Couleur principale": "Jaune",
      "Matière principale": "Bois",
      "Longueur": "26 cm"
    },
    "categorie": "dessous_de_plat",
    "id": 36
  },
  {
    "photo": "https://medias.maisonsdumonde.com/images/q_auto,f_auto/w_1000/mkp/M21002127_1/dessous-de-plat-en-bois-nuit.jpg",
    "prix": "29,90€",
    "titre": "ATOMIC SINGER - Dessous de plat en bois nuit",
    "full_description": "Cette boîte circulaire a été dessinée par l’illustratrice de talent Agathe Singer Agathe Singer nous fait l’honneur de poser de véritables petites œuvres telles que le motif Nuit. Votre intérieur sera illuminé par la douceur de la composition et habillera vos tables avec délicatesse. ",
    "caracteristiques": {
      "Couleur principale": "Rose",
      "Matière principale": "Bois",
      "Longueur": "16 cm"
    },
    "categorie": "dessous_de_plat",
    "id": 37
  },
  {
    "photo": "https://medias.maisonsdumonde.com/images/q_auto,f_auto/w_500/mkp/M21047007_4/grand-plateau-rond-en-bois-oceans.jpg",
    "prix": "54.90",
    "titre": "Grand plateau rond en bois Océans",
    "full_description": "Baltic Club, un studio de création venu d'outre-atlantique (Montréal, Québec) nous fait le plaisir de dessiner de magnifiques plateaux pour nous. Plongez dans leur univers à mi chemin entre la nature poétique et le design à tendance épurée. stratifié recto verso. Fabriqué en Europe",
    "caracteristiques": {
      "Couleur principale": "Bleu",
      "Matière principale": "Bois",
      "Hauteur": "1 cm",
      "Longueur": "45 cm",
      "Profondeur": "1 cm"
    },
    "categorie": "dessous_de_plat",
    "id": 38
  }
]