[
  {
    "photo": "https://cdn.laredoute.com/products/a/3/0/a3048c21ef0c67edca4da424bf28a3c2.jpg?imgopt=twic&twic=v1/resize=400",
    "prix": "33.20",
    "titre": "AULICA Couvert salade inox brosse manche bois LEGENDES D'AUTOMNE",
    "full_description": "Couverts à salade inox brossé et manche en bois , Idéal pour servir vos salades en toute simplicité",
    "caracteristiques": {
      " Compatible micro-onde": "non",
      " Compatible lave-vaiselle": "non",
      " Lavable machine": "non",
      " Composition détaillée": "70% Acier inoxydable 30% bois"
    },
    "categorie": "couvert_a_salade",
    "id": 0
  },
  {
    "photo": "https://cdn.laredoute.com/products/d/3/c/d3cc6cbddcf06ed2add90ebf889d9c7d.jpg?imgopt=twic&twic=v1/resize=400",
    "prix": "13.50",
    "titre": "SIBO HOMECONCEPT Couvert à salade- EPURE-INOX",
    "full_description": "Cette réalisation a fait l'objet d'une recherche minutieuse de nos designers. On appréciera le design contemporain de ces couverts et l'harmonie des courbes qui en fait un objet à part entière. Alimentaire.",
    "caracteristiques": {
      "Dimension": "26 cm",
      "Matière": "Inox 100%"
    },
    "categorie": "couvert_a_salade",
    "id": 1
  },
  {
    "photo": "https://cdn.laredoute.com/products/e/8/6/e86b3299286f0639dcda2d0f313cea15.jpg?imgopt=twic&twic=v1/resize=400",
    "prix": "23.20",
    "titre": "AM.PM Lot de 2 couverts à salade frêne Enok",
    "full_description": "Les 2 couverts en frêne naturel Enok. Précieux, élégant et intemporel, le frêne apportera une touche naturelle à votre table. À associer au saladier assorti vendu sur le site Description•  Frêne naturel Compatible contact alimentaire Non compatible lave vaisselle Non compatible micro-ondes",
    "caracteristiques": {
      "largeur": "15,5 cm",
      "hauteur": "2 cm"
    },
    "categorie": "couvert_a_salade",
    "id": 2
  },
  {
    "photo": "https://cdn.laredoute.com/products/8/8/1/8816db56c1a78d31c05da3479634d88d.jpg?imgopt=twic&twic=v1/cover=250x250",
    "prix": "12.70",
    "titre": " LES JARDINS DE LA COMTESSE Couverts à salade en mélamine 33 cm Rio ",
    "full_description": "Optez pour ces couverts en mélamine qui ajouteront de la couleur à votre service de table. Orné de toucans et de perroquets, ce set de couvert est composé d'une grande fourchette et d'une grande cuillère. Ils vous permettront de servir vos proches en intérieur comme en extérieur. Légers et quasi-incassables, vous pouvez même les emporter avec vous lors de vos vacances ou de vos campings. Ils ne s'ébrécheront pas grâce à sa mélamine pure, résistante aux chocs. Pour nettoyer vos couverts en mélamine, vous pouvez les passer au lave-vaisselle. ",
    "caracteristiques": {
      "Taille": "33 cm",
      "Poids": "155 gr",
      "Composition": "Vaisselle 100% en ùémanine"
    },
    "categorie": "couvert_a_salade",
    "id": 3
  },
  {
    "photo": "https://cdn.laredoute.com/products/4/c/8/4c81eb3237cc204805361208e23cd766.jpg?imgopt=twic&twic=v1/cover=250x250",
    "prix": "19.90",
    "titre": " VILLEROY & BOCH Couvert à salade, 2pces Artesano Original",
    "full_description": "Artisano Original de Villeroy & Boch séduit avec des valeurs authentiques et des formes naturelles. La collection incarne un style de vie moderne en harmonie avec la nature : la Premium Porcelain est ici associée à des matériaux naturels tels que l`ardoise et le bois d`acacia. Depuis 1748, Villeroy & Boch est synonyme de porcelaine de haute qualité. Optez pour le saladier Artesano assorti de la maison Villeroy & Boch. Laver de préférence à la main.",
    "caracteristiques": {
      "Couleurs": "Marron",
      "Tailles": "Tailles Uniqe",
      "Matériel": "Acacia"
    },
    "categorie": "couvert_a_salade",
    "id": 4
  },
  {
    "photo": "https://cdn.laredoute.com/products/8/7/b/87bab64e1d4e3127449c54b92458c063.jpg?imgopt=twic&twic=v1/cover=250x250",
    "prix": "29.90",
    "titre": "VILLEROY & BOCH Couvert à salade, 2pces Daily Line",
    "full_description": "Avec Daily Line, tout est dit dans le nom, car cette collection est en effet parfaite pour tous les jours. Ses pièces à servir et ses ustensiles de cuisine sont simples et neutres et conviennent aussi bien pour des styles d‘ameublement traditionnels que modernes. Depuis 1748, Villeroy & Boch incarne des arts de la table tout simplement splendides. Complétez votre équipement avec Villeroy & Boch. Convient naturellement au lave-vaisselle.",
    "caracteristiques": {
      "Matériel": "Acier inoxydable",
      "Couleurs ": "Stainless Steel",
      "Tailles": "Taille Unique"
    },
    "categorie": "couvert_a_salade",
    "id": 5
  },
  {
    "photo": "https://cdn.laredoute.com/products/4/2/d/42da53fcba0c8acc180a886a11f3a922.jpg?imgopt=twic&twic=v1/cover=250x250",
    "prix": "2.50",
    "titre": "EL CORTE INGLES Pince toasts aimanté Bambú ",
    "caracteristiques": {
      "Poids": "14g",
      "Matière ": "Bambou",
      "hauteur": "20 cm",
      "longueur": "20cm"
    },
    "categorie": "couvert_a_salade",
    "id": 6
  },
  {
    "photo": "https://cdn.laredoute.com/products/0/2/1/021aa4d0fd4b512ccbc8ebf70382f13f.jpg?imgopt=twic&twic=v1/cover=250x250",
    "description": " description",
    "prix": "28.00",
    "titre": " REINE MERE Couverts à salade sur socle Made in France DU BOUT DES BRANCHES",
    "full_description": " couverts à salade en hêtre massif issu de FGD ; couverts nourris à l'huile minérale, socle vernis, norme alimentaire ; fabriqués dans le Jura. Ne pas mettre au lave vaisseille.",
    "caracteristiques": {
      "largeur": "6 cm",
      "hauteur": "29,5 cm",
      "longueur": "11 cm"
    },
    "categorie": "couvert_a_salade",
    "id": 7
  },
  {
    "photo": "https://cdn.laredoute.com/products/a/0/8/a08ba78e91defd0117f7f7e6b38c7ba0.jpg?imgopt=twic&twic=v1/cover=250x250",
    "prix": "34.90",
    "titre": " BRUNO EVRARD Couverts à salade en acier noir - DELI ",
    "full_description": "DELI NOIR est un coffret composé de 2 couverts à salade, une cuillère et une fourchette. Des couverts très originaux par leur forme et leur couleur noire. On les associe facilement avec un saladier contemporain.",
    "caracteristiques": {
      "Matière ": "Acier peint",
      "Couleurs ": "Noir",
      "Tailles ": "Taille Unique"
    },
    "categorie": "couvert_a_salade",
    "id": 8
  },
  {
    "photo": "https://cdn.laredoute.com/products/e/c/0/ec04ba9d554b747406f16200eb139726.jpg?imgopt=twic&twic=v1/cover=250x250",
    "prix": "4.90",
    "titre": "TREND UP Couverts à salade classico",
    "full_description": "Couverts à salade classico transparent TREND UP",
    "caracteristiques": {
      "Matière ": "Plastique ",
      "Couleur": "transparent ",
      "Longueur": " 28 cm ",
      "Tailles": "Taille Unique"
    },
    "categorie": "couvert_a_salade",
    "id": 9
  },
  {
    "photo": "https://cdn.laredoute.com/products/0/3/b/03bae7bb800911b64497e6287a776617.jpg?imgopt=twic&twic=v1/cover=250x250",
    "prix": "12.70",
    "titre": "LES JARDINS DE LA COMTESSE Couverts à salade Fleurs Exotiques 33 cm",
    "full_description": "Ces couverts à salade de 33 cm en mélamine pure incassabIl passent parfaitement avec le grand saladier Fleurs Exotiques. Enfin une belle vaisselle à l allure martelée qui ne s'ébrèche pas et ne se casse pas. Son épaisseur et sa douceur exceptionnelle au toucher égale la beauté de la céramique mais sans sa fragilité grâce à l emploi de la mélamine pure ce qui en fait une vaisselle de qualité unique. La série Fleurs Exotiques comprend le bol, les petites et grandes assiettes, le saladier et les couverts à salade. Une gamme aux couleurs chatoyantes et aux motifs graphiques et modernes qui pourra être dressée en un seul motif ou mariée avec les services de la collection Couleur Unies pour créer des tables uniques et personnalisées qui feront l admiration de tous les convives. Ces couverts à salade offrent une harmonie parfaite entre solidité et design sans faire aucun compromis : avec MelARTmil ne Collection soyez chic et raffiné jusqu au choix de vos couverts ! Plus qu une chose à faire : réalisez de superbes recettes et surpret nez vos convives en les servants avec des ustensiles élégants et originaux.",
    "caracteristiques": {
      "Dimensions": "33 cm",
      "Poids": "150 g",
      "Couleurs": "Vert/Rouge",
      "Tailles": "Taille Unique"
    },
    "categorie": "couvert_a_salade",
    "id": 10
  },
  {
    "photo": "https://cdn.laredoute.com/products/9/8/9/989a3d39fee42477064868aee2267cc3.jpg?imgopt=twic&twic=v1/cover=250x250",
    "prix": "29.00",
    "titre": " PYLONES Couverts à salade Quelle salade",
    "full_description": "Les scaroles, laitues et autre roquettes vont en faire toute une salade en nous voyant plonger dans le plat. Couverts à salade en duo, nous proposons une performance de couple dynamique, un ballet synchronisé très efficace. Attention les éclaboussures !",
    "caracteristique": {
      "longueur": "33,5 cm",
      "Couleurs": "Arlequin, Dancers, Nautre, Noir, Vert",
      "Taille": "Taille Unique"
    },
    "categorie": "couvert_a_salade",
    "id": 11
  },
  {
    "photo": "https://cdn.laredoute.com/products/e/5/d/e5d69a6b909a9f42031e4027e0b4bb40.jpg?imgopt=twic&twic=v1/cover=250x250",
    "prix": "28.00",
    "titre": "Couverts à salade sur socle made in France DU BOUT DES FEUILLES",
    "full_description": " Couverts à salade en hêtre massif issu de FGD nourris à l'huile minérale, socle vernis, norme alimentaire ; fabriqués dans le Jura. Ne pas mettre au lave vaisseille.",
    "caracteristiques": {
      "Composition détaillée": "100% hêtre massif",
      "Couleurs ": "Beige",
      "Tailles ": "Taille Unique"
    },
    "categorie": "couvert_a_salade",
    "id": 12
  },
  {
    "photo": "https://cdn.laredoute.com/products/0/6/9/069e0ceb30e6699283f2e92c17c58e7d.jpg?imgopt=twic&twic=v1/cover=250x250",
    "prix": "29.90",
    "titre": "VILLEROY & BOCH Couverts à salade, 2pces S+ Taupe",
    "full_description": "Avec son mélange raffiné d`acier inoxydable et de silicone, la collection de couverts de table S+ vous accompagne chaque jour de façon intemporelle. Avec son toucher agréable et son côté chic, jeune et urbain, elle convient également idéalement pour un pique-nique avec des amis. Villeroy & Boch incarne depuis 1748 des arts de la table tout simplement magnifiques et de la plus haute qualité Apportez de la couleur à votre table avec Villeroy & Boch. Articles particulièrement faciles à nettoyer et convenant naturellement au lave-vaisselle",
    "caracteristiques": {
      "Matériel": "Acier inoxydable, Silicone",
      "Coloris": "gris",
      "Couleurs": "Couleur Unique",
      "Tailles": "Taille Unique"
    },
    "categorie": "couvert_a_salade",
    "id": 13
  },
  {
    "photo": "https://cdn.laredoute.com/products/c/6/0/c6063e86988eebf6a73a997c86a29433.jpg?imgopt=twic&twic=v1/cover=250x250",
    "prix": "29.00",
    "titre": "PYLONES Couverts à salade Aelier d'artiste",
    "full_description": "Avec ces couverts pinceaux vous vous sentirez l'âme d'un artiste : Les salades composées deviendront des purs culinaires. Laissez le talent s'exprimer !",
    "caracteristiques": {
      "Tailles": "Taille Unique",
      "largeur": " 6,5 cm",
      "Couleurs": "Paint, Noir",
      "longueur": "33,5 cm"
    },
    "categorie": "couvert_a_salade",
    "id": 14
  },
  {
    "photo": "https://cdn.laredoute.com/products/d/2/c/d2c01dbdfc9bf994697a85016272910e.jpg?imgopt=twic&twic=v1/cover=250x250",
    "prix": "19.95",
    "titre": "EL CORTE INGLES Ensemble pour servir la salade Jaipur",
    "caracteristiques": {
      "Matière": "Acier",
      "Poids": "225 g",
      "Couleurs": "Or",
      "longueur": "27,5cm"
    },
    "categorie": "couvert_a_salade",
    "id": 15
  },
  {
    "photo": "https://cdn.laredoute.com/products/f/a/e/fae62ed51825243ed4429708df9d9f3d.jpg?imgopt=twic&twic=v1/cover=250x250",
    "prix": "13.00",
    "titre": " BRUNO EVRARD Couverts à salade en bambou bleu 30cm - BAYA",
    "full_description": "Les couverts à salade BAYA bleu sont en bambou légers et résistants. Ils se coordonnent avec les saladiers de la même collection. D'une hauteur de 30cm, ils sont pratiques pour mélanger toute sorte de salades. Tous nos produits en bambou sont fabriqués au Vietnam, dans une usine qui n'utilise pas de solvants ni de composants organiques volatils.",
    "caracteristiques": {
      "Matière ": "Bambou",
      "Couleurs ": "Bleu Canard",
      "Tailles ": "Taille Unique"
    },
    "categorie": "couvert_a_salade",
    "id": 16
  },
  {
    "photo": "https://cdn.laredoute.com/products/a/1/e/a1ed04b3099d62270ae86966e0ca2e61.jpg?imgopt=twic&twic=v1/cover=250x250",
    "prix": "32.80",
    "titre": "BRUNO EVRARD Couverts à salade en inox 28cm - DELI ",
    "full_description": "Avec les couverts à salade DELI, épatez vos invités au moment de servir ! Réalisés en inox, ils ont une ligne design et originale.",
    "caracteristiques": {
      "Matière": " Inox ",
      "Couleurs ": "Argent",
      "Tailles ": "Taille Unique"
    },
    "categorie": "couvert_a_salade",
    "id": 17
  },
  {
    "photo": " https://cdn.laredoute.com/products/3/c/f/3cf70afa0cd6ebd624f08ee355ee8649.jpg?imgopt=twic&twic=v1/cover=250x250",
    "prix": "19.80",
    "titre": "JEAN DUBOST Service à salade bois d'olivier jean dubost ",
    "full_description": "Couvert à salade en bois d'olivier véritable, fabriqué en france, lavage à la main exclusivement.",
    "caracteristiques": {
      "Matière ": "Bois ",
      "Couleur ": "marron ",
      "longueur": "30 cm"
    },
    "categorie": "couvert_a_salade",
    "id": 18
  },
  {
    "photo": "https://cdn.laredoute.com/products/9/9/3/993fe86b676979969c7bf064f274c0bc.jpg?imgopt=twic&twic=v1/cover=250x250",
    "prix": "12.50",
    "titre": "TREND UP Couverts à salade moderno",
    "caracteristiques": {
      "Matière ": "Inox ",
      "Couleur ": "argent ",
      "Longueur ": "33 cm"
    },
    "categorie": "couvert_a_salade",
    "id": 19
  },
  {
    "photo": "https://cdn.laredoute.com/products/b/0/3/b03e883d5c4e0d568da5aee36c01db92.jpg?imgopt=twic&twic=v1/cover=250x250",
    "prix": "13.50",
    "titre": "TABLE PASSION Couverts à salade 17 cm en bambou brique",
    "full_description": "Paire de mains à salade en bambou, originales et colorées.",
    "caracteristiques": {
      "Matière ": "Bambou",
      "Couleur ": "orange",
      "largeur": "9,5cm",
      "longueur": "17 cm"
    },
    "categorie": "couvert_a_salade",
    "id": 20
  },
  {
    "photo": "https://cdn.laredoute.com/products/d/9/0/d90ab35651fca027c259aaae2d8d17fa.jpg?imgopt=twic&twic=v1/cover=250x250",
    "prix": "72.50",
    "titre": "SABRE Couverts à salade - Katmandou",
    "full_description": "Sans bisphénol A conformément à la loi 2012-1442 /n    Passe au lave-vaisselle à 45°C maximum /n    Ne passe pas au four micro-ondes Ne passe pas au four traditionne. /n Bois stratifié 65-70% de bois et 35-30% de résine thermostable inox 18/10 - Manche acrylique",
    "caracteristiques": {
      "Couleurs": "Nacre, Bois Stratifié Clair, Bois Stratifié Noir",
      "Tailles": "Taille Unique"
    },
    "categorie": "couvert_a_salade",
    "id": 21
  },
  {
    "photo": "https://cdn.laredoute.com/products/e/7/c/e7ca3e69e588bf8ab040b30b6d549d5d.jpg?imgopt=twic&twic=v1/cover=250x250",
    "prix": "58.00",
    "titre": "SABRE Couverts à salade - Djembe",
    "full_description": "    Sans bisphénol A conformément à la loi 2012-1442 /n  Passe au lave-vaisselle à 45°C maximum /n Ne passe pas au four micro-ondes /n Ne passe pas au four traditionnel /n  Bois stratifié 65-70% de bois et 35-30% de résine thermostable inox 18/10 /n - Manche acrylique /n",
    "caracteristiques": {
      "Couleurs ": "Effet Corne, Bois Stratifié Clair, Effet Ecaille, Ivoire",
      "Tailles ": "Taille Unique"
    },
    "categorie": "couvert_a_salade",
    "id": 22
  },
  {
    "photo": "https://cdn.laredoute.com/products/6/2/e/62ed3a51b9929523e7fbcb77203347cd.jpg?imgopt=twic&twic=v1/cover=250x250",
    "prix": "51.00",
    "titre": "SABRE Couverts à salade - Pop unis",
    "full_description": "    Sans bisphénol A conformément à la loi 2012-1442 /n    Passe au lave-vaisselle à 45°C maximum /n    Ne passe pas au four micro-ondes /n  Ne passe pas au four traditionnel inox 18/10 /n - Manche acrylique /n",
    "caracteristiques": {
      "Couleurs": "Aubergine",
      "Tailles": "Taille Unique"
    },
    "categorie": "couvert_a_salade",
    "id": 23
  },
  {
    "photo": "https://cdn.laredoute.com/products/7/d/a/7da868f1722a25a777a636d1343b8736.jpg?imgopt=twic&twic=v1/cover=250x250",
    "prix": "58.00",
    "titre": "Couverts à salade - Nature",
    "full_description": "    Sans bisphénol A conformément à la loi 2012-1442 /n Ne passe pas au four micro-ondes Ne passe pas au four traditionnel /n Bois stratifié 65-70% de bois et 35-30% de résine thermostable inox 18/10 /n",
    "caracteristiques": {
      "Couleurs": "Effet Corne",
      "Taille": "Taille Unique"
    },
    "categorie": "couvert_a_salade",
    "id": 24
  },
  {
    "photo": "https://cdn.laredoute.com/products/6/9/4/694b8eb1cfc0f9345df392b551ae310e.jpg?imgopt=twic&twic=v1/resize=392",
    "prix": "51.00",
    "titre": "Couverts à salade - Icône",
    "full_description": "    Sans bisphénol A conformément à la loi 2012-1442 /n Passe au lave-vaisselle à 45°C maximum /n Ne passe pas au four micro-ondes /n Ne passe pas au four traditionnel inox 18/10 /n - Manche acrylique /n",
    "caracteristiques": {
      "Couleurs": "Aubergine Blanc",
      "Taille": "Taille Unique"
    },
    "categorie": "couvert_a_salade",
    "id": 25
  },
  {
    "photo": "https://cdn.laredoute.com/products/0/3/d/03d9122a6afe85bd31f66fbe8ff665f3.jpg?imgopt=twic&twic=v1/cover=250x250",
    "prix": "75.50",
    "titre": "SABRE Couverts à salade - Bambou ",
    "full_description": "    Sans bisphénol A conformément à la loi 2012-1442 /n    Passe au lave-vaisselle à 45°C maximum /n   Ne passe pas au four micro-ondes /n    Ne passe pas au four traditionnel /n  Bois stratifié 65-70% de bois et 35-30% de résine thermostable   inox 18/10 /n - Manche bois stratifié /n",
    "caracteristiques": {
      "Couleurs": "Bois Stratifié Clair",
      "Tailles ": "Taille Unique"
    },
    "categorie": "couvert_a_salade",
    "id": 26
  },
  {
    "photo": " https://cdn.laredoute.com/products/e/e/a/eea01700dbb6eb3098e14864beb0bfa8.jpg?imgopt=twic&twic=v1/cover=250x250",
    "prix": "58.00",
    "titre": "SABRE Couverts à salade - Tortue ",
    "full_description": "    Sans bisphénol A conformément à la loi 2012-1442Passe au lave-vaisselle à 45°C maximum /n    Ne passe pas au four micro-ondes  /n   Ne passe pas au four traditionnel inox 18/10 /n - Manche acrylique /n",
    "caracteristiques": {
      "Couleurs ": "Effet Ecaille",
      "Tailles ": "Taille Unique"
    },
    "categorie": "couvert_a_salade",
    "id": 27
  },
  {
    "photo": "https://cdn.laredoute.com/products/6/b/9/6b93a2a29865d139f5f2230b97e7f94e.jpg?imgopt=twic&twic=v1/cover=250x250",
    "prix": "58.00",
    "titre": "SABRE Couverts à salade - Panda",
    "full_description": "    Sans bisphénol A conformément à la loi 2012-1442 Apte au contact alimentaire    Ne passe pas au four micro-ondes    Ne passe pas au four traditionnel Ne passe pas au lave-vaisselle inox 18/10 - Manche en véritable bambou",
    "caracteristiques": {
      "Couleurs": "Bambou, Bambou Foncé",
      "Tailles": "Taille Unique"
    },
    "categorie": "couvert_a_salade",
    "id": 28
  },
  {
    "photo": "https://cdn.laredoute.com/products/c/3/9/c39fe5ceb3b450b8992d95e708bb1311.jpg?imgopt=twic&twic=v1/cover=250x250",
    "prix": "28.00",
    "titre": "TABLE PASSION Service de couverts à salade tigre",
    "full_description": "Ce service de deux couverts à salade au décor tigre argent sera votre indispensable du quotidien. les couverts ont une longueur de 26.5 cm. en plus de leur design raffiné ils seront très pratiques et utiles. ",
    "caracteristiques": {
      "Matière": "Inox",
      "Couleur": "Argent",
      "Longueur": "31,5cm",
      "Largeur": "14 cm",
      "Hauteur": "4 cm"
    },
    "categorie": "couvert_a_salade",
    "id": 29
  },
  {
    "photo": "https://cdn.laredoute.com/products/8/7/c/87c2314f104c9cd347ea4d5e5cad1e86.jpg?imgopt=twic&twic=v1/cover=250x250",
    "prix": "32.00",
    "titre": "AULICIA Coubers à salade - couleur violet",
    "full_description": "Service à salade violet effet brillant, idéal pour donner une touche de couleur dans vos plats. Aulica est une marque française spécialisée dans les arts de la table ",
    "caracteristiques": {
      "Couleurs ": "Violet",
      "Tailles ": "Taille Unique"
    },
    "categorie": "couvert_a_salade",
    "id": 30
  },
  {
    "photo": "https://cdn.laredoute.com/products/4/b/1/4b16e45d3731a94edb093250fc2c9014.jpg?imgopt=twic&twic=v1/cover=250x250",
    "prix": "32.00",
    "titre": "AULICIA Coubers à salade - couleur bleuté",
    "full_description": "Service à salade bleuté effet brillant, idéal pour donner une touche de couleur dans vos plats. Aulica est une marque française spécialisée dans les arts de la table ",
    "caracteristiques": {
      "Couleurs ": "Bleu",
      "Tailles ": "Taille Unique"
    },
    "categorie": "couvert_a_salade",
    "id": 31
  },
  {
    "photo": "https://cdn.laredoute.com/products/c/3/5/c3567ebd5edf1295e58438f3804ba4bb.jpg?imgopt=twic&twic=v1/cover=250x250",
    "prix": "28.00",
    "titre": "REINE MERE Couverts à salade sur socle GINKGO, Made in France",
    "full_description": " Couverts à salade en hêtre massif issu de FGD nourris à l'huile minérale, socle vernis, norme alimentaire ; fabriqués dans le Jura./Ne pas mettre au lave vaisseille.",
    "caracteristiques": {
      "Composition détaillée": "100% hêtre massif",
      "largeur": "14.2 cm",
      "hauteur": "29.2 cm"
    },
    "categorie": "couvert_a_salade",
    "id": 32
  },
  {
    "photo": "https://cdn.laredoute.com/products/2/e/9/2e91ccdb0827c41fcaf22b8c5e290e27.jpg?imgopt=twic&twic=v1/cover=250x250",
    "prix": "49.50",
    "titre": "SABRE Couverts à salade - Toile de jouy",
    "full_description": "    Sans bisphénol A conformément à la loi 2012-1442 /n    Apte au contact alimentaire /n    Passe au lave-vaisselle à 45°C maximum /n   Ne passe pas au four micro-ondes /n    Ne passe pas au four traditionnel /n inox 18/10 - Manche nylon vernis /n",
    "caracteristiques": {
      "Couleurs ": "Bleus",
      "Tailles": "Taille Unique"
    },
    "categorie": "couvert_a_salade",
    "id": 33
  },
  {
    "photo": "https://cdn.laredoute.com/products/7/c/d/7cdc9a6d9891ce0ae36202a842553571.jpg?imgopt=twic&twic=v1/cover=250x250",
    "prix": "38.70",
    "titre": "AULICIA Couverts à salade MOONLIGHT",
    "full_description": "Set de couverts XL a salade avec un décor floral, idéal pour les grandes réception d'été en inox,",
    "caracteristiques": {
      "Dimension": "35cm x 1cm",
      "Composition détailée": "100% acier inoxydable",
      "Couleurs": "Argent",
      "Tailles": "Taille Unique"
    },
    "categorie": "couvert_a_salade",
    "id": 34
  },
  {
    "photo": "https://cdn.laredoute.com/products/1/0/5/105f822238e04f5680a21e26b7eeaf45.jpg?imgopt=twic&twic=v1/cover=250x250",
    "prix": "9.80",
    "titre": "TABLE PASSION Couverts à salade moderne 34cm",
    "full_description": "Une forme originale et moderne pour ces couverts à salade en inox brossé.",
    "caracteristiques": {
      "Matière": "Inox ",
      "Couleur ": "argent",
      "Longueur": " 34 cm",
      "Largeur": "5.5 cm"
    },
    "categorie": "couvert_a_salade",
    "id": 35
  },
  {
    "photo": "https://cdn.laredoute.com/products/4/7/d/47d30ec5e293fc893d3c3fc8cb232413.jpg?imgopt=twic&twic=v1/cover=250x250",
    "prix": "13.00",
    "titre": "TABLE PASSION Couverts à salade zigzag 30 cm",
    "full_description": "Ces magnifiques couverts à salade vont vous séduire ! le bois chaleureux de l'acacia et leur forme contemporaine feront sensation auprès de vos convives. nettoyer avec un chiffon humide, sécher immédiatement.",
    "caracteristiques": {
      "Matière ": "Bois ",
      "largeur": "7,5 cm",
      "hauteur": "7,5cm",
      "longueur": "7,5cm"
    },
    "categorie": "couvert_a_salade",
    "id": 36
  },
  {
    "photo": "https://cdn.laredoute.com/products/3/e/8/3e8d9c619c8839d865d98737f437c977.jpg?imgopt=twic&twic=v1/resize=400",
    "prix": "17.90",
    "titre": "T ET G WOODWARE Couverts à salade acacia ",
    "full_description": "Couverts à salade acacia marron T ET G WOODWARE /n Ces magnifiques couverts à salade vont vous séduire ! le bois chaleureux de l'acacia et leur forme contemporaine feront sensation auprès de vos convives. nettoyer avec un chiffon humide, sécher immédiatement. /n",
    "caracteristiques": {
      "Tailles ": "Taille Unique",
      "Couleur ": "marron ",
      "Longueur": "29 cm",
      "Largeur": "9 cm"
    },
    "categorie": "couvert_a_salade",
    "id": 37
  }
]