[
  {
    "photo": "https://static.zarahome.net/8/photos4/2021/I/4/1/p/1258/049/052/1258049052_7_1_3.jpg?t=1628840709843",
    "prix": "35,99€",
    "titre": "Range-couverts anse",
    "full_description": "Range-couverts en bois d’acacia avec quatre compartiments et anse en métal doré.",
    "caracteristiques": {
      "Largeur": "28 cm",
      "Hauteur": "5,50 cm",
      "Profondeur": "32 cm"
    },
    "categorie": "range_couverts",
    "id": 0
  },
  {
    "photo": "https://static.zarahome.net/8/photos4/2021/I/4/1/p/1222/049/052/1222049052_7_1_3.jpg?t=1632732220580",
    "prix": "35,99€",
    "titre": "Range-couverts tressé",
    "full_description": "Range-couverts tressé avec compartiments et anse.",
    "caracteristiques": {
      "Largeur": "26 cm",
      "Hauteur": "5 cm",
      "Profondeur": "43 cm"
    },
    "categorie": "range_couverts",
    "id": 1
  },
  {
    "photo": "https://static.zarahome.net/8/photos4/2021/I/4/1/p/1259/049/733/1259049733_7_1_3.jpg?t=1628697563948",
    "prix": "25,99€",
    "titre": "RANGE-COUVERTS LAQUE BLANC",
    "full_description": "Range-couverts blanc en fer laqué avec compartiments",
    "caracteristiques": {
      "Largeur": "35 cm",
      "Hauteur": "5 cm",
      "Profondeur": "24 cm"
    },
    "categorie": "range_couverts",
    "id": 2
  }
]