[
  {
    "photo": "https://static.bhv.fr/media/732/73276356/G_73276356_85_VPM_1.jpg",
    "prix": "49.00",
    "titre": "GUZZINI Boie à pain blanc lait 10L",
    "full_description": "Boîte à pain Tierra couleur blanc lait, d'une contenance de 10 litres et disposant d'un couvercle en Bambou.",
    "caracteristiques": {
      "Couleur": "Blanc",
      "Hauteur": "19",
      "Longueur": "39,2 cm",
      "Largeur": " 23,2 cm",
      "Composition": "100% plastique recyclé post-consommation, bambou"
    },
    "categorie": "bento_et_lunch_box",
    "id": 0
  },
  {
    "photo": "https://static.bhv.fr/media/492/49237461/G_49237461_38_VPM_1.jpg",
    "prix": "34.95",
    "titre": "BLACK + BLUM Boîte à sandwich Stainless Steel acier olive 22x15 cm",
    "full_description": "Cette boîte à sandwich robuste, fabriquée en acier inoxydable et bambou, est idéale pour transporter votre sandwich, vos fromages ou votre charcuterie.",
    "caracteristiques": {
      "Couleur": "Acier",
      "Hauteur": "5",
      "Longueur": "22 cm",
      "Largeur": "15 cm",
      "Composition": "Acier Inoxydable, Bambou et silicone"
    },
    "categorie": "bento_et_lunch_box",
    "id": 1
  },
  {
    "photo": "https://static.bhv.fr/media/763/76317914/G_76317914_384_VPM_1.jpg",
    "prix": "42.90",
    "titre": "MONBENTON Bento MB Original rose natural 1L",
    "full_description": "Le Bento du quotidien, made in France, inspiré du bento japonais et adapté à la gastronomie occidentale. /n Le MB Original est le compagnon idéal pour les déjeuners au bureau, pique-niques et autres collations. /n Rendu unique par son design, reconnu par des prix internationaux, sa matière haute qualité vous garantit une utilisation durable dans le temps ! /n",
    "caracteristiques": {
      "Couleur": "Rose",
      "Hauteur": "10",
      "Longueur": "18,5 cm",
      "Largeur": " 9,4 cm",
      "Composition": "Pbt / pp / silicone / elasthane"
    },
    "categorie": "bento_et_lunch_box",
    "id": 2
  },
  {
    "photo": "https://static.bhv.fr/media/674/67496495/G_67496495_384_VPM_1.jpg",
    "prix": "5.50",
    "titre": "KOZIOL Boîte à repa Organic rose",
    "full_description": "Compacte et hygiénique, cette mini boîte à repas en plastique (sans BPA) est parfaite pour transporter son goûter à l’école, son déjeuner au bureau, son casse-croûte en pique-nique ou en randonnée… /n Avec son petit format, cette boîte à repas accueillera des fruits, de la charcuterie, une part de gâteau ou de fromage, des biscuits, du pain… /n Elle est munie d'un système de verrouillage à clips. /n ",
    "caracteristiques": {
      "Couleur": "Rose",
      "Hauteur": "6",
      "Longueur": "15 cm",
      "Largeur": " 11 cm",
      "Composition": "Thermoplastique"
    },
    "categorie": "bento_et_lunch_box",
    "id": 3
  },
  {
    "photo": "https://static.bhv.fr/media/599/59984389/G_59984389_85_VPM_1.jpg",
    "prix": "39.90",
    "titre": "MONBTENTO Bento du quotidien Oirginal Graphic blossom blanc 1L",
    "full_description": "Le Bento du quotidien Made in France : inspiré du bento japonais et adapté à la gastronomie occidentale, le MB Original est le compagnon idéal pour les déjeuners au bureau, pique-niques et autres collations.",
    "caracteristiques": {
      "Couleur": "Blanc",
      "Hauteur": "10",
      "Longueur": "18,5 cm",
      "Largeur": " 9,4 cm",
      "Composition": "Pbt, pp, silicone, elasthane"
    },
    "categorie": "bento_et_lunch_box",
    "id": 4
  },
  {
    "photo": "https://static.bhv.fr/media/942/94260353/G_94260353_320_VPM_2.jpg",
    "prix": "29.90",
    "titre": "MONBENTO Boîte bento carrée square noir onyx 1,7L",
    "full_description": "Le Bento des bons mangeurs : d’une contenance presque 2 fois supérieure à celle de son cousin le MB Original, le MB Square est paré pour satisfaire la faim des plus gourmands. Plus haut, chaque compartiment peut accueillir grandes salades, sandwiches généreux et plats copieux. Un moyen idéal de transporter également le pique-nique familial !",
    "caracteristiques": {
      "Couleur": "Noir",
      "Hauteur": "14 cm",
      "Longueur": "14 cm",
      "Largeur": " 14 cm",
      "Composition": "PP, silicone, elasthane"
    },
    "categorie": "bento_et_lunch_box",
    "id": 5
  },
  {
    "photo": "https://static.bhv.fr/media/477/47709391/G_47709391_320_VPM_1.jpg",
    "prix": "38.00",
    "titre": "MONBENTO Bento origianlnoir onyx",
    "full_description": "Inspiré du bento japonais et adapté à la gastronomie occidentale, le MB Original est le compagnon idéal pour les déjeuners au bureau, pique-niques et autres collations.",
    "caracteristiques": {
      "Couleur": "Noir",
      "Hauteur": "10 cm",
      "Longueur": "18,5 cm",
      "Largeur": " 9,4 cm",
      "Composition": "Plastique, Plastique, silicone et élasthanne"
    },
    "categorie": "bento_et_lunch_box",
    "id": 6
  },
  {
    "photo": "https://static.bhv.fr/media/759/75926167/G_75926167_344_VPM_1.jpg",
    "prix": "28.95",
    "titre": "BLACK + BLUM Lunch Box Original olive 1000 ml",
    "full_description": "La Lunch Box Original comprend en plus du contenant principal, un récipient intérieur ainsi qu'un pot à sauce, tous les deux hermétiques et une fourchette en acier.",
    "caracteristiques": {
      "Couleur": "Olive",
      "Hauteur": "20 cm",
      "Longueur": "20 cm",
      "Largeur": " 5,5 cm",
      "Composition": "Silicone - polypropylène et copolyester (sans bpa ) tritan"
    },
    "categorie": "bento_et_lunch_box",
    "id": 7
  },
  {
    "photo": "https://static.bhv.fr/media/684/68468276/G_68468276_386_VPM_1.jpg",
    "prix": "42.99",
    "titre": "MOBENTO Bento MB Original rose flamingo 1L",
    "full_description": "Inspiré du bento japonais et adapté à la gastronomie occidentale, le MB Original est le compagnon idéal pour les déjeuners au bureau, pique-niques et autres collations.",
    "caracteristiques": {
      "Couleur": "Rose et blanc",
      "Hauteur": "10 cm",
      "Longueur": "18,5 cm",
      "Largeur": " 9,4 cm",
      "Composition": "Pbt"
    },
    "categorie": "bento_et_lunch_box",
    "id": 8
  },
  {
    "photo": "https://static.bhv.fr/media/521/52190481/G_52190481_262_VPM_1.jpg",
    "prix": "39.90",
    "titre": "MONBENTO Monbento MB original - jungle 1L",
    "full_description": "Le MB Original est le compagnon idéal pour les déjeuners au bureau, pique-niques et autres collations. ",
    "caracteristiques": {
      "Couleur": "Jungle Green",
      "Composition": "Silicone, Pp / silicone / élasthanne"
    },
    "categorie": "bento_et_lunch_box",
    "id": 9
  },
  {
    "photo": "https://static.bhv.fr/media/763/76317903/G_76317903_230_VPM_2.jpg",
    "prix": "45.90",
    "titre": "MONBENTO Bento isotherme MB Element graphic gingko 550 ml",
    "full_description": "a Lunch box isotherme permet de maintenir au chaud ou au froid les aliments jusqu'à 10h. /n Sa forme compacte, son poids mini et sa poignée ergonomique la rendent facile à transporter et à utiliser au quotidien. /n 100% hermétique grâce à son pas de vis et ses matériaux de qualité. /n     Marque /n     Monbento /n ",
    "caracteristiques": {
      "Couleur": "Gris",
      "Longueur": "11,4 cm",
      "Largeur": " 13 cm",
      "Composition": "Acier inoxydable 304 / pp / silicone"
    },
    "categorie": "bento_et_lunch_box",
    "id": 10
  },
  {
    "photo": "https://static.bhv.fr/media/726/72666752/G_72666752_378_VPM_1.jpg",
    "prix": "46.90",
    "titre": "MONBTENTO Lunch Box MB Original graphic ginko beige et bleu 1L",
    "full_description": "Inspiré du bento japonais et adapté à la gastronomie occidentale, le MB Original est le compagnon idéal pour les déjeuners au bureau, pique-niques et autres collations.",
    "caracteristiques": {
      "Couleur": "Coloris Unique",
      "Hauteur": "10 cm",
      "Longueur": "18,5 cm",
      "Largeur": " 9,4 cm",
      "Composition": "Pbt /pp / silicone / elasthane"
    },
    "categorie": "bento_et_lunch_box",
    "id": 11
  },
  {
    "photo": "https://static.bhv.fr/media/3004033/300403362512/G_300403362512_435_VPM_1.jpg",
    "prix": "152.00",
    "titre": "Les Jardins de la Comtesse Panier pique-nique Concorde pour 4 personnes avec glacière intégrée",
    "full_description": "Un panier pique-nique complet et élégant en osier couleur miel. Son intérieur est en tissu taupe et blanc. /n Il mélange tradition et modernité grâce à ses couverts au design moderne. Il a des verres à pied et des timbales pour l'eau ou le café. Ce panier conçu pour partager un instant privilégié à deux entre amoureux ou amis. /n Toute la base forme un compartiment isotherme pour y garder les produits et les boissons au frais. Vous pouvez le transporter facilement grâce à sa poignée centrale ou à sa sangle réglable pour le porter facilement en bandoulière.  /n ",
    "caracteristiques": {
      "Couleur": "Taupe",
      "Hauteur": "24 cm",
      "Longueur": "45 cm",
      "Largeur": "31 cm"
    },
    "categorie": "bento_et_lunch_box",
    "id": 12
  },
  {
    "photo": "https://static.bhv.fr/media/3004050/300405087566/G_300405087566_101_VPM_1.jpg",
    "prix": "149.90",
    "titre": "LES JARDINS DE LA COMTESSE Panier pique-Nique 4 personnes en osier Fontainebleau",
    "full_description": "Un panier pique-nique qui va ravir les amoureux entre amis ou en famille ! Le panier pique-nique Fontainebleau a été fabriqué artisanalement en osier naturel. Celui-ci a été conçu pour 4 personnes, de quoi sublimer vos déjeuners entre amis ou en famille, le weekend dans un parc ou sur la plage. Chic et pratique, vous trouverez à l'intérieur du panier Fontainebleau 4 casiers pour y ranger les verres, ainsi qu'un compartiment isotherme muni d'une fermeture éclair. Ce compartiment vous sera très pratique pour maintenant au frais ou au chaud vos aliments le temps de trouver l'endroit idéal pour pique-niquer. Attachez une bouteille à l'intérieur de celui-ci, grâce aux lanières se trouvant dans le compartiment isotherme. Le panier Fontainebleau est doublé un tissu en coton imprimé de rayures verticales bleues et blanches qui lui apporte beaucoup de modernité.",
    "caracteristiques": {
      "Couleur": "Bleu",
      "Hauteur": "22 cm",
      "Longueur": "51 cm",
      "Largeur": "36 cm",
      "Matière": "Bois"
    },
    "categorie": "bento_et_lunch_box",
    "id": 13
  },
  {
    "photo": "https://static.bhv.fr/media/758/75897879/G_75897879_401_VPM_1.jpg",
    "prix": "36.00",
    "titre": "QWETCH Boîte à repas isotherme Flowers rouge 650 ml",
    "full_description": "Isotherme, étanche et compacte, en inox et sans BPA, cette boîte à repas vous permet d’emporter partout avec vous vos plats et soupes préférés tout en conservant la bonne température des aliments et leurs bienfaits. /n Grâce à sa double paroi, elle peut maintenir au chaud jusqu'à 5 h et au froid jusqu'à 7 h. /n L'intérieur du couvercle est aussi en inox 304 (18/8) pour le contact alimentaire et ainsi n'altère ni les goûts ni les saveurs. /n ",
    "caracteristiques": {
      "Couleur": "Rouge",
      "Hauteur": "9,7 cm",
      "Longueur": "15 cm",
      "Matière": "Inox"
    },
    "categorie": "bento_et_lunch_box",
    "id": 14
  },
  {
    "photo": "https://static.bhv.fr/media/684/68468302/G_68468302_95_VPM_1.jpg",
    "prix": "29.95",
    "titre": "MONBENTO Bento MB Capsule Graphic blossom 0,28L",
    "full_description": "Avec son format compact et léger, la petite boite bento isotherme MB Capsule peut se glisser partout ! /n Elle permet de transporter facilement vos entrées, desserts ou snacks maintenus au chaud ou au froid grâce à sa contenance totale de 280 ml. /n Conçue pour faciliter votre quotidien, le MB Capsule passe au lave-vaisselle (sans le couvercle) et garde votre repas au chaud ou au froid jusqu’à 5h (en fonction du contenu et des conditions d’utilisation). /n Dites adieu aux micro-ondes et réfrigérateurs ! /n ",
    "caracteristiques": {
      "Couleur": "Blanc et Rouge",
      "Hauteur": "11,8 cm",
      "Longueur": "8,4 cm",
      "Matière": "Acier"
    },
    "categorie": "bento_et_lunch_box",
    "id": 15
  },
  {
    "photo": "https://static.bhv.fr/media/463/46337051/G_46337051_101_VPM_1.jpg",
    "prix": "THERMOS Porte aliment King 710ml",
    "titre": "49.90",
    "full_description": "Porte aliments isotherme en acier inoxydable doté d'une isolation par vide d'air entre double paroi qui permet de conserver les aliments chauds 9 heures et les aliments froids 12 heures.",
    "caracteristiques": {
      "Couleur": "Bleu",
      "Matière": "Acier"
    },
    "categorie": "bento_et_lunch_box",
    "id": 16
  },
  {
    "photo": "https://static.bhv.fr/media/758/75897846/G_75897846_453_VPM_1.jpg",
    "prix": "49.90",
    "titre": "THERMOS Boîte repas King acier inox 710 ml",
    "full_description": "Boîte de repas isotherme, à vide double paroi, pour un maintien de la température optimal chaud ou froid, en acier inox. /n Maintien au chaud 9 heures, au froid 14 heures. /n ",
    "caracteristiques": {
      "Couleur": "Vert",
      "Hauteur": "18 cm",
      "Longueur": "10 cm",
      "Largeur": "9,3 cm",
      "Matière": "Inox"
    },
    "categorie": "bento_et_lunch_box",
    "id": 17
  },
  {
    "photo": "https://static.bhv.fr/media/3004048/300404849766/G_300404849766_114_VPM_1.jpg",
    "prix": "84.90",
    "titre": "LES JARDINS DE LA COMTESSE Sac à dos pique-nique Escapade - 4 personnes avec ses assiettes",
    "full_description": "Vous aimez les randonnées à plusieurs Emportez avec vous votre sac à dos pique-nique, pour profiter d'un repas convivial en plein air ! /n Le plus de ce sac à dos pique-nique : il est équipé d'assiettes écologiques et biodégradables. D'un beau bleu, il est parfait pour vos randonnées ! Craquez pour son design à la mode, avec ses deux grandes lanières marron simili cuir qui recouvrent le devant de ce sac. Pratique et ergonomique, il possède un grand compartiment isotherme qui peut se zipper, pour transporter facilement votre picnic /n ",
    "caracteristiques": {
      "Couleur": "Bleu et marron",
      "Hauteur": "44 cm",
      "Longueur": "29 cm",
      "Largeur": "15 cm"
    },
    "categorie": "bento_et_lunch_box",
    "id": 18
  },
  {
    "photo": "https://static.bhv.fr/media/684/68468300/G_68468300_453_VPM_3.jpg",
    "prix": "29.95",
    "titre": "MONBENTO Bento MB Capsule imprimé jungle vert 0,28L",
    "full_description": "Le petit bento isotherme avec son format compact et léger, peut se glisser partout ! /n Il permet de transporter facilement vos entrées, desserts ou snacks maintenus au chaud ou au froid grâce à sa contenance totale de 280 ml. /n Conçu pour faciliter votre quotidien, le MB Capsule passe au lave-vaisselle (sans le couvercle) et garde votre repas au chaud ou au froid jusqu’à 5h (en fonction du contenu et des conditions d’utilisation). /n Dites adieu aux micro-ondes et réfrigérateurs ! /n ",
    "caracteristiques": {
      "Couleur": "Vert",
      "Hauteur": "11,8 cm",
      "Longueur": "8,4 cm",
      "Largeur": "8,4 cm",
      "Matière": "Acier"
    },
    "categorie": "bento_et_lunch_box",
    "id": 19
  },
  {
    "photo": "https://static.bhv.fr/media/712/71202869/G_71202869_244_VPM_1.jpg",
    "prix": "36.95",
    "titre": "BLACK + BLUM Lunch Box verre et acier 750 ml slate",
    "full_description": "Un bol léger en verre borosilicaté de 750 ml, avec une base protectrice isolante en polypropylène combiné avec de la fibre de bois d'origine durable et un couvercle en acier inoxydable, 100% étanche.  /n Le couvercle intérieur en silicone empêche les éclaboussures lors du passage au micro-ondes et le récipient extérieur protège le bol en verre et le rend facile à prendre après passage au micro-ondes.  /n Le couvercle en acier inoxydable de qualité se visse sur la base fournissant un tout étanche et hermétique. /n Notre nouvelle gamme de boites repas en verre, étanches et légères, sont disponibles en trois tailles et deux couleurs, Amande ou Ardoise.  /n Cette Lunch Box va au micro-ondes, y compris la base en fibre de bois pour une manipulation facile à chaud (à l'exception du couvercle en acier inoxydable). /n Elle passe au lave-vaisselle et va au congélateur, sans BPA.",
    "caracteristiques": {
      "Couleur": "Gris foncé",
      "Diamètre": "14,5 cm",
      "Hauteur": "8 cm",
      "Matière": "Divers, Verre, acier inoxydable, polypropylène avec fibre de bois et silicone"
    },
    "categorie": "bento_et_lunch_box",
    "id": 20
  },
  {
    "photo": "https://static.bhv.fr/media/763/76317905/G_76317905_101_VPM_1.jpg",
    "prix": "46.99",
    "titre": "MONBENTO Bento isotherme MB element graphic 550 ml",
    "full_description": "La Lunch box isotherme permet de maintenir au chaud ou au froid les aliments jusqu'à 10h. /n Sa forme compacte, son poids mini et sa poignée ergonomique la rendent facile à transporter et à utiliser au quotidien. /n 100% hermétique grâce à son pas de vis et ses matériaux de qualité. /n ",
    "caracteristiques": {
      "Couleur": "Bleu",
      "Hauteur": "11,4 cm",
      "Longueur": "13 cm",
      "Matière": "Acier inoxydable 304 / pp / silicone"
    },
    "categorie": "bento_et_lunch_box",
    "id": 21
  },
  {
    "photo": "https://static.bhv.fr/media/3004033/300403342697/G_300403342697_88_VPM_1.jpg",
    "prix": "129.00",
    "titre": "LES JARDINS DE LA COMPTESSE Panerier pique-nique Marine - 2 personnes",
    "full_description": "Un panier pique-nique complet et élégant en osier naturel patiné de blanc cassé avec son intérieur en tissu bleu à rayure blanche pour un pique-nique chic et raffiné. /n Ce panier a été créé pour un pique-nique en tête à tête, pour les amoureux. Toute la base forme un compartiment isotherme pour y garder les produits et les boissons au frais. Il est livré avec une magnifique couverture de pique-nique de même tissu au revers imperméable. Vous pouvez le transporter facilement grâce à sa poignée centrale ou sa sangle réglable en tissu bleu marine. /n Existe aussi en 4 et 6 personnes ! /n ",
    "caracteristiques": {
      "Couleur": "Bleu et blanc",
      "Hauteur": "40 cm",
      "Longueur": "28 cm",
      "Largeurr": "23 cm",
      "Matière": "Bois"
    },
    "categorie": "bento_et_lunch_box",
    "id": 22
  },
  {
    "photo": "https://static.bhv.fr/media/758/75897910/G_75897910_401_VPM_1.jpg",
    "prix": "31.00",
    "titre": "QWETCH Boîte à repas isotherme Flower rouge",
    "full_description": "Isotherme, étanche et compacte, en inox et sans BPA, cette boîte à repas vous permet d’emporter partout avec vous vos plats et soupes préférés tout en conservant la bonne température des aliments et leurs bienfaits. /n Grâce à sa double paroi, elle peut maintenir au chaud jusqu'à 5 h et au froid jusqu'à 7 h. /n L'intérieur du couvercle est aussi en inox 304 (18/8) pour le contact alimentaire et ainsi n'altère ni les goûts ni les saveurs. /n ",
    "caracteristiques": {
      "Couleur": "Rouge",
      "Diamètre": "7,8 cm",
      "Longueur": "12,5 cm",
      "Matière": "Inox"
    },
    "categorie": "bento_et_lunch_box",
    "id": 23
  },
  {
    "photo": "https://static.bhv.fr/media/763/76317926/G_76317926_101_VPM_2.jpg",
    "prix": "27.90",
    "titre": "MONBENTON Bento enfant MB Trésor graphic cosmic",
    "full_description": "E´cole, salle de jeux, plein air, le bento des enfants s’emporte partout. Il protège le contenu des folles aventures des gourmets en culottes courtes. /n Ide´al pour apprendre aux enfants les bienfaits d’une alimentation saine, Monbento l’a pense´ comme un compagnon solide et amusant /n ",
    "caracteristiques": {
      "Couleur": "Bleu",
      "Hauteur": "16 cm",
      "Longueur": "9,2 cm",
      "Largeurr": "10,4 cm",
      "Matière": "Pp / silicone"
    },
    "categorie": "bento_et_lunch_box",
    "id": 24
  },
  {
    "photo": "https://static.bhv.fr/media/758/75897910/G_75897910_401_VPM_1.jpg",
    "prix": "31.00",
    "titre": "QWETCH Boîte à repas isotherme Flower rouge",
    "full_description": "Isotherme, étanche et compacte, en inox et sans BPA, cette boîte à repas vous permet d’emporter partout avec vous vos plats et soupes préférés tout en conservant la bonne température des aliments et leurs bienfaits. /n Grâce à sa double paroi, elle peut maintenir au chaud jusqu'à 5 h et au froid jusqu'à 7 h. /n L'intérieur du couvercle est aussi en inox 304 (18/8) pour le contact alimentaire et ainsi n'altère ni les goûts ni les saveurs. /n ",
    "caracteristiques": {
      "Couleur": "Rouge",
      "Diamètre": "7,8 cm",
      "Longueur": "12,5 cm",
      "Matière": "Inox"
    },
    "categorie": "bento_et_lunch_box",
    "id": 25
  },
  {
    "photo": "https://static.bhv.fr/media/797/79729895/G_79729895_453_VPM_1.jpg",
    "prix": "47.90",
    "titre": "MONBENTO Boîte MB Square Constellation 1,7l",
    "full_description": "Le Bento carré Made In France. /n Le MB Square, bento des plats généreux, rejoint les MB Original, MB Jar, MB Delight et MB Savor produits de la gamme Made in France ! /n Toujours équipé de bords hauts facilitant le mélange et la dégustation des salades, plats copieux et autres mets aux formats généreux (sandwiches), le MB Square accompagne les amateurs d'aventures nomades ! /n ",
    "caracteristiques": {
      "Couleur": "Vert",
      "Hauteur": "14 cm",
      "Longueur": "14 cm",
      "Largeurr": "14 cm",
      "Matière": "Pp"
    },
    "categorie": "bento_et_lunch_box",
    "id": 26
  },
  {
    "photo": "https://static.bhv.fr/media/758/75897877/G_75897877_278_VPM_1.jpg",
    "prix": "36.00",
    "titre": "QWETCH Boîte à repas isotherme Wood marron 650 ml",
    "full_description": "Isotherme, étanche et compacte, en inox et sans BPA, cette boîte à repas vous permet d’emporter partout avec vous vos plats et soupes préférés tout en conservant la bonne température des aliments et leurs bienfaits. /n Grâce à sa double paroi, elle peut maintenir au chaud jusqu'à 5 h et au froid jusqu'à 7 h. /n ",
    "caracteristiques": {
      "Couleur": "Marron",
      "Hauteur": "9,7 cm",
      "Longueur": "15 cm",
      "Matière": "Inox"
    },
    "categorie": "bento_et_lunch_box",
    "id": 27
  },
  {
    "photo": "https://static.bhv.fr/media/713/71307412/G_71307412_306_VPM_1.png",
    "prix": "44.90",
    "titre": "KAMBUKKA Boîte à repas isotherme Bora néon 600 ml",
    "full_description": "Cette boîte à repas isotherme de la collection Bora est parée d'un motif néon et peut contenir jusqu’à 600 ml. /n Elle peut conserver vos plats au chaud pendant 9 heures. /n ",
    "caracteristiques": {
      "Couleur": "Multicolore",
      "Contenance": "600 ml",
      "Hauteur": "13 cm",
      "Longueur": "10 cm",
      "Matière": "Inox/ bpa/silicone"
    },
    "categorie": "bento_et_lunch_box",
    "id": 28
  },
  {
    "photo": "https://static.bhv.fr/media/684/68468302/G_68468302_95_VPM_1.jpg",
    "prix": "29.95",
    "titre": "MONBENTON Bento MB Capsule Graphic blossom 0.28L",
    "full_description": "Avec son format compact et léger, la petite boite bento isotherme MB Capsule peut se glisser partout ! /n Elle permet de transporter facilement vos entrées, desserts ou snacks maintenus au chaud ou au froid grâce à sa contenance totale de 280 ml. /n ",
    "caracteristiques": {
      "Couleur": "Blanc et rouge",
      "Contenance": "0,28 L",
      "Hauteur": "11.8 cm",
      "Longueur": "8.4 cm",
      "Largeur": "8.4 cm",
      "Matière": "Inox/ bpa/silicone"
    },
    "categorie": "bento_et_lunch_box",
    "id": 29
  },
  {
    "photo": "https://static.bhv.fr/media/3004033/300403342711/G_300403342711_119_VPM_1.jpg",
    "prix": "335.00",
    "titre": "LES JARDINS DE LA COMTESSE Malle pique-nique Champs-Elysée Bleu 6 pers",
    "full_description": "La malle pique-nique en osier couleur miel et cuir haut-de-gamme à offrir ou à s’offrir pour un repas raffiné en bord de mer, à la campagne ou un picnic en ville. /n Cette couleur miel si particulière a été obtenue par un procédé de double étuvage millénaire. Luxe, tradition et raffinement se confondent pour un réel art de vivre à la française. /n Ce panier a été créé pour les amoureux du pique-nique chic qui aiment se retrouver nombreux en famille ou entre amis pour partager un moment magique et convivial. /n",
    "caracteristiques": {
      "Couleur": "Bleu foncé",
      "Hauteur": "62 cm",
      "Longueur": "44 cm",
      "Largeur": "23 cm",
      "Matière": "Bois"
    },
    "categorie": "bento_et_lunch_box",
    "id": 30
  },
  {
    "photo": "https://static.bhv.fr/media/3004033/300403362506/G_300403362506_60_VPM_1.jpg",
    "prix": "132.00",
    "titre": "LES JARDINS DE LA COMTESSE  Panier pique-nique Angers - 4 personnes",
    "full_description": "Un splendide panier pique-nique design et chic en osier et sa finition en cordage tressé. Un panier pique-nique pour 4 personnes en osier avec son intérieur beige et ses sangles de couleur marron. /n Classique et intemporel, il est idéal pour la chasse et la pêche. Son originalité réside dans son tressage vertical si particulier. La finition est en cordage naturel. /n Toute la base forme un compartiment isotherme pour y garder les produits au frais. Il est complété par un porte-bouteille isotherme extérieur amovible pour conserver une bouteille au frais. Facilement transportable avec sa poignée ou à sa sangle réglable pour le porter en bandoulière. /n ",
    "caracteristiques": {
      "Couleur": "Bleu foncé",
      "Hauteur": "22 cm",
      "Longueur": "46 cm",
      "Largeur": "31 cm",
      "Matière": "Bois"
    },
    "categorie": "bento_et_lunch_box",
    "id": 31
  },
  {
    "photo": "https://static.bhv.fr/media/759/75926167/G_75926167_344_VPM_2.jpg",
    "prix": "28.95",
    "titre": "Black + Bum Lunch box olive 1000 ml",
    "full_description": "La Lunch Box Original comprend en plus du contenant principal, un récipient intérieur ainsi qu'un pot à sauce, tous les deux hermétiques et une fourchette en acier. /n L'ensemble est fabriqué en Tritan, le couvercle dispose également d'un joint en silicone et quatre clips pour garantir une bonne tenue des aliments et l'étanchéité de la boîte. /n Les récipients amovibles sont un moyen facile de portionner et de séparer les aliments qui pourraient passer au micro-ondes./n ",
    "caracteristiques": {
      "Couleur": "Olive",
      "Hauteur": "5,5 cm",
      "Longueur": "20 cm",
      "Largeur": "20 cm",
      "Matière": "Silicone - polypropylène et copolyester (sans bpa ) tritan"
    },
    "categorie": "bento_et_lunch_box",
    "id": 32
  },
  {
    "photo": "https://static.bhv.fr/media/759/75926165/G_75926165_101_VPM_1.jpg",
    "prix": "28.95",
    "titre": "Black + Bum Lunch box océan bleu 1000 ml",
    "full_description": "La Lunch Box Original comprend en plus du contenant principal, un récipient intérieur ainsi qu'un pot à sauce, tous les deux hermétiques et une fourchette en acier. /n L'ensemble est fabriqué en Tritan, le couvercle dispose également d'un joint en silicone et quatre clips pour garantir une bonne tenue des aliments et l'étanchéité de la boîte. /n Les récipients amovibles sont un moyen facile de portionner et de séparer les aliments qui pourraient passer au micro-ondes.  /n Le récipient intérieur et le pot à sauce restent fermement en place une fois le couvercle fermé. /n ",
    "caracteristiques": {
      "Couleur": "Bleu",
      "Hauteur": "5,5 cm",
      "Longueur": "20 cm",
      "Largeur": "20 cm",
      "Matière": "Silicone - polypropylène et copolyester (sans bpa ) tritan"
    },
    "categorie": "bento_et_lunch_box",
    "id": 33
  },
  {
    "photo": "https://static.bhv.fr/media/684/68468300/G_68468300_453_VPM_1.jpg",
    "prix": "29.95",
    "titre": "MONBENTO Bento MB Capsule imprimé jungme vert 0.28L",
    "full_description": "Le petit bento isotherme avec son format compact et léger, peut se glisser partout ! /n Il permet de transporter facilement vos entrées, desserts ou snacks maintenus au chaud ou au froid grâce à sa contenance totale de 280 ml. /n Conçu pour faciliter votre quotidien, le MB Capsule passe au lave-vaisselle (sans le couvercle) et garde votre repas au chaud ou au froid jusqu’à 5h (en fonction du contenu et des conditions d’utilisation). /n ",
    "caracteristiques": {
      "Couleur": "Vert",
      "Hauteur": "11,8 cm",
      "Longueur": "8,4 cm",
      "Largeur": "8,4 cm",
      "Matière": "Acier"
    },
    "categorie": "bento_et_lunch_box",
    "id": 34
  },
  {
    "photo": "https://static.bhv.fr/media/763/76317950/G_76317950_378_VPM_2.jpg",
    "prix": "26.90",
    "titre": "MONBENTO Set de compartiements bento MB Extra",
    "full_description": "4 boîtes de compartimentation pour bento, 1 x S (95 ml) , 2 x M (2 x 150 ml), 1 x L (210 ml). /n Conçues pour remplir parfaitement votre bento MB Original, ces quatre petites food box aux formats différents le rendent encore plus pratique. /n",
    "caracteristiques": {
      "Couleur": "Coloris Unique ",
      "Hauteur": "17,6 cm",
      "Longueur": "6,3 cm",
      "Largeur": "8,3 cm",
      "Matière": "Pp, silicone"
    },
    "categorie": "bento_et_lunch_box",
    "id": 35
  },
  {
    "photo": "https://static.bhv.fr/media/3004033/300403362508/G_300403362508_101_VPM_1.jpg",
    "prix": "112.00",
    "titre": "LES JARDINS DE LA COMTESSE Panier pique-nique rond Tuileries 2 pers",
    "full_description": "Le panier pique-nique Tuilerie est un panier aux formes originales. Tout rond pour 2 personnes. Il sera donc parfait pour un pique-nique romantique à la bougie à la tombée de la nuit. /n De couleur foncée, le panier rond a été fabriqué artisanalement en osier naturel. Une fois ouvert, vous pourrez admirer son tissu en coton de couleur bleu (style jean). /,",
    "caracteristiques": {
      "Couleur": "Bleu",
      "Hauteur": "24 cm",
      "Diamètre": "43 cm",
      "Matière": "Bois"
    },
    "categorie": "bento_et_lunch_box",
    "id": 36
  },
  {
    "photo": "https://static.bhv.fr/media/463/46383089/G_46383089_384_VPM_1.jpg",
    "prix": "45.00",
    "titre": "THERMOS Boîte repas 0.47L King",
    "full_description": "Isolation à vide double paroi pour un maintien de la température optimal chaud ou froid, cuillère pliage en acier inox, bol en acier inoydable.",
    "caracteristiques": {
      "Couleur": "Rose",
      "Matière": "Acier Inoxydable"
    },
    "categorie": "bento_et_lunch_box",
    "id": 37
  },
  {
    "photo": "https://static.bhv.fr/media/758/75897874/G_75897874_378_VPM_1.jpg",
    "prix": "36.00",
    "titre": "QWETCH Boîte à repas isotherme Arty  650 ml",
    "full_description": "Isotherme, étanche et compacte, en inox et sans BPA, cette boîte à repas vous permet d’emporter partout avec vous vos plats et soupes préférés tout en conservant la bonne température des aliments et leurs bienfaits. /n Grâce à sa double paroi, elle peut maintenir au chaud jusqu'à 5 h et au froid jusqu'à 7 h. /n ",
    "caracteristiques": {
      "Couleur": "Multicolore",
      "Hauteur": "15 cm",
      "Diamètre": "9,7 cm",
      "Matière": "Inox"
    },
    "categorie": "bento_et_lunch_box",
    "id": 38
  },
  {
    "photo": "https://static.bhv.fr/media/732/73276367/G_73276367_306_VPM_1.jpg",
    "prix": "48.00",
    "titre": "Set de 3 boites Tierra avec couvercle bambou 0,5L",
    "full_description": "Set de trois boîtes Tierra de coloris argile, blanc lait et taupe, d'une contenance 3 x 0,5 litre et disposant de couvercles en bambou.",
    "caracteristiques": {
      "Couleur": "Bleu",
      "Matière": "100% plastique recyclé post-consommation"
    },
    "categorie": "bento_et_lunch_box",
    "id": 39
  }
]