[
  {
    "photo": "https://cdn.habitat.fr/thumbnails/product/1335/1335493/box/360/360/0/F4F4F4/set-de-24-couverts-en-metal_1335493.jpg",
    "prix": "69.00",
    "titre": "Ponton - Set de 24 couverts en métal",
    "full_description": "Ponton affiche un design efficace mais chic. C’est la ménagère parfaite pour embellir la table lors de repas en famille ou entre amis. Composée de 24 couverts en acier argenté inoxydable, la gamme Ponton comprend 6 couteaux, 6 fourchettes, 6 petites cuillères et 6 cuillères à soupe. Son rapport qualité prix est indiscutable.",
    "caracteristiques": {
      "Longueur": "27 cm",
      "Poids": "1800 g",
      "Hauteur": "24 cm",
      "Largeur": "21 cm"
    },
    "categorie": "menagere",
    "id": 0
  },
  {
    "photo": "https://cdn.habitat.fr/thumbnails/product/1335/1335653/box/360/360/0/F4F4F4/set-de-24-couverts-en-metal_1335653.jpg",
    "prix": "119.00",
    "titre": "Brighton - Ménagère en acier inoxydable - 24 pièces - Argenté",
    "full_description": "Brighton est une gamme Habitat incontournable des Arts de la table. En acier inoxydable, ces couverts et ménagères se déclinent en différents modèles pour répondre à tous les usages et à toutes les occasions. /n La ménagère Brighton se compose de 24 pièces soit de 6 fourchettes, 6 couteaux, 6 grandes cuillères et 6 petites cuillères. En métal, elle adopte un design, intemporel et élégant. Elle propose une finition miroir ainsi qu’un manche affiné aux contours arrondis. /n Compatible au lave-vaisselle, cette ménagère est simple d’entretien. /n",
    "caracteristiques": {
      "Longueur": "39 cm",
      "Poids": "2400 g",
      "Hauteur": "14 cm",
      "Largeur": "32 cm"
    },
    "categorie": "menagere",
    "id": 1
  },
  {
    "photo": "https://cdn.habitat.fr/thumbnails/product/1320/1320833/box/360/360/40/F4F4F4/menagere-24-pieces-inox-noir-mat_1320833.jpg",
    "prix": "115.00",
    "titre": "Ponton - Ménagère 24 pièces - Inox - Noir mat",
    "full_description": "La ménagère Ponton est composée de 24 couverts en inox 18/10 noir mat. Elle est idéale pour donner un ton à la fois moderne et chic à la décoration de votre table.  /n La ménagère Ponton s'associe parfaitement avec de la vaisselle noire comme la gamme Moon, mais également avec de l'acacia ou du rotin. /n",
    "caracteristiques": {
      "Longueur": "27 cm",
      "Poids": "1800 g",
      "Hauteur": "23 cm",
      "Largeur": "21 cm"
    },
    "categorie": "menagere",
    "id": 2
  },
  {
    "photo": "https://cdn.habitat.fr/thumbnails/product/1330/1330963/box/360/360/0/F4F4F4/set-de-24-couverts-en-metal_1330963.jpg",
    "prix": "95.00",
    "titre": "Burlo - Set de 24 couverts en métal",
    "full_description": "Chic et élégant, ce set de 24 couverts est composé de 6 couteaux, 6 fourchettes, 6 cuillères à soupe et à café. Par sa finition satinée, Burlo saura décorer votre table gracieusement.",
    "caracteristiques": {
      "Longueur": "47 cm",
      "Poids": "1360 g",
      "Hauteur": "19 cm",
      "Largeur": "30 cm"
    },
    "categorie": "menagere",
    "id": 3
  },
  {
    "photo": "https://cdn.habitat.fr/thumbnails/product/1335/1335241/box/360/360/0/F4F4F4/menagere-de-24-couverts-en-inox-18-10_1335241.jpg",
    "prix": "69.00",
    "titre": "Harry - Ménagère de 24 couverts en inox",
    "full_description": "La ménagère Harry contient 24 couverts en inox de haute qualité. ",
    "caracteristiques": {
      "Longueur": "20 cm",
      "Poids": "2230 g",
      "Hauteur": "23 cm",
      "Largeur": "27 cm"
    },
    "categorie": "menagere",
    "id": 4
  },
  {
    "photo": "https://cdn.habitat.fr/thumbnails/product/1334/1334895/box/360/360/0/F4F4F4/set-de-24-couverts-en-metal_1334895.jpg",
    "prix": "69.00",
    "titre": "Kansas - Set de 24 couverts en métal",
    "full_description": "Ce set de 24 couverts en métal est fabriqué en acier inoxydable pour une meilleure qualité et durabilité. Il est composé de 6 fourchettes, 6 couteaux, 6 cuillères à soupe et 6 cuillères à café. ",
    "caracteristiques": {
      "Longueur": "46 cm",
      "Poids": "2030 g",
      "Hauteur": "33 cm",
      "Largeur": "39 cm"
    },
    "categorie": "menagere",
    "id": 5
  },
  {
    "photo": "https://cdn.habitat.fr/thumbnails/product/1333/1333323/box/360/360/0/F4F4F4/menagere-en-inox-24-pieces-noir-mat_1333323.jpg",
    "prix": "115.00",
    "titre": "Olfl - Ménagère en inox - 24 pièces - Noir mat",
    "full_description": "Très originale, la ménagère Olfi propose 24 pièces en acier inoxydable d’un beau noir mat. Sa couleur sombre et intense réveille les tables et intrigue vos convives. /n La ménagère Olfi se compose de 6 couteaux, 6 fourchettes, 6 cuillères et 6 petites cuillères. La touche design de ce set est apportée par les manches en forme de bambou.  /n D’inspiration végétale et zen, cette ménagère se marie à merveille avec les assiettes et bols de la gamme Parma. /n",
    "caracteristiques": {
      "Longueur": "27 cm",
      "Poids": "2300 g",
      "Hauteur": "24 cm",
      "Largeur": "21 cm"
    },
    "categorie": "menagere",
    "id": 6
  },
  {
    "photo": "https://cdn.habitat.fr/thumbnails/product/1333/1333321/box/360/360/0/F4F4F4/menagere-en-inox-24-pieces-dore-mat_1333321.jpg",
    "prix": "99.00",
    "titre": "Ondra - Ménagère en inox - 24 pièces - Doré mat",
    "full_description": "La ménagère Ondra est en acier inoxydable. De couleur dorée et de finition mat, elle réveille votre table. /n La ménagère Ondra se compose de 24 pièces : 6 fourchettes, 6 couteaux, 6 cuillères et 6 petites cuillères. /nCette ménagère convient à un usage quotidien. Elle est également parfaite pour les repas de fêtes. Facile d'entretien, elle est compatible au lave-vaisselle./ n",
    "caracteristiques": {
      "Longueur": "27 cm",
      "Poids": "2430 g",
      "Hauteur": "23 cm",
      "Largeur": "20 cm"
    },
    "categorie": "menagere",
    "id": 7
  },
  {
    "photo": "https://cdn.habitat.fr/thumbnails/product/1333/1333319/box/360/360/0/F4F4F4/menagere-en-inox-24-pieces-motif-noir_1333319.jpg",
    "prix": "79.20",
    "titre": "Orea - Ménagère en inox - 24 pièces - Motif noir",
    "full_description": "De couleur argent, la ménagère Orea est en acier inoxydable. /n La ménagère Orea en inox se compose de 24 pièces : 6 fourchettes, 6 couteaux, 6 cuillères et 6 petites cuillères. Un motif à rayures noires, imprimé au laser est visible sur les manches de chacune de ces pièces. /n Cette ménagère convient à un usage quotidien intensif. Son design graphique se rapproche de celui des verres Omega de 16 et 13 cm de haut. /n ",
    "caracteristiques": {
      "Longueur": "27 cm",
      "Poids": "2070 g",
      "Hauteur": "23 cm",
      "Largeur": "20 cm"
    },
    "categorie": "menagere",
    "id": 8
  }
]