[
  {
    "photo": "https://static.bhv.fr/media/581/58127906/G_58127906_444_VPM_1.jpg",
    "prix": "56.90",
    "titre": "SALT & PEPPER 2 verres à Whisky avec carage Bar  80 cl et 2 x 30 cl",
    "full_description": "Set à whisky composé d'une carafe de 80 cl, et de 2 verres de 30 cl, en verre taillé ornés de motifs et textures tendance.  /n La gamme de verrerie sophistiquée 'Bar' de la marque Salt&Pepper est le cadeau idéal pour les mixologues. /n ",
    "caracteristiques": {
      "Couleur": "Transparent",
      "Diamètre": "8 cm",
      "Hauteur": "9 cm",
      "Matière": "Verre"
    },
    "categorie": "verre_specifique",
    "id": 0
  },
  {
    "photo": "https://static.bhv.fr/media/318/31819930/G_31819930_378_VPM_1.jpg",
    "prix": " 44.00",
    "titre": "PEUGEOT Set de dégustation à whisky 38 cl",
    "full_description": "Ce set à dégustation de whisky révolutionne l’art et la manière de déguster un whisky. /n Ce set est composé d’un verre et d'un socle rafraichissant. /n Le set à dégustation Whisky combine le design et la technique pour le plaisir de tous les connaisseurs de whisky mais aussi de cognacs, eaux de vie, armagnacs. /n",
    "caracteristiques": {
      "Couleur": "Coloris Unique",
      "Composition": "Verre cristallin, Socle en zamac, Sous-verre cuir polyuréthane"
    },
    "categorie": "verre_specifique",
    "id": 1
  },
  {
    "photo": "https://static.bhv.fr/media/621/62176096/G_62176096_444_VPM_1.jpg",
    "prix": "45.00",
    "titre": "CHEF ET SOMMELIER 6 verres à pied pour bière Séquence 37 cl",
    "full_description": "Verres à pied 37cl de la collection Séquence pensés pour la dégustation de bière. /n La collection Séquence est remarquable d'équilibre. Sa paraison de forme tulipe classique trouve sa modernité dans le design à la fois généreux, fin et élancé. Sa jambe bien proportionnée, tout en élégance et pas trop haute accompagne les dégustations de tous les vins. /n Chef & Sommelier est une marque française reconnue pour son savoir-faire dans le domaine œnologique, la marque s'associe avec des experts pour développer des collections raffinées de verres et accessoires dédiés à la dégustation et au service du vin. /n ",
    "caracteristiques": {
      "Couleur": "Transparent",
      "Contenance": "37 cl",
      "Dimension": "15 cm",
      "Composition": "Krysta"
    },
    "categorie": "verre_specifique",
    "id": 2
  },
  {
    "photo": "https://static.bhv.fr/media/762/76232939/G_76232939_444_VPM_1.jpg",
    "prix": "19.50",
    "titre": "SERAX Verre Feast par Ottolenghu rayures or 33 cl",
    "full_description": "Vous souvenez-vous de ces boules de verre remplies d'eau et abritant un paysage miniature enneigé dont les minuscules flocons se dispersaient quand on les secouait /n Comme un condensé de magie sous une cloche de verre. /n Cette admiration a poussé Bela Silva à créer la collection Eternal Snow. /n Les 4 verres ont une touche décalée par la forme imparfaite de leur pied, court ou haut, et par la coupe elle-même. /n La texture des verres Eternal Snow est lisse, mais la forme, soufflée, se veut atypique. On observe la présence de petites bulles d'air dans le pied. /n Les formes arrondies et les couleurs douces (gris fumé pour le pied, vert clair pour la coupe) évoquent le ciel nocturne. /n ",
    "caracteristiques": {
      "Couleur": "Transparent",
      "Hauteur": "12 cm",
      "Longueur": "7,7 cm",
      "Largeur": "7,7 cm",
      "Composition": "Verre de potassium"
    },
    "categorie": "verre_specifique",
    "id": 3
  },
  {
    "photo": "https://static.bhv.fr/media/633/63371869/G_63371869_444_VPM_1.jpg",
    "prix": "32.90",
    "titre": "ABSOULUMENT MAISON 6 verres hauts Dégustation en verre transparent H15 cm",
    "full_description": "6 verres hauts en verre transparent",
    "caracteristiques": {
      "Couleur": "Transparent",
      "Hauteur": "15 cm",
      "Diamètre": "7 cm",
      "Composition": "Verre"
    },
    "categorie": "verre_specifique",
    "id": 4
  },
  {
    "photo": "https://static.bhv.fr/media/399/39984806/G_39984806_444_VPM_1.jpg",
    "prix": "60.50",
    "titre": "CHEF ET SOMMELIER 6 verres à cognac OPEN UP SPIRIT 30 cl",
    "full_description": "Les verres à cognac 30 cl en Krysta de la collection Open Up Spirit - Mikasa de Chef & Sommelier sont idéals pour la dégustation des alcools bruns du type whisky, cognac, rhum, armagnac... /n La cheminée rétrécie du verre permet de réguler l'alcool qui se dégage du spiritueux pour éviter toute sensation de brûlure au nez, sans en altérer les propriétés olfactives. /n La ligne Open Up Spirit est réalisée en Krysta, nouveau matériau de haute technologie inventé par le centre de recherche Arc International. Ce matériau permet une très grande résistance aux chocs, une transparence absolue du verre ainsi qu'une brillance parfaite même après 2000 cycles de lavage industriel. /n ",
    "caracteristiques": {
      "Couleur": "Transparent",
      "Hauteur": "9.9 cm",
      "Diamètre": "8.6 cm",
      "Composition": "Krysta"
    },
    "categorie": "verre_specifique",
    "id": 5
  },
  {
    "photo": "https://static.bhv.fr/media/3004051/300405186891/G_300405186891_444_VPM_1.jpg",
    "prix": "35.50",
    "titre": "CHEF ET SOMMELIER Beer Premium - 6 verres à pied 47 cl",
    "full_description": "Verres à pied 47cl de la collection Beer Premium. L'ultra transparence révèle les reflets de la bière. L'hyper résistance du verre incite à trinquer entre amis ! /n Une collection inédite dédiée aux passionnés de bières artisanales. A la forme originale, ces verres à pied trouvent leur place chez tous les amateurs de bières. Les lignes ont été dessinées pour mettre en valeur tous les styles de bières. Leurs propriétés techniques garantissent également un plaisir de dégustation maximisé. /n ",
    "caracteristiques": {
      "Couleur": "Transparent",
      "Dimensions": "47 cl",
      "Composition": "Verre"
    },
    "categorie": "verre_specifique",
    "id": 6
  },
  {
    "photo": "https://static.bhv.fr/media/406/40690892/G_40690892_378_VPM_1.jpg",
    "prix": "50.50",
    "titre": "CHEF ET SOMMELIER 6 verres à cocktails 21 cl",
    "full_description": "Les designs incontournables du cocktail sont déclinés en Krysta. Ces verres élégants et raffinés sont idéals pour une expérience visuelle et gustative. Une très grande brillance et une extrême finesse du buvant mettront en valeur les cocktails traditionnels et les créations insolites.",
    "caracteristiques": {
      "Couleur": "Transparent",
      "Hauteur": "17,9 cm",
      "Diamètre": "11.,4 cm",
      "Composition": "Verre"
    },
    "categorie": "verre_specifique",
    "id": 7
  },
  {
    "photo": "https://static.bhv.fr/media/3004051/300405186893/G_300405186893_444_VPM_1.jpg",
    "prix": "47.30",
    "titre": "CHEF ET SOMMELIER Beer Premium - 6 verres à pied 40 cl",
    "full_description": "Verres à pied 40cl de la collection Beer Premium. L'ultra transparence révèle les reflets de la bière. L'hyper résistance du verre incite à trinquer entre amis ! /n Une collection inédite dédiée aux passionnés de bières artisanales. A la forme originale, ces verres à pied trouvent leur place chez tous les amateurs de bières. Les lignes ont été dessinées pour mettre en valeur tous les styles de bières. Leurs propriétés techniques garantissent également un plaisir de dégustation maximisé. /n ",
    "caracteristiques": {
      "Couleur": "Transparent",
      "Contenance": "40 cl",
      "Composition": "Verre"
    },
    "categorie": "verre_specifique",
    "id": 8
  },
  {
    "photo": "https://static.bhv.fr/media/611/61110994/G_61110994_444_VPM_3.png",
    "prix": "29.90",
    "titre": "LA ROCHERE 4 verres hauts Saga 34.8 cl",
    "full_description": "Verre haut Saga spécialement conçu pour les apéritifs, les cocktails ou pour les repas du quotidien. Très résistants.",
    "caracteristiques": {
      "Couleur": "Transparent",
      "Hauteur": "14,5 cm",
      "Diamètre": "8,4 cm",
      "Composition": "Verre"
    },
    "categorie": "verre_specifique",
    "id": 9
  },
  {
    "photo": "https://static.bhv.fr/media/3004018/300401807476/G_300401807476_444_VPM_1.jpg",
    "prix": "21.90",
    "titre": "VILLEROY & BOCH",
    "full_description": "Séduisez vos invités avec ce verre raffiné de la plus haute qualité de Villeroy & Boch. Avec ces verres à long drink de la collection Purismo, servez des boissons comme au bar. Ces verres résistants au lave-vaisselle ont été conçus par des experts et séduisent par une forme nette pour une dégustation unique.",
    "caracteristiques": {
      "Couleur": "Transparent",
      "Dimensions": "7,9 cm",
      "Composition": "Cristal"
    },
    "categorie": "verre_specifique",
    "id": 10
  },
  {
    "photo": "https://static.bhv.fr/media/705/70521933/G_70521933_101_VPM_1.jpg",
    "prix": "32.00",
    "titre": "LSA INTERNATIONAL 4 Gobelets Coro verre bleu 560 ml",
    "full_description": "Lot de 4 gobelets de la collection Coro, en verre de couleur bleu et pouvant contenir jusqu'à 560 ml de liquide.",
    "caracteristiques": {
      "Couleur": "Bleu",
      "Hauteur": "12 cm",
      "Contenance": "560 ml",
      "Composition": "Verre"
    },
    "categorie": "verre_specifique",
    "id": 11
  },
  {
    "photo": "https://static.bhv.fr/media/705/70521936/G_70521936_497_VPM_1.jpg",
    "prix": "32.00",
    "titre": "LSA INTERNATIONAL 4 Gobelets Coro verre rouge 560 ml",
    "full_description": "Lot de 4 gobelets de la collection Coro, en verre de couleur rouge/violet et pouvant contenir jusqu'à 560 ml de liquide.",
    "caracteristiques": {
      "Couleur": "Rouge et violet",
      "Hauteur": "12 cm",
      "Contenance": "560 ml",
      "Composition": "Verre"
    },
    "categorie": "verre_specifique",
    "id": 12
  },
  {
    "photo": "https://static.bhv.fr/media/710/71085485/G_71085485_444_VPM_1.jpg",
    "prix": "22.50",
    "titre": "SERAX Verre Inku 30 cl",
    "full_description": "Le tout nouveau service Inku du chef Sergio Herman est inspiré du raffinement et de la perfection japonaise, avec des références aux coquillages, aux fleurs et aux structures abstraites de la nature.",
    "caracteristiques": {
      "Couleur": "Transparent",
      "Hauteur": "9 cm",
      "Diamètre": "9 cm",
      "Composition": "Verre"
    },
    "categorie": "verre_specifique",
    "id": 13
  },
  {
    "photo": "https://static.bhv.fr/media/710/71085482/G_71085482_444_VPM_1.jpg",
    "prix": "18.90",
    "titre": "SERAX Vere Inku 25 cl",
    "full_description": "Le tout nouveau service Inku du chef Sergio Herman est inspiré du raffinement et de la perfection japonaise, avec des références aux coquillages, aux fleurs et aux structures abstraites de la nature.",
    "caracteristiques": {
      "Couleur": "Transparent",
      "Hauteur": "8 cm",
      "Diamètre": "8 cm",
      "Composition": "Verre"
    },
    "categorie": "verre_specifique",
    "id": 14
  },
  {
    "photo": "https://static.bhv.fr/media/3004059/300405937261/G_300405937261_230_VPM_1.jpg",
    "prix": "99.00",
    "titre": "DEGRENNE NEWPORT TWIST - Coffret 2 verres + 1 carae empilables",
    "caracteristiques": {
      "Couleur": "Gris"
    },
    "categorie": "verre_specifique",
    "id": 15
  },
  {
    "photo": "https://static.bhv.fr/media/583/58307573/G_58307573_444_VPM_1.jpg",
    "prix": "27.90",
    "titre": "L'ATELIER DU VIN 2 verres pour alcools Exploreur Spiritueux",
    "full_description": "Libérez les arômes des alcools grâce à la Nervure des Arômes de L’Exploreur Spiritueux. /n En les faisant « tourner » dans le verre, vous apprécierez toute l’intensité de l’expression aromatique de vos alcools bruns. Une optimisation gustative. /n La Nervure des Arômes, associée au bon rapport des dimensions de L’Exploreur Spiritueux permet, avec un volume d’alcool peu important, de mieux recevoir et percevoir la « texture » des (bons) spiritueux en bouche. Ouverture du buvant et rétention des arômes. /n A la différence des verres dont l’ouverture est très « resserrée », la conception de L’Exploreur Spiritueux permet de conserver un buvant de bon diamètre. Le volume aromatique est ample et la concentration alcoolique moindre. /n ",
    "caracteristiques": {
      "Couleur": "Transparent",
      "Hauteur": "11 cm",
      "Longueur": "8,5 cm",
      "Largeur": "8,5 cm",
      "Composition": "Verre"
    },
    "categorie": "verre_specifique",
    "id": 16
  },
  {
    "photo": "https://static.bhv.fr/media/3004018/300401807514/G_300401807514_444_VPM_1.jpg",
    "prix": "26.90",
    "titre": "VILLEROY & BOCH Verre à Martini/cocktail Set 2 pièces Purismo",
    "full_description": "Séduisez vos invités avec ce verre raffiné de la plus haute qualité de Villeroy & Boch. Le Martini est une boisson associée à de nombreuses histoires. Savourez votre boisson avec style dans ce verre à Martini de la collection Purismo.",
    "caracteristiques": {
      "Couleur": "Transparent",
      "Dimension": "11,7 cm",
      "Composition": "Cristal"
    },
    "categorie": "verre_specifique",
    "id": 17
  },
  {
    "photo": "https://static.bhv.fr/media/3004051/300405186897/G_300405186897_444_VPM_1.jpg",
    "prix": "35.50",
    "titre": "CHEF ET SOMMELIER Beer Premium - 6 verres à pied 35 cl",
    "full_description": "Verres à pied 35cl de la collection Beer Premium. L'ultra transparence révèle les reflets de la bière. L'hyper résistance du verre incite à trinquer entre amis ! /n Une collection inédite dédiée aux passionnés de bières artisanales. A la forme originale, ces verres à pied trouvent leur place chez tous les amateurs de bières. Les lignes ont été dessinées pour mettre en valeur tous les styles de bières. Leurs propriétés techniques garantissent également un plaisir de dégustation maximisé. /n ",
    "caracteristiques": {
      "Couleur": "Transparent",
      "Contenance": "35 cl",
      "Composition": "Verre"
    },
    "categorie": "verre_specifique",
    "id": 18
  },
  {
    "photo": "https://static.bhv.fr/media/3004060/300406088081/G_300406088081_453_VPM_1.jpg",
    "prix": "9.90",
    "titre": "VILLEROY & BOCH Gobelet Shot green Boston",
    "full_description": "Trinquez à de merveilleux moments avec les verres de Villeroy & Boch. Qu`il s`agisse de saké, d`une délicate eau-de-vie ou d`une liqueur de plantes servie comme digestif : dans ce verre à shot vert, servez des alcools forts et des amuse-bouches avec aisance et gaieté, exactement comme il se doit pour une réception en plein air avec des amis. Article résistant au lave-vaisselle et doté de propriétés matérielles optimales.",
    "caracteristiques": {
      "Couleur": "Vert",
      "Dimension": "6.3 cm",
      "Composition": "Cristal"
    },
    "categorie": "verre_specifique",
    "id": 19
  },
  {
    "photo": "https://static.bhv.fr/media/3004060/300406087539/G_300406087539_230_VPM_1.jpg",
    "prix": "16.90",
    "titre": "VILLEROY & BOCH Verre à soda/bière smoke Boston",
    "full_description": "Laissez-vous séduire par le design exceptionnel du verre de Villeroy & Boch. Campari-soda, gin-tonic ou cocktail sans alcool : le verre à long drink gris est idéal lorsque vous voulez servir des boissons avec style. Article résistant au lave-vaisselle et doté de propriétés matérielles optimales.",
    "caracteristiques": {
      "Couleur": "Gris",
      "Dimension": "7.4",
      "Composition": "Cristal"
    },
    "categorie": "verre_specifique",
    "id": 20
  },
  {
    "photo": "https://static.bhv.fr/media/3004060/300406088079/G_300406088079_384_VPM_1.jpg",
    "prix": "9.90",
    "titre": "VILLEROY & BOCH Gobelet Shot rose Boston",
    "full_description": "Trinquez à de merveilleux moments avec les verres de Villeroy & Boch. Qu`il s`agisse de saké, d`une délicate eau-de-vie ou d`une liqueur de plantes servie comme digestif : dans ce verre à shot rose, servez des alcools forts et des amuse-bouches avec aisance et gaieté, exactement comme il se doit pour une réception en plein air avec des amis. Article résistant au lave-vaisselle et doté de propriétés matérielles optimales.",
    "caracteristiques": {
      "Couleur": "Rose",
      "Dimension": "6.3",
      "Composition": "Cristal"
    },
    "categorie": "verre_specifique",
    "id": 21
  },
  {
    "photo": "https://static.bhv.fr/media/262/26207726/G_26207726_444_VPM_1.jpg",
    "prix": "19.90",
    "titre": "ABSOLUMENT MAISON Set de 6 verres coniques Bistro",
    "full_description": "Set de 6 verres coniques pour jus de fruit ou autre.",
    "caracteristiques": {
      "Couleur": "Transparent",
      "Composition": "Verre"
    },
    "categorie": "verre_specifique",
    "id": 22
  },
  {
    "photo": "https://static.bhv.fr/media/702/70259946/G_70259946_97_VPM_1.jpg",
    "prix": "7.90",
    "titre": "TOKYO DESIGN STUDIO Verre à saké grès blanc et vert 4 x4 cm",
    "full_description": "Verre à saké en grès blanc et vert, accompagne la carafe à saké de la même collection.",
    "caracteristiques": {
      "Couleur": "Blanc et vert",
      "Largeur": " 4,5 cm",
      "Longueur": "4,5 cm",
      "Composition": "Grès"
    },
    "categorie": "verre_specifique",
    "id": 23
  },
  {
    "photo": "https://static.bhv.fr/media/710/71085505/G_71085505_444_VPM_1.jpg",
    "prix": "19.50",
    "titre": "SERAX Verre Universel Inku 100 ml",
    "full_description": "Le verre universel de Serax Inku a une capacité de 100 ml. Vous pourrez l'utiliser comme plat à trempette",
    "caracteristiques": {
      "Couleur": "Transparent",
      "Hauteur": "3,5 cm",
      "Diamètre": "9 cm",
      "Composition": "Verre"
    },
    "categorie": "verre_specifique",
    "id": 24
  },
  {
    "photo": "https://static.bhv.fr/media/3004051/300405186963/G_300405186963_444_VPM_1.jpg",
    "prix": "34.20",
    "titre": "CHEF ET SOMMELIER Séquence - 6 verres à porto 21 cl",
    "full_description": "Verres à pied 21cl de la collection Séquence pour la dégustation de porto. /n La collection Séquence est remarquable d'équilibre. Sa paraison de forme tulipe classique trouve sa modernité dans le design à la fois généreux, fin et élancé. Sa jambe bien proportionnée, tout en élégance et pas trop haute accompagne les dégustations de tous les vins. /n ",
    "caracteristiques": {
      "Couleur": "Transparent",
      "Composition": "Verre"
    },
    "categorie": "verre_specifique",
    "id": 25
  },
  {
    "photo": "https://static.bhv.fr/media/580/58046710/G_58046710_180_VPM_1.jpg",
    "prix": "14.90",
    "titre": "BAR CRAFT Tasse mule Moscow cuivre 550 ml",
    "full_description": "Tasse Moscow Mule en cuivre, finition martelée.",
    "caracteristiques": {
      "Couleur": "Cuivre",
      "Hauteur": "13,5 cm",
      "Longueur": "9,1 cm",
      "Diamètre": "9,5 cm",
      "Composition": "Cuivre"
    },
    "categorie": "verre_specifique",
    "id": 26
  },
  {
    "photo": "https://static.bhv.fr/media/3004051/300405186947/G_300405186947_444_VPM_1.jpg",
    "prix": "34.20",
    "titre": "CHEF ET SOMMELIER Spirits - 6 verres à liqueur 11 cl",
    "full_description": "Verres à liqueur 11cl de la collection Spirits de Chef&Sommelier. /n La collection Spirits est dédiée au plaisir de la dégustation des digestifs. Chacune des pièces de cette collection a été conçue pour sublimer un type de spiritueux en particulier. /n ",
    "caracteristiques": {
      "Couleur": "Transparent",
      "Composition": "Verre"
    },
    "categorie": "verre_specifique",
    "id": 27
  },
  {
    "photo": "https://static.bhv.fr/media/3004037/300403736872/G_300403736872_444_VPM_1.jpg",
    "prix": "19.90€",
    "titre": "VILLEROY & BOCH Pinte Set 2 pièces Purismo",
    "full_description": "Qu‘il s‘agisse d‘un barbecue entre amis ou lors d‘occasions spéciales, les pintes à bière Purismo sont un must. Convient naturellement au lave-vaisselle.",
    "caracteristiques": {
      "Couleur": "Transparent",
      "Composition": "Cristal"
    },
    "categorie": "verre_specifique",
    "id": 28
  },
  {
    "photo": "https://static.bhv.fr/media/705/70526881/G_70526881_230_VPM_1.jpg",
    "prix": "12.90",
    "titre": "ASBSOLUMENT MAISON Verre à whisky Tobia sodalime 30 cl",
    "full_description": "Verre à whisky en verre sodalime strié, sur pied.",
    "caracteristiques": {
      "Couleur": "Gris",
      "Contenance": "30 cl",
      "Composition": "Verre, sodalime"
    },
    "categorie": "verre_specifique",
    "id": 29
  },
  {
    "photo": "https://static.bhv.fr/media/3004051/300405186965/G_300405186965_444_VPM_1.jpg",
    "prix": "43.20",
    "titre": "CHEF ET SOMMELIER Champagne & Cocktail - 6 verres à pied 44 cl",
    "full_description": "Verres à cocktail 44cl. Chef&Sommelier en version festive ! /n Grâce à la diversité de leurs formes, les verres Champagne & Cocktail peuvent accueillir tous les types de cocktails. Leurs lignes élégantes ont été dessinées pour sublimer les recettes les plus originales. /n ",
    "caracteristiques": {
      "Couleur": "Transparent",
      "Composition": "Verre"
    },
    "categorie": "verre_specifique",
    "id": 30
  },
  {
    "photo": "https://static.bhv.fr/media/704/70475912/G_70475912_444_VPM_1.jpg",
    "prix": "24.90",
    "titre": "ABSOLUMENT MAISON Coffret 2 verres cocktail Twins verre 250 ml",
    "full_description": "Coffret de 2 verres à cocktail en verre gravé sur un pied conique plein. Soufflé bouche chaque pièce est unique.",
    "caracteristiques": {
      "Couleur": "Transparent",
      "Contenance": "250 ml",
      "Composition": "Verre"
    },
    "categorie": "verre_specifique",
    "id": 31
  },
  {
    "photo": "https://static.bhv.fr/media/3004051/300405186943/G_300405186943_444_VPM_1.jpg",
    "prix": "29.90",
    "titre": "CHEF ET SOMMELIER Spirits - 6 verres à liqueur 6.5cl ",
    "full_description": "Verres à liqueur 6.5cl de la collection Spirits de Chef&Sommelier. /n La collection Spirits est dédiée au plaisir de la dégustation des digestifs. Chacune des pièces de cette collection a été conçue pour sublimer un type de spiritueux en particulier. /n ",
    "caracteristiques": {
      "Couleur": "Transparent",
      "Composition": "Verre"
    },
    "categorie": "verre_specifique",
    "id": 32
  },
  {
    "photo": "https://static.bhv.fr/media/707/70745280/G_70745280_444_VPM_1.jpg",
    "prix": "19.50",
    "titre": "ANN DEMEULEMEESTER Verre Universel Frances transparent 30 cl",
    "full_description": "Verre universel Frances transparent 30 cl. /n En cristal sans plomb et soufflé à la bouche. /n Une délicate courbe et un arrondi dans un bord subtilement incurvé, parfait pour servir vos différentes boissons. /n ",
    "caracteristiques": {
      "Couleur": "Transparent",
      "Contenance": "30 cl"
    },
    "categorie": "verre_specifique",
    "id": 33
  },
  {
    "photo": "https://static.bhv.fr/media/707/70745277/G_70745277_444_VPM_1.jpg",
    "prix": "16.90",
    "titre": "ANN DEMEULEMEESTER Verre Universel Frances transparent 20 cl",
    "full_description": "Verre universel Frances transparent 20 cl. /n En cristal sans plomb et soufflé à la bouche. /n Une délicate courbe et un arrondi dans un bord subtilement incurvé, parfait pour servir vos différentes boissons /n ",
    "caracteristiques": {
      "Couleur": "Transparent",
      "Contenance": "20 cl"
    },
    "categorie": "verre_specifique",
    "id": 34
  },
  {
    "photo": "https://static.bhv.fr/media/707/70745287/G_70745287_457_VPM_1.jpg",
    "prix": "15.00",
    "titre": "ANN DEMEULEMEESTER Verre Universel haut Dora vert clair 15 cl",
    "full_description": "Verre universel haut Dora vert clair 15 cl. /n Une ligne épurée et sculpturale reposant sur un fond en forme de croix, parfait pour servir vos différentes boissons. /n C'est un verre de la collection Dora d'Ann Demeulemeester pour Serax. /n Disponible en différentes contenances en vert clair. /n ",
    "caracteristiques": {
      "Couleur": "Vert clair",
      "Contenance": "15 cl"
    },
    "categorie": "verre_specifique",
    "id": 35
  },
  {
    "photo": "https://static.bhv.fr/media/445/44558821/G_44558821_378_VPM_1.jpg",
    "prix": "3.90",
    "titre": "CRISTAL D'ARQUES Gobelet 6 cl",
    "full_description": "Tout à la fois excentriques dans la créativité et d’une rigueur géométrique, les gobelets doivents leur allure contemporaine à la tradition, tout autant qu'à la modernité de leur prouesse technique. Paradoxe d'arrondis sur des facettes, anguleuses par définition, sublimées par l’éclat incomparable du cristallin.",
    "caracteristiques": {
      "Couleur": "Transparent",
      "Diamètre": "4.9 cm",
      "Hauteur": "7.87 cm",
      "Composition": "Verre"
    },
    "categorie": "verre_specifique",
    "id": 36
  },
  {
    "photo": "https://static.bhv.fr/media/375/37596488/G_37596488_378_VPM_1.jpg",
    "prix": "8.90",
    "titre": "SERAC Verre small 16 cl vert transparent D8 x H6 cm",
    "full_description": "Fish & Fish, le service de table créé par Paola Navone pour Serax, la designer italienne force d’emblée l’admiration. Inspirées par les goûts et les couleurs des nombreux voyages de l’artiste, les pièces de cette collection évoquent les produits remontant à l’époque de la Grande Dépression des années 1930. Accessible, robuste et minutieusement étudié, ce service a sa place sur n’importe quelle table. Assiettes, récipients et bouteilles sont réalisés en verre pressé et proposés en vert (Jadeite), blanc (Milk Glass) ou transparent (Depression Glass)",
    "caracteristiques": {
      "Couleur": "Coloris Unique",
      "Hauteur": "6 cm",
      "Diamètre": "8 cm",
      "Composition": "Verre"
    },
    "categorie": "verre_specifique",
    "id": 37
  },
  {
    "photo": "https://static.bhv.fr/media/704/70475919/G_70475919_444_VPM_1.jpg",
    "prix": "12.90",
    "titre": "ABSOLUMENT MAISON Verre Tyron eau ou apéritif doublé et fond",
    "full_description": "Verre à eau ou à apéritif, double paroi et fond fantaisie effet montagne. Soufflé bouche chaque pièce est unique.",
    "caracteristiques": {
      "Couleur": "Transparent",
      "Contenance": "20 cl",
      "Diamètre": "8 cl",
      "Composition": "Verre"
    },
    "categorie": "verre_specifique",
    "id": 38
  }
]