[
  {
    "photo":"https://cdn.shopify.com/s/files/1/0354/8436/9031/products/baguettes-japonaises-luxe___14_1200x.jpg?v=1586775810",
    "prix":"99.99",
    "titre":"Baguette japonaise luxe",
    "full_description":"Fabriquées au Japon, cette élégante Baguettes Japonaises Luxe allie style japonais traditionnel et moderne, ce modèle permet une prise en main parfaite ! /n Fabriqué au Japon Motif de haute qualité /n Super baguettes avec une belle sensation /n Parfait pour un cadeau ! /n ",
    "categorie":"baguette",
    "id":0
  },
  {
    "photo":"https://cdn.shopify.com/s/files/1/0354/8436/9031/products/baguettes-japonaises-en-bois___10_1200x.jpg?v=1586775794",
    "prix":"49.99",
    "titre":"Baguettes japonaises en bois",
    "full_description":"Fabriquées au Japon, cette élégante Baguettes Japonaises En Bois allie style japonais traditionnel et moderne, ce modèle permet une prise en main parfaite ! /n Fabriqué au Japon Motif de haute qualité /n Super baguettes avec une belle sensation /n Parfait pour un cadeau ! /n",
    "categorie":"baguette",
    "id":1
  },
  {
    "photo":"https://cdn.shopify.com/s/files/1/0354/8436/9031/products/HTB1_k0jKx9YBuNjy0Ffq6xIsVXaP_1200x.jpg?v=1604127768",
    "prix":"39.99",
    "titre":"Baguette japonaise",
    "full_description":" Fabriquées au Japon, cette élégante Baguette Japonaise allie style japonais traditionnel et moderne, ce modèle permet une prise en main parfaite ! /n Fabriqué au Japon Motif de haute qualité /n Super baguettes avec une belle sensation /n Parfait pour un cadeau /n ",
    "categorie":"baguette",
    "id":2
  },
  {
    "photo":"https://cdn.shopify.com/s/files/1/0354/8436/9031/products/H68af25ba6f9e4464b8b5893ec9b0a8e1j_1200x.jpg?v=1627018581",
    "prix":"79.99",
    "titre":"Baguette japonaise luxe panda",
    "full_description":"Fabriquées au Japon, cette élégante Baguette Japonaise Luxe Panda allie style japonais traditionnel et moderne, ce modèle permet une prise en main parfaite ! /n Fabriqué au Japon Motif de haute qualité /n Super baguettes avec une belle sensation /n Parfait pour un cadeau ! /n",
    "categorie":"baguette",
    "id":3
  },
  {
    "photo":"https://cdn.shopify.com/s/files/1/0354/8436/9031/products/H268bd57f7fd94f56b33c7d220be6ce95H_de1e1d7c-8b6c-427d-891c-b299be33ad7f_1200x.jpg?v=1604820170",
    "prix":"29.99",
    "titre":"Baguettes japonaises bois tressé",
    "full_description":"Fabriquées au Japon, cette élégante Baguettes Japonaises Bois Tressé allie style japonais traditionnel et moderne, ce modèle permet une prise en main parfaite ! /n Fabriqué au Japon Motif de haute qualité /n Super baguettes avec une belle sensation /n Parfait pour un cadeau ! /n",
    "categorie":"baguette",
    "id":4
  },
  {
    "photo":"https://cdn.shopify.com/s/files/1/0354/8436/9031/products/product-image-1325857321_1200x.jpg?v=1586775784",
    "prix":"49.99",
    "titre":"Baguettes Japonaises de Luxe",
    "full_description":"Fabriquées au Japon, cette élégante Baguettes Japonaises De Luxe allie style japonais traditionnel et moderne, ce modèle permet une prise en main parfaite !/n Fabriqué au Japon Motif de haute qualité /n Super baguettes avec une belle sensation /n Parfait pour un cadeau ! /n",
    "categorie":"baguette",
    "id":5
  },
  {
    "photo":"https://cdn.shopify.com/s/files/1/0354/8436/9031/products/baguettes-japonaises-traditionnelles___20_1200x.jpg?v=1586971517",
    "prix":"39.99",
    "titre":"Baguettes Japonaises traditionnelles",
    "full_description":"Fabriquées au Japon, cette élégante Baguettes Japonaises Traditionnelles allie style japonais traditionnel et moderne, ce modèle permet une prise en main parfaite ! /n Fabriqué au Japon Motif de haute qualité /n Super baguettes avec une belle sensation /n Parfait pour un cadeau ! /n",
    "categorie":"baguette",
    "id":6
  },
  {
    "photo":"https://cdn.shopify.com/s/files/1/0354/8436/9031/products/baguettes-japonaises-inox___12_1200x.jpg?v=1586971513",
    "prix":"49.99",
    "titre":"Baguettes Japonaises Inox",
    "full_description":" Fabriquées au Japon, cette élégante Baguettes Japonaises Inox allie style japonais traditionnel et moderne, ce modèle permet une prise en main parfaite ! /n Fabriqué au Japon Motif de haute qualité /n Super baguettes avec une belle sensation /n Parfait pour un cadeau ! /n",
    "categorie":"baguette",
    "id":7
  },
  {
    "photo":"https://cdn.shopify.com/s/files/1/0354/8436/9031/products/support-baguettes-japonaises___27_1200x.jpg?v=1586974406",
    "prix":"39.99",
    "titre":"Support Baguettes Japonaises",
    "full_description":"Fabriquées au Japon, cette élégante Support Baguettes Japonaises allie style japonais traditionnel et moderne, ce modèle permet une prise en main parfaite ! /n Fabriqué au Japon Motif de haute qualité /n Super baguettes avec une belle sensation /n Parfait pour un cadeau ! /n",
    "categorie":"baguette",
    "id":8
  },
  {
    "photo":"https://cdn.shopify.com/s/files/1/0354/8436/9031/products/baguettes-japonaises-apprendre___2_1200x.jpg?v=1586971506",
    "prix":"19.99",
    "titre":"Baguettes Japonaises Apprendre",
    "full_description":" Fabriquées au Japon, cette élégante Baguettes Japonaises Apprendre allie style japonais traditionnel et moderne, ce modèle permet une prise en main parfaite ! / n Fabriqué au Japon Motif de haute qualité /n Super baguettes avec une belle sensation /n Parfait pour un cadeau ! /n",
    "categorie":"baguette",
    "id":9
  },
  {
    "photo":"https://cdn.shopify.com/s/files/1/0354/8436/9031/products/H95c9a38efc6445b2b8f1e041df883b82a_1200x.jpg?v=1604820295",
    "prix":"99.99",
    "titre":"Coffret Baguette Japonaise Luxe",
    "full_description":"Fabriquées au Japon, cette élégante Coffret Baguette Japonaise Luxe allie style japonais traditionnel et moderne, ce modèle permet une prise en main parfaite ! /n Fabriqué au Japon Motif de haute qualité /n Super baguettes avec une belle sensation /n Parfait pour un cadeau ! /n",
    "categorie":"baguette",
    "id":10
  },
  {
    "photo":"https://cdn.shopify.com/s/files/1/0354/8436/9031/products/H10ffb94ab605422f946494561ce40ef3s_1200x.jpg?v=1627018831",
    "prix":"59.99",
    "titre":"Japonaises Baguettes",
    "full_description":"Fabriquées au Japon, cette élégante Japonaises Baguettes allie style japonais traditionnel et moderne, ce modèle permet une prise en main parfaite ! /nFabriqué au Japon Motif de haute qualité /n Super baguettes avec une belle sensation /n Parfait pour un cadeau ! /n",
    "categorie":"baguette",
    "id":11
  },
  {
    "photo":"https://cdn.shopify.com/s/files/1/0354/8436/9031/products/baguettes-japonaises-pour-cuisiner___73_1200x.jpg?v=1604820141",
    "prix":"99.99",
    "titre":"2 paires de Baguetes japonaises pour cuisiner",
    "full_description":"Fabriquées au Japon, cette élégante Baguettes Japonaises Pour Cuisiner allie style japonais traditionnel et moderne, ce modèle permet une prise en main parfaite ! /n Fabriqué au Japon Motif de haute qualité /n Super baguettes avec une belle sensation /n Parfait pour un cadeau ! /n Coffret 2 paires de Baguettes /n",
    "categorie":"baguette",
    "id":12
  },
  {
    "photo":"https://cdn.shopify.com/s/files/1/0354/8436/9031/products/H313aebafe97e4968a2b691e4b42cea91M_1200x.jpg?v=1632454540",
    "prix":"19.99",
    "titre":"baguette Japonaise Pour enfant",
    "full_description":"Fabriquées au Japon, cette élégante Baguette Japonaise Pour Enfant allie style japonais traditionnel et moderne, ce modèle permet une prise en main parfaite ! /n Fabriqué au Japon Motif de haute qualité /n Super baguettes avec une belle sensation /n Parfait pour un cadeau ! /n",
    "categorie":"baguette",
    "id":13
  },
  {
    "photo":"https://cdn.shopify.com/s/files/1/0354/8436/9031/products/HTB1yBWQafb2gK0jSZK9q6yEgFXa8_1200x.jpg?v=1604125655",
    "prix":"19.99",
    "titre":"Baguette japonaise Educative",
    "full_description":"Fabriquées au Japon, cette élégante Baguette Japonaise Educative allie style japonais traditionnel et moderne, ce modèle permet une prise en main parfaite ! /n Fabriqué au Japon Motif de haute qualité /n Super baguettes avec une belle sensation /n Parfait pour un cadeau ! /n",
    "categorie":"baguette",
    "id":14
  },
  {
    "photo":"https://cdn.shopify.com/s/files/1/0354/8436/9031/products/coffret-baguettes-japonaises-luxe___112_1200x.jpg?v=1604820303",
    "prix":"39.99",
    "titre":"Coffret Baguettes Japonaise Luxe",
    "full_description":" Fabriquées au Japon, cette élégante Coffret Baguettes Japonaises Luxe allie style japonais traditionnel et moderne, ce modèle permet une prise en main parfaite ! /n Fabriqué au Japon Motif de haute qualité /n Super baguettes avec une belle sensation /n Parfait pour un cadeau ! /n",
    "categorie":"baguette",
    "id":15
  },
  {
    "photo":"https://cdn.shopify.com/s/files/1/0354/8436/9031/products/HTB1jnFdbSWD3KVjSZSgq6ACxVXaP_1200x.jpg?v=1604820240",
    "prix":"19.99",
    "titre":" Baguettes Japonaises Personnalisées",
    "full_description":"Vous aimeriez pouvoir manger comme si vous étiez au pays du soleil levant ? Vous êtes à la recherche de baguettes au design irréprochable pour vous régaler de la plus belle des manières ? Nous sommes très heureux de vous proposer en exclusivité nos baguettes japonaises personnalisées ! /n Des baguettes japonaises fabriquées directement au Japon ! /n Nos baguettes japonaises sont directement importées du Japon pour vous garantir une qualité irréprochable, et cela au meilleur prix. Vous aurez enfin entre les mains des baguettes en bois qui répondent parfaitement à vos envies culinaires ! /n Bien entendu, différents modèles sont mis à votre disposition pour vous permettre de choisir celui qui correspond le plus à vos goûts. Vous n’aurez aucun mal à trouver des baguettes japonaises colorées au style inimitable ! Tous vos amis vous demanderont où vous achetez vos baguettes japonaises en bois ! /n Il ne reste plus beaucoup d’exemplaires en stock, ne tardez pas à finaliser votre commande ! /n ",
    "categorie":"baguette",
    "id":16
  },
  {
    "photo":"https://cdn.shopify.com/s/files/1/0354/8436/9031/products/baguettes-chinoises-japonaises___1_1200x.jpg?v=1586971505",
    "prix":"39.99",
    "titre":"Baguettes Chinoises Japonaises",
    "full_description":" Fabriquées au Japon, cette élégante Baguettes Chinoises Japonaises allie style japonais traditionnel et moderne, ce modèle permet une prise en main parfaite ! /n Fabriqué au Japon Motif de haute qualité /n Super baguettes avec une belle sensation /n Parfait pour un cadeau ! /n",
    "categorie":"baguette",
    "id":17
  },
  {
    "photo":"https://cdn.shopify.com/s/files/1/0354/8436/9031/products/HTB1frnhcG5s3KVjSZFNq6AD3FXaW_1200x.jpg?v=1604819955",
    "prix":"34,99",
    "titre":"Baguette Japonaise de Luxe",
    "full_description":" Fabriquées au Japon, cette élégante Baguette Japonaise De Luxe allie style japonais traditionnel et moderne, ce modèle permet une prise en main parfaite ! /n Fabriqué au Japon Motif de haute qualité /n Super baguettes avec une belle sensation /n Parfait pour un cadeau ! /n",
    "categorie":"baguette",
    "id":18
  },
  {
    "photo":"https://cdn.shopify.com/s/files/1/0354/8436/9031/products/Hd50c6b0cceae42a9b848dab679b9ee66a_1200x.jpg?v=1604820086",
    "prix":"39.99",
    "titre":"Baguette Japonaise Pour La Cuisine",
    "full_description":"Fabriquées au Japon, cette élégante Baguette Japonaise Pour La Cuisine allie style japonais traditionnel et moderne, ce modèle permet une prise en main parfaite ! /n Fabriqué au Japon Motif de haute qualité /n Super baguettes avec une belle sensation /n Parfait pour un cadeau ! /n",
    "categorie":"baguette",
    "id":19
  },
  {
    "photo":"https://cdn.shopify.com/s/files/1/0354/8436/9031/products/baguettes-japonaises-bambou___6_1200x.jpg?v=1586971508",
    "prix":"19.99",
    "titre":"Baguettes Japonaises Bambou",
    "full_description":"Fabriquées au Japon, cette élégante Baguettes Japonaises Bambou allie style japonais traditionnel et moderne, ce modèle permet une prise en main parfaite ! /n Fabriqué au Japon Motif de haute qualité /n Super baguettes avec une belle sensation /n Parfait pour un cadeau ! /n",
    "categorie":"baguette",
    "id":20
  },
  {
    "photo":"https://cdn.shopify.com/s/files/1/0354/8436/9031/products/HTB1KOX4S4TpK1RjSZFMq6zG_VXaj_1200x.jpg?v=1604820274",
    "prix":"49,99",
    "titre":"Baguettes Japonaises Originales",
    "full_description":" Fabriquées au Japon, cette élégante Baguettes Japonaises Originales allie style japonais traditionnel et moderne, ce modèle permet une prise en main parfaite ! /n Fabriqué au Japon Motif de haute qualité /n Super baguettes avec une belle sensation /n Parfait pour un cadeau ! /n ",
    "categorie":"baguette",
    "id":21
  },
  {
    "photo":"https://cdn.shopify.com/s/files/1/0354/8436/9031/products/coffret-baguettes-japonaises-artisanales___111_1200x.jpg?v=1604820299",
    "prix":"12.90",
    "titre":"Support Baguettes Bois",
    "full_description":"Fabriquées au Japon, cette élégante Support Baguettes Bois allie style japonais traditionnel et moderne, ce modèle permet une prise en main parfaite ! /n Fabriqué au Japon Motif de haute qualité /n Super baguettes avec une belle sensation /n Parfait pour un cadeau ! /n",
    "categorie":"baguette",
    "id":22
  },
  {
    "photo":"https://cdn.shopify.com/s/files/1/0354/8436/9031/products/coffret-baguettes-japonaises___21_1200x.jpg?v=1586971548",
    "prix":"24.99",
    "titre":"Coffret Baguette Japonaise",
    "full_description":"Fabriquées au Japon, cette élégante Coffret Baguette Japonaise allie style japonais traditionnel et moderne, ce modèle permet une prise en main parfaite ! /n Fabriqué au Japon Motif de haute qualité /n Super baguettes avec une belle sensation /n Parfait pour un cadeau ! /n",
    "categorie":"baguette",
    "id":23
  },
  {
    "photo":"https://cdn.shopify.com/s/files/1/0354/8436/9031/products/product-image-1311417699_1200x.jpg?v=1586775858",
    "prix":"12.99",
    "titre":"Support Baguettes Céramiques",
    "full_description":" Fabriquées au Japon, cette élégante Support Baguettes Céramique allie style japonais traditionnel et moderne, ce modèle permet une prise en main parfaite ! Fabriqué au Japon Motif de haute qualité /n Super baguettes avec une belle sensation /n Parfait pour un cadeau ! /n",
    "categorie":"baguette",
    "id":24
  },
  {
    "photo":"https://cdn.shopify.com/s/files/1/0354/8436/9031/products/baguettes-japonaises-metal___15_1200x.jpg?v=1586971514",
    "prix":"29.99",
    "titre":"Baguettes Japonaises Métal",
    "full_description":" Fabriquées au Japon, cette élégante Baguettes Japonaises Métal allie style japonais traditionnel et moderne, ce modèle permet une prise en main parfaite ! /n Fabriqué au Japon Motif de haute qualité /n Super baguettes avec une belle sensation /n Parfait pour un cadeau ! /n",
    "categorie":"baguette",
    "id":25
  },
  {
    "photo":"https://cdn.shopify.com/s/files/1/0354/8436/9031/products/H3d81c61cadaf4b5c9bc14aba932aa4e5W_1200x.jpg?v=1604819835",
    "prix":"19.99",
    "titre":"Baguette Cheveux Japonaise",
    "full_description":" Fabriquées au Japon, cette élégante Baguette Cheveux Japonaise allie style japonais traditionnel et moderne, ce modèle permet une prise en main parfaite ! /n les Piques a cheveux sont Fabriqués au Japon, Motif de haute qualité ! /n Super baguettes avec une belle sensation /n Parfait pour un cadeau ! /n",
    "categorie":"baguette",
    "id":26
  },
  {
    "photo":"https://cdn.shopify.com/s/files/1/0354/8436/9031/products/H5dc3f17c8d1f49f3a6f8b2d301b5ee881_1200x.jpg?v=1604125561",
    "prix":"19.99",
    "titre":"Baguette Japonaise Enfant",
    "full_description":" Fabriquées au Japon, cette élégante Baguette Japonaise Enfant allie style japonais traditionnel et moderne, ce modèle permet une prise en main parfaite ! /n Fabriqué au Japon Motif de haute qualité /n Super baguettes avec une belle sensation /n Parfait pour un cadeau ! /n",
    "categorie":"baguette",
    "id":27
  },
  {
    "photo":"https://cdn.shopify.com/s/files/1/0354/8436/9031/products/H7e8f303e03334481ae53824a556b5508J_1200x.jpg?v=1604819859",
    "prix":"29.99",
    "titre":"Baguette de Cuisine Japonaise",
    "full_description":" Fabriquées au Japon, cette élégante Baguette De Cuisine Japonaise (42cm) allie style japonais traditionnel et moderne, ce modèle permet une prise en main parfaite ! /n Fabriqué au Japon Motif de haute qualité /n Super baguettes avec une belle sensation /n Parfait pour un cadeau ! /n",
    "categorie":"baguette",
    "id":28
  },
  {
    "photo":"https://cdn.shopify.com/s/files/1/0354/8436/9031/products/H45ff3ae751bd4522ae04be287c8f297aT_1200x.jpg?v=1604819947",
    "prix":"24.99",
    "titre":"Baguette Japonaise Cuisine",
    "full_description":" Fabriquées au Japon, cette élégante Baguette Japonaise Cuisine allie style japonais traditionnel et moderne, ce modèle permet une prise en main parfaite ! /n Fabriqué au Japon Motif de haute qualité /n Super baguettes avec une belle sensation /n  Parfait pour un cadeau ! /n",
    "categorie":"baguette",
    "id":29
  },
  {
    "photo":"https://cdn.shopify.com/s/files/1/0354/8436/9031/products/H6f9325abc2f5433389f4da4230d82d02m_1200x.jpg?v=1604820199",
    "prix":"39,99",
    "titre":"Baguettes Japonaises inox",
    "full_description":" Fabriquées au Japon, cette élégante Baguettes Japonaises Inox allie style japonais traditionnel et moderne, ce modèle permet une prise en main parfaite ! Fabriqué au Japon Motif de haute qualité /n Super baguettes avec une belle sensation /n Parfait pour un cadeau /n",
    "categorie":"baguette",
    "id":30
  },
  {
    "photo":"https://cdn.shopify.com/s/files/1/0354/8436/9031/products/support-baguette-japonaise-panda___138_1200x.jpg?v=1604820411",
    "prix":"19.99",
    "titre":"Support Baguette Japonaise Panda",
    "full_description":"Fabriquées au Japon, cette élégante Support Baguette Japonaise Panda allie style japonais traditionnel et moderne, ce modèle permet une prise en main parfaite ! /n Fabriqué au Japon Motif de haute qualité /n Super baguettes avec une belle sensation /n Parfait pour un cadeau ! /n",
    "categorie":"baguette",
    "id":31
  },
  {
    "photo":"https://cdn.shopify.com/s/files/1/0354/8436/9031/products/H09a7dd371b514e0d8cefeacf4bd6f483b_1200x.jpg?v=1604820367",
    "prix":"12.99",
    "titre":"Paire de Baguette Japonaise Bois",
    "full description":" Fabriquées au Japon, cette élégante Paire De Baguette Japonaise Bois allie style japonais traditionnel et moderne, ce modèle permet une prise en main parfaite ! /n Fabriqué au Japon Motif de haute qualité /n Super baguettes avec une belle sensation /n Parfait pour un cadeau ! /n",
    "categorie":"baguette",
    "id":32
  },
  {
    "photo":"https://cdn.shopify.com/s/files/1/0354/8436/9031/products/baguettes-japonaises-kawai___89_1200x.jpg?v=1604820208",
    "prix":"19.99",
    "titre":"Baguettes Japonaises Kawai",
    "full_description":" Fabriquées au Japon, cette élégante Baguettes Japonaises Kawai allie style japonais traditionnel et moderne, ce modèle permet une prise en main parfaite ! /n Fabriqué au Japon Motif de haute qualité /n Super baguettes avec une belle sensation /n Parfait pour un cadeau ! /n",
    "categorie":"baguette",
    "id":33
  },
  {
    "photo":"https://cdn.shopify.com/s/files/1/0354/8436/9031/products/Hfe8e40c826e3476692d15bb5d3a2b5c0f_1200x.jpg?v=1604820006",
    "prix":"24.99",
    "titre":"Baguette Japonaise Gravé",
    "full_description":"Fabriquées au Japon, cette élégante Baguette Japonaise Gravé allie style japonais traditionnel et moderne, ce modèle permet une prise en main parfaite ! /n Fabriqué au Japon Motif de haute qualité /n Super baguettes avec une belle sensation /n Parfait pour un cadeau ! /n",
    "categorie":"baguette",
    "id":34
  },
  {
    "photo":"https://cdn.shopify.com/s/files/1/0354/8436/9031/products/vraies-baguettes-japonaises___28_1200x.jpg?v=1586974421",
    "prix":"9.90",
    "titre":"Vraies Baguettes Japonaises",
    "full_description":"Fabriquées au Japon, cette élégante Vraies Baguettes Japonaises allie style japonais traditionnel et moderne, ce modèle permet une prise en main parfaite ! /n Fabriqué au Japon Motif de haute qualité /n Super baguettes avec une belle sensation /n Parfait pour un cadeau ! /n",
    "categorie":"baguette",
    "id":35
  },
  {
    "photo":"https://cdn.shopify.com/s/files/1/0354/8436/9031/products/H33e99dac56ed407f92d212217ef38fc9u_1200x.jpg?v=1604820232",
    "prix":"14.99",
    "titre":"Baguettes Japonaises Paris",
    "full_description":" Fabriquées au Japon, cette élégante Baguettes Japonaises Paris allie style japonais traditionnel et moderne, ce modèle permet une prise en main parfaite ! /n Fabriqué au Japon Motif de haute qualité /n Super baguettes avec une belle sensation /n Parfait pour un cadeau ! /n",
    "categorie":"baguette",
    "id":36
  },
  {
    "photo":"https://cdn.shopify.com/s/files/1/0354/8436/9031/products/baguette-japonaise-pour-cuisiner___57_1200x.jpg?v=1604820079",
    "prix":"39.99",
    "titre":"Baguette Japonaise Pour Cuisiner",
    "full_description":" Fabriquées au Japon, cette élégante Baguette Japonaise Pour La Cuisine allie style japonais traditionnel et moderne, ce modèle permet une prise en main parfaite ! /n Fabriqué au Japon Motif de haute qualité /n Super baguettes avec une belle sensation /n Parfait pour un cadeau !/n",
    "categorie":"baguette",
    "id":37
  },
  {
    "photo":"https://cdn.shopify.com/s/files/1/0354/8436/9031/products/acheter-baguettes-japonaises___124_1200x.jpg?v=1604820354",
    "prix":"34.99",
    "titre":"Métal Baguettes Japonaise",
    "full_description":" Fabriquées au Japon, cette élégante Métal Baguettes Japonaises allie style japonais traditionnel et moderne, ce modèle permet une prise en main parfaite ! /n Fabriqué au Japon Motif de haute qualité /n Super baguettes avec une belle sensation /n Parfait pour un cadeau ! /n",
    "categorie":"baguette",
    "id":38
  },
  {
    "photo":"https://cdn.shopify.com/s/files/1/0354/8436/9031/products/Hbc51bc3ebc6048ef8434616bfbc9e8ced_1200x.jpg?v=1604819891",
    "prix":"29.99",
    "titre":"Baguette Japonaise Bambou",
    "full_description":" Fabriquées au Japon, cette élégante Baguette Japonaise Bambou allie style japonais traditionnel et moderne, ce modèle permet une prise en main parfaite ! Fabriqué au Japon Motif de haute qualité /n Super baguettes avec une belle sensation /n Parfait pour un cadeau ! /n",
    "categorie":"baguette",
    "id":39
  },
  {
    "photo":"https://cdn.shopify.com/s/files/1/0354/8436/9031/products/H9db0e6263bd246579401efea3560b408o_1200x.jpg?v=1604819878",
    "prix":"18.99",
    "titre":"Baguette Japonaise Acier",
    "full_description":" Fabriquées au Japon, cette élégante Baguette Japonaise Acier allie style japonais traditionnel et moderne, ce modèle permet une prise en main parfaite !/n Fabriqué au Japon Motif de haute qualité /n Super baguettes avec une belle sensation /n Parfait pour un cadeau ! /n",
    "categorie":"baguette",
    "id":40
  },
  {
    "photo":"https://cdn.shopify.com/s/files/1/0354/8436/9031/products/H3bfa792837fa4462a629bc18437b49a1W_1200x.jpg?v=1604820328",
    "prix":"11.99",
    "titre":"Etui Baguettes Japonaises",
    "full_description":" Fabriquées au Japon, cette élégante Etui Baguettes Japonaises allie style japonais traditionnel et moderne, ce modèle permet une prise en main parfaite ! /n Fabriqué au Japon Motif de haute qualité /n Super baguettes avec une belle sensation /n Parfait pour un cadeau ! /n",
    "categorie":"baguette",
    "id":41
  }
]