[
  {
    "photo": "https://www.alinea.com/fstrz/r/s/www.alinea.com/dw/image/v2/BCKM_PRD/on/demandware.static/-/Sites-ali_master/default/dw52a154d8/images/26606644/COUPELLE-VADIM-26606644-F-1.jpg?sw=982&sh=982&sm=fit&sfrm=png&bgcolor=eef1eb&frz-v=77",
    "prix": "3.00",
    "titre": "Vadim Coupelle ",
    "full_description": "Beauté naturelle /n Repas pigmenté et haut en couleurs avec la coupelle Vadim qui opte pour une forme épurée et un coloris bleu figuerolles qui apportera une belle touche d'élégance à votre table. On apprécie servir ses plats gourmands dans cette belle coupelle en faïence qui joue sur les tons et sur sa couleur étincelante pour souligner vos mets. Elle s'invitera à table en toute simplicité pour créer une ambiance appétissante et accueillante. /n",
    "caracteristiques": {
      "Couleur": "Bleu figuerolles ",
      "Composition": "Faïence",
      "Hauteur": "4,5 cm",
      "Diamètre": "15,5 cm"
    },
    "categorie": "coupelle",
    "id": 0
  },
  {
    "photo": "https://www.alinea.com/fstrz/r/s/www.alinea.com/dw/image/v2/BCKM_PRD/on/demandware.static/-/Sites-ali_master/default/dwd8092834/images/26606262/COUPELLE-VADIM-26606262-F-1.jpg?sw=982&sh=982&sm=fit&sfrm=png&bgcolor=eef1eb&frz-v=77",
    "prix": "3.00",
    "titre": "Vadim Coupelle en faïence gris borie D15,5cm ",
    "full_description": "Beauté naturelle /n Repas en famille avec la coupelle Vadim couleur gris borie. Son élégance est due à sa forme épurée et sa matière brillante qui apportera une touche lumineuse dans votre décoration de table. Vous apprécierez servir vos préparations et jouer sur les tons avec sa couleur claire.  Elle mettra en valeur vos entrées ou vos desserts et s'invitera à votre table pour créer une ambiance douce et poudrée. Pour un rendu harmonieux n'hésitez pas à l'associer avec l'assiette plate de la gamme Vadim /n",
    "caracteristiques": {
      "Couleur": "Gris borie",
      "Composition": "Faïence",
      "Hauteur": "4,5 cm",
      "Diamètre": "15,5 cm"
    },
    "categorie": "coupelle",
    "id": 1
  },
  {
    "photo": "https://www.alinea.com/fstrz/r/s/www.alinea.com/dw/image/v2/BCKM_PRD/on/demandware.static/-/Sites-ali_master/default/dw00ad9a2c/images/26606941/COUPELLE-VADIM-26606941-F-1.jpg?sw=982&sh=982&sm=fit&sfrm=png&bgcolor=eef1eb&frz-v=77",
    "prix": "12.00",
    "titre": "Vadim Coupelle en faïence vert olivier D15,5cm ",
    "full_description": "Beauté naturelle /n Instant nature avec la coupelle Vadim couleur vert olivier. Elle hérite sa couleur de l'olivier, typique arbre méditerranéen. Son élégance est due à sa forme épurée et sa matière brillante apportera une touche lumineuse dans votre décoration de table. Vous apprécierez servir vos préparations et jouer sur les tons avec sa couleur naturelle. Elle s'invitera à votre table pour créer une ambiance douce et conviviale. /n",
    "caracteristiques": {
      "Couleur": " Vert olivier",
      "Composition": "Faïence",
      "Hauteur": "4,5 cm",
      "Diamètre": "15,5 cm"
    },
    "categorie": "coupelle",
    "id": 2
  },
  {
    "photo": "https://www.alinea.com/fstrz/r/s/www.alinea.com/dw/image/v2/BCKM_PRD/on/demandware.static/-/Sites-ali_master/default/dw42de70c2/images/27235584/PLANCHE-LUCU-27235584-F-1.jpg?sw=982&sh=982&sm=fit&sfrm=png&bgcolor=eef1eb&frz-v=77",
    "prix": "20.00",
    "titre": "Lucu Planche en bois de manguier - marron 38X20,5cm ",
    "full_description": "Planche naturelle /n À l'heure où l'authenticité des matières est recherchée, cette planche en bois de manguier se pare d'un design naturel et épuré. Sa matière et son coloris lui confèrent un style artisanal. À la fois décoratif et pratique, cette planche à découper vous sera indispensable pour la mise en de vos préparations culinaires. Vous pouvez aussi vous en servir pour dresser de beaux plateaux de fromages, de charcuteries ou autres apéritifs lors des repas avec vos proches. /n",
    "caracteristiques": {
      "Couleur": " Marron",
      "Composition": "Bois de manguier ",
      "Longueur ": "20,5 cm",
      "Largeur": "38 cm"
    },
    "categorie": "coupelle",
    "id": 3
  },
  {
    "photo": "https://www.alinea.com/fstrz/r/s/www.alinea.com/dw/image/v2/BCKM_PRD/on/demandware.static/-/Sites-ali_master/default/dw3cfde0de/images/27409695/COUPELLE-SIANGLE-27409695-F-1.jpg?sw=982&sh=982&sm=fit&sfrm=png&bgcolor=eef1eb&frz-v=77",
    "prix": "18.00",
    "titre": "Siangle Lot de 6 coupelles empilables en verre - transparent 30 cl ",
    "full_description": "Pour un apéritif joliment présenté /n Ce lot de 6 coupelles en verre est idéal pour dresser vos apéritifs et recevoir vos invités. Avec leur forme triangulaire et leurs bords arrondis, elles vous permettent de présenter différents ingrédients sur votre table de façon élégante et raffiné pour savourer et partager un moment festif. Faciles à ranger, elles sont empilables et conviennent pour un lavage au lave-vaiselle. Si besoin, vous pouvez également réchauffer vos préparations, car elles sont compatibles avec l'utilisation d'un micro-ondes. /n",
    "caracteristiques": {
      "Couleur": " Transparent",
      "Composition": "Verre",
      "Longueur ": "38 cm",
      "Largeur": "24 cm"
    },
    "categorie": "coupelle",
    "id": 4
  },
  {
    "photo": "https://www.alinea.com/fstrz/r/s/www.alinea.com/dw/image/v2/BCKM_PRD/on/demandware.static/-/Sites-ali_master/default/dw4f39efad/images/27168943/ASSIETTE-FERRU-27168943-F-1.jpg?sw=982&sh=982&sm=fit&sfrm=png&bgcolor=eef1eb&frz-v=77",
    "prix": "6.00",
    "titre": "Ferru Coupelle en porcelaine D16cm - noir",
    "full_description": "Couleur singulière /n Cette jolie coupelle vous permet de servir avec finesse vos soupes et autres plats gourmands. Cette vaisselle en porcelaine d'émail réactif va sublimer votre déco de table. En effet, l'émail réactif est une céramique qui apporte une couleur particulière à chaque élément d'une même gamme. Chaque vaisselle de cette sélection arbore une couleur grise avec une pigmentation unique. Découvrez la collection complète qui se compose : assiette plate, assiette creuse et assiette à dessert. /n",
    "caracteristiques": {
      "Couleur": " Noir",
      "Composition": "Porcelaine en émail réactif",
      "Hauteur": "5 cm",
      "Diamètre": "16 cm"
    },
    "categorie": "coupelle",
    "id": 5
  },
  {
    "photo": "https://www.alinea.com/fstrz/r/s/www.alinea.com/dw/image/v2/BCKM_PRD/on/demandware.static/-/Sites-ali_master/default/dw3f89f7a4/images/23370159/Coupelle-Bubble-23370159-B-1.jpg?sw=982&sh=982&sm=fit&sfrm=png&bgcolor=eef1eb&frz-v=77",
    "prix": "4,50",
    "titre": "Bubble Coupelle à dessert 18cl",
    "full_description": "Originale /n Une jolie manière de présenter vos salades de fruits ou glaces à vos invités. Cette coupelle en verre au coloris fumé saura vous séduire par sa forme design et inédite. /n",
    "caracteristiques": {
      "Couleur": "Gris",
      "Composition": "Verre",
      "Hauteur": "8 cm",
      "Diamètre": "11 cm"
    },
    "categorie": "coupelle",
    "id": 6
  },
  {
    "photo": "https://www.alinea.com/fstrz/r/s/www.alinea.com/dw/image/v2/BCKM_PRD/on/demandware.static/-/Sites-ali_master/default/dwea6c938a/images/26508344/COUPELLE-TARA-26508344-F-1.jpg?sw=982&sh=982&sm=fit&sfrm=png&bgcolor=eef1eb&frz-v=77",
    "prix": "5.00",
    "titre": "Tara Coupelle en porcelaine noire 13x9,5 cm",
    "full_description": "Design et sobriété /n Pour un style raffiné à table, on opte pour cette jolie coupelle en porcelaine qui s'offre un design travaillé et soigné avec un bord relevé plus haut sur une partie pour casser la monotonie de la ligne et apporter du dynamisme à votre présentation. Cette coupelle choisit une teinte sombre et un toucher texturé pour apporter une note authentique et élégante à table./n ",
    "caracteristiques": {
      "Couleur": "Noir",
      "Composition": "Porcelaine",
      "Largeur": "13 cm",
      "Profondeur": "9,5 cm"
    },
    "categorie": "coupelle",
    "id": 7
  },
  {
    "photo": "https://www.alinea.com/fstrz/r/s/www.alinea.com/dw/image/v2/BCKM_PRD/on/demandware.static/-/Sites-ali_master/default/dw82e8fc7a/images/27235409/SALADIER-SILVA-27235409-F-1.jpg?sw=982&sh=982&sm=fit&sfrm=png&bgcolor=eef1eb&frz-v=77",
    "prix": "40.00",
    "titre": "Silva Coupe à fruits en bois de manguier - marron D29cm",
    "full_description": "Coupe à fruits /n Cette jolie corbeille à fruits, comme son nom l'indique, est l'ustensile de cuisine parfait pour exposer avec charme vos fruits. En bois de manguier et arborant une belle couleur naturelle, cette coupe à fruits sera un bel élément de décoration pour votre cuisine. Elle peut aussi être placée comme centre de table. /n",
    "caracteristiques": {
      "Couleur": "Marron",
      "Composition": "Bois de manguier",
      "Hauteur": "11,5 cm",
      "Diamètre": "29 cm"
    },
    "categorie": "coupelle",
    "id": 8
  },
  {
    "photo": "https://www.alinea.com/fstrz/r/s/www.alinea.com/dw/image/v2/BCKM_PRD/on/demandware.static/-/Sites-ali_master/default/dw467e0977/images/27140680/Coupelle-AIX-27140680-F-1.jpg?sw=982&sh=982&sm=fit&sfrm=png&bgcolor=eef1eb&frz-v=77",
    "prix": "3.00",
    "titre": "Aix Coupelle en porcelaine motifs jasmin - gris D11,5cm ",
    "full_description": "Nuances gourmandes /n Une silhouette tout en rondeurs pour cette coupelle en porcelaine qui enrichit la décoration de votre table avec une touche de couleur subtile grâce à son coloris gris. Elle adopte de jolis motifs qui s'inspirent du jasmin, plante dotée d'un parfum puissant et oriental empreint d'une grande sensualité afin d'apporter une touche délicate à vos repas. Les tonalités et motifs des coupelles Aix s'harmonisent parfaitement pour vous permettre de créer une décoration de table sans cesse réinventée. /n",
    "caracteristiques": {
      "Couleur": "Gris",
      "Composition": "Vraie porcelaine de Chine",
      "Hauteur": "5,8 cm",
      "Diamètre": "11,5 cm"
    },
    "categorie": "coupelle",
    "id": 9
  },
  {
    "photo": "https://www.alinea.com/fstrz/r/s/www.alinea.com/dw/image/v2/BCKM_PRD/on/demandware.static/-/Sites-ali_master/default/dwc55cb15e/images/26915166/COUPELLE-ATENA-26915166-F-1.jpg?sw=982&sh=982&sm=fit&sfrm=png&bgcolor=eef1eb&frz-v=77",
    "prix": "2.50",
    "titre": "Atena Coupelle en verre strié D15cm",
    "full_description": "Elegance /n Pour un dessert gourmand ou un apéritif festif, la coupelle répond à toutes les occasions. Les stries en relief apportent de l'élégance à votre table et attire la curiosité grâce à son toucher rugueux. Cette coupelle en verre se fond dans tous les styles qu'ils soient épurés ou osé /n",
    "caracteristiques": {
      "Couleur": "Transparent",
      "Composition": "Verre",
      "Hauteur": "6,5 cm",
      "Diamètre": "15 cm"
    },
    "categorie": "coupelle",
    "id": 10
  },
  {
    "photo": "https://www.alinea.com/fstrz/r/s/www.alinea.com/dw/image/v2/BCKM_PRD/on/demandware.static/-/Sites-ali_master/default/dwe3fb3aa4/images/27376706/VERRINE-10CL-SOLIDA-27376706-F-1.jpg?sw=982&sh=982&sm=fit&sfrm=png&bgcolor=eef1eb&frz-v=77",
    "prix": "4.00",
    "titre": "Solida Verrine en verre transparent 10cl ",
    "full_description": "Verrines en verre /n Découvrez cette belle verrine de 10cl, avec ses côtés délicatement cannelées. Le dessin est volontairement convivial et accueillant. Elle incite à la gourmandise, au petit péché délicat, qu'il soit sucré ou salé. Faite en verre sodo-calcique et fabriquée en France, c'est une vaisselle de qualité. Facile d'entretien, elle est adaptée au lave-vaisselle. /n",
    "caracteristiques": {
      "Couleur": "Transparent",
      "Composition": "Verre sodo-calcique.",
      "Hauteur": "5,3 cm",
      "Diamètre": "7,1 cm"
    },
    "categorie": "coupelle",
    "id": 11
  },
  {
    "photo": "https://www.alinea.com/fstrz/r/s/www.alinea.com/dw/image/v2/BCKM_PRD/on/demandware.static/-/Sites-ali_master/default/dw3378ebd2/images/26508368/COUPELLE-TARA-26508368-F-1.jpg?sw=982&sh=982&sm=fit&sfrm=png&bgcolor=eef1eb&frz-v=77",
    "prix": "7.00",
    "titre": "Tara Coupelle en porcelaine qualité hôtelière 14x9,5cm",
    "full_description": "Design et sobriété :n On craque pour cette coupelle en porcelaine qualité hôtelière qui se distingue par un design travaillé et soigné avec un bord relevé plus haut sur une partie afin de rompre la monotonie et d'apporter du dynamisme à votre présentation. Cette coupelle surprend aussi par sa forme et son toucher texturé qui apportent du caractère à votre table. /n",
    "caracteristiques": {
      "Couleur": "Noir",
      "Composition": "Porcelaine",
      "Largeur": "14,5 cm",
      "Profondeur": "9,5 cm"
    },
    "categorie": "coupelle",
    "id": 12
  },
  {
    "photo": "https://www.alinea.com/fstrz/r/s/www.alinea.com/dw/image/v2/BCKM_PRD/on/demandware.static/-/Sites-ali_master/default/dw8e65902c/images/26698601/COUPELLE-ESTEVE-26698601-F-1.jpg?sw=982&sh=982&sm=fit&sfrm=png&bgcolor=eef1eb&frz-v=77",
    "prix": "17.00",
    "titre": "Esteve Coupelle ronde en acacia D20",
    "full_description": "Esprit voyageur /n Une jolie coupelle en bois d'acacia qui prendra place sur les tables d'été. Cette coupelle de 20cm de diamètre propose une vraie authenticité avec un bois laissant apparaître le veinage. Un petit plat qui sera parfait pour y déposer antipasti ou autres délices de saison et partager ainsi de longs moments conviviaux en famille ou entre amis à refaire le monde. /n",
    "caracteristiques": {
      "Couleur": "Marron",
      "Composition": "Acacia",
      "Hauteur": "2,5 cm",
      "Diamètre": "20 cm"
    },
    "categorie": "coupelle",
    "id": 13
  },
  {
    "photo": "https://www.alinea.com/fstrz/r/s/www.alinea.com/dw/image/v2/BCKM_PRD/on/demandware.static/-/Sites-ali_master/default/dw0b58c2f5/images/26508948/COUPELLE-CAFI-26508948-F-1.jpg?sw=982&sh=982&sm=fit&sfrm=png&bgcolor=eef1eb&frz-v=77",
    "prix": "3.00",
    "titre": "Cafi Coupelle en porcelaine vert olivier D12cm ",
    "full_description": "Repas en famille /n Partagez un moment de douceur autour d'un bon dessert avec ces coupelles Cafi. Cette coupelle en porcelaine prend sa couleur de l'olivier, typique arbre méditerranéen qui vous apportera un instant de nature. Idéale pour présentez des desserts typiques de la région, cette coupelle présente une finition avec un rebord blanc qui lui confère une note de délicatesse. Vous pourrez mixer les couleurs grâce aux nuances que propose la gamme Cafi, pour un rendu unique. /n",
    "caracteristiques": {
      "Couleur": "Vert olivier",
      "Composition": "Porcelaine",
      "Hauteur": "7 cm",
      "Diamètre": "12,5 cm"
    },
    "categorie": "coupelle",
    "id": 14
  },
  {
    "photo": "https://www.alinea.com/fstrz/r/s/www.alinea.com/dw/image/v2/BCKM_PRD/on/demandware.static/-/Sites-ali_master/default/dwc5e06f5f/images/27297148/COUPELLE-MINORQUE-27297148-F-1.jpg?sw=982&sh=982&sm=fit&sfrm=png&bgcolor=eef1eb&frz-v=77",
    "prix": "6.00",
    "titre": "Minorque Coupelle en grès - beige mat D13cm ",
    "full_description": "Nature et authenticité /n Pour une décoration de table épurée et délicate, cette coupelle en grès d'un diamètre de 13cm, apporte la touche finale à votre dressage. Elle s'invite sur votre table pour une ambiance authentique et délicate grâce au grès, une matière brute et naturelle, d'une teinte beige mat. Assortie à l'assiette à dessert de la même gamme, régalez les papilles et les pupilles de vos invités grâce une table joliment dressée. /n",
    "caracteristiques": {
      "Couleur": "Beige",
      "Composition": "Grès",
      "Hauteur": "4,5 cm",
      "Diamètre": "13 cm"
    },
    "categorie": "coupelle",
    "id": 15
  },
  {
    "photo": "https://www.alinea.com/fstrz/r/s/www.alinea.com/dw/image/v2/BCKM_PRD/on/demandware.static/-/Sites-ali_master/default/dw23f283e0/images/27140482/Coupelle-AIX-27140482-F-1.jpg?sw=982&sh=982&sm=fit&sfrm=png&bgcolor=eef1eb&frz-v=77",
    "prix": "3.00",
    "titre": "Aix Coupelle en porcelaine motifs laurier - beige roucas D11,5cm ",
    "full_description": "Nuances gourmandes /n Le laurier au feuillage dense et persistant est réputé pour ses propriétés aromatiques. Il s'invite ici en motifs à l'intérieur de cette jolie coupelle en porcelaine qui opte pour des motifs mais aussi un coloris uni beige roucas sur l'extérieur. Véritable objet déco de la table, la coupelle Aix dévoile un design délicat avec des motifs en forme de feuilles de laurier qui sauront ouvrir l'appétit des gourmands. On se surprend à marier les teintes et les motifs de ces coupelles pour une décoration généreuse aux accents méditerranéens. /n",
    "caracteristiques": {
      "Couleur": "Beige roucas",
      "Composition": "Vraie porcelaine de Chine",
      "Hauteur": "5,8 cm",
      "Diamètre": "11,5 cm"
    },
    "categorie": "coupelle",
    "id": 16
  },
  {
    "photo": "https://www.alinea.com/fstrz/r/s/www.alinea.com/dw/image/v2/BCKM_PRD/on/demandware.static/-/Sites-ali_master/default/dwe636180f/images/27190326/COUPELLE-NIERO-27190326-F-1.jpg?sw=982&sh=982&sm=fit&sfrm=png&bgcolor=eef1eb&frz-v=77",
    "prix": "5.00",
    "titre": "Niero Coupelle en faïence D16cm - noir",
    "full_description": "Vaisselle chic /n Découvrez la coupelle Niero. Son nom reflète sa couleur. Une vaisselle de couleur noire, pour un rendu chic. Elle arbore un contour blanc très fin, ainsi ce détail apporte davantage d'élégance à ce saladier. Elle apportera de la matière à la déco de votre table. Vous pourrez y servir vos soupes et salades avec grâce. Pour un dressage de table réussi, associez-la avec des éléments en accord avec son coloris. Vous allez passer d'agréables moments de partage et savourer de bons repas avec vos proches. N'hésitez pas à compléter votre service avec le reste de la gamme qui comprend : assiette plate et assiette à dessert. /n",
    "caracteristiques": {
      "Couleur": "Noir",
      "Composition": "Faïence",
      "Hauteur": "7 cm",
      "Diamètre": "16 cm"
    },
    "categorie": "coupelle",
    "id": 17
  },
  {
    "photo": "https://www.alinea.com/fstrz/r/s/www.alinea.com/dw/image/v2/BCKM_PRD/on/demandware.static/-/Sites-ali_master/default/dw9fd0e4d8/images/26717487/COUPELLE-ESTEVE-26717487-F-1.jpg?sw=982&sh=982&sm=fit&sfrm=png&bgcolor=eef1eb&frz-v=77",
    "prix": "9.00",
    "titre": "Esteve Coupelle carrée en acacia 14 x 14cm",
    "full_description": "Esprit voyageur /n Une jolie petite coupelle carrée en bois d'acacia qui prendra place sur les tables d'été. Cette coupelle de 14x14cm propose une vraie authenticité avec un bois laissant apparaître le veinage. Un petit plat qui sera parfait pour y déposer caviar d'aubergine, houmous ou autres délices méditerranéens et partager ainsi de longs moments conviviaux en famille ou entre amis à refaire le monde. /n",
    "caracteristiques": {
      "Couleur": "Marron",
      "Composition": "Acacia",
      "Largeur": "14 cm",
      "Longueur": "14 cm"
    },
    "categorie": "coupelle",
    "id": 18
  },
  {
    "photo": "https://www.alinea.com/fstrz/r/s/www.alinea.com/dw/image/v2/BCKM_PRD/on/demandware.static/-/Sites-ali_master/default/dw99e92f03/images/26717524/COUPELLE-ESTEVE-26717524-F-1.jpg?sw=982&sh=982&sm=fit&sfrm=png&bgcolor=eef1eb&frz-v=77",
    "prix": "10.00",
    "titre": "Esteve Coupelle ronde en acacia avec manche D15cm ",
    "full_description": "Esprit voyageur /n Une jolie petite coupelle en bois d'acacia qui prendra place sur les tables d'été . Il émane une vraie authenticité de cette coupelle avec manche grâce à un bois laissant apparaître le veinage. Un petit plat qui sera parfait pour y déposer antipasti ou autres délices de saison et partager ainsi de longs moments conviviaux en famille ou entre amis à refaire le monde. /n",
    "caracteristiques": {
      "Couleur": "Marron",
      "Composition": "Acacia",
      "Hauteur": "2 cm",
      "Diamètre": "15 cm"
    },
    "categorie": "coupelle",
    "id": 19
  },
  {
    "photo": "https://www.alinea.com/fstrz/r/s/www.alinea.com/dw/image/v2/BCKM_PRD/on/demandware.static/-/Sites-ali_master/default/dw97cf6a01/images/26717500/COUPELLE-ESTEVE-26717500-F-1.jpg?sw=982&sh=982&sm=fit&sfrm=png&bgcolor=eef1eb&frz-v=77",
    "prix": "9.00",
    "titre": "Esteve Coupelle rectangulaire en acacia L20cm",
    "full_description": "Esprit voyageur /n Une jolie coupelle rectangulaire en bois d'acacia qui prendra place sur les tables d'été pour compléter une vaisselle aux tonalités naturelles. Cette coupelle d'une longueur de 20cm propose une vraie authenticité avec un bois laissant apparaître le veinage. Un petit plat qui sera parfait pour y déposer antipasti ou autres délices méditerranéens et partager ainsi de longs moments conviviaux en famille ou entre amis à refaire le monde. /n",
    "caracteristiques": {
      "Couleur": "Marron",
      "Composition": "Acacia",
      "Largeur": "20,2 cm",
      "Profondeur": "10 cm"
    },
    "categorie": "coupelle",
    "id": 20
  },
  {
    "photo": "https://www.alinea.com/fstrz/r/s/www.alinea.com/dw/image/v2/BCKM_PRD/on/demandware.static/-/Sites-ali_master/default/dwc54e15c7/images/26508986/COUPELLE-CAFI-26508986-F-1.jpg?sw=982&sh=982&sm=fit&sfrm=png&bgcolor=eef1eb&frz-v=77",
    "prix": "6.00",
    "titre": "Cafi Coupelle en porcelaine bleu figuerolles D12cm ",
    "full_description": "Repas en famille /n Partagez un moment de douceur autour d'un dessert grâce à ces jolies coupelles Cafi. Cette coupelle en porcelaine prend sa couleur de l'eau des calanques de figuerolles à la Ciotat, où l'eau est d'un bleu somptueux. Avec cette couleur vous serez transportés pour un moment de bien-être et de rafraîchissement. Côté esthétique, son rebord blanc lui confère une note de délicatesse et une finition simple et raffinée. N'hésitez pas à mixer les couleurs pour un rendu unique. /n",
    "caracteristiques": {
      "Couleur": "Bleu figuerolles ",
      "Composition": "Porcelaine",
      "Hauteur": "7 cm",
      "Diamètre": "12,5 cm"
    },
    "categorie": "coupelle",
    "id": 21
  },
  {
    "photo": "https://www.alinea.com/fstrz/r/s/www.alinea.com/dw/image/v2/BCKM_PRD/on/demandware.static/-/Sites-ali_master/default/dw626441c3/images/27178362/COUPELLE-NEVE-27178362-F-1.jpg?sw=982&sh=982&sm=fit&sfrm=png&bgcolor=eef1eb&frz-v=77",
    "prix": "4.00",
    "titre": "Neve Coupelle en grès - blanc avec liseré marron - D9cm ",
    "full_description": "L'élégance à table /n Quoi de mieux pour finir un déjeuner ou un dîner qu'un bon dessert? Avec cette jolie coupelle blanche, souligné d'un fin liseré marron, vous pourrez mettre en valeur tous les mets realisés et régaler ainsi vos convives et vos proches. Composé de grès, une matière traditionnelle remise au goût du jour, sublimez vos repas avec cette petite vaisselle facile d'entretien puisqu'elle convient pour un passage au lave-vaiselle. /n",
    "caracteristiques": {
      "Couleur": "Blanc",
      "Composition": "Grès",
      "Hauteur": "5 cm",
      "Diamètre": "9 cm"
    },
    "categorie": "coupelle",
    "id": 22
  },
  {
    "photo": "https://www.alinea.com/fstrz/r/s/www.alinea.com/dw/image/v2/BCKM_PRD/on/demandware.static/-/Sites-ali_master/default/dw52801b17/images/26509921/COUPELLE-CAFI-26509921-F-1.jpg?sw=982&sh=982&sm=fit&sfrm=png&bgcolor=eef1eb&frz-v=77",
    "prix": "3.00",
    "titre": "Cafi Coupelle en porcelaine beige roucas D12cm ",
    "full_description": "Repas en famille /n Profitez d'un repas dans une ambiance naturelle avec la coupelle Cafi. Idéale pour servir vos entrées ou vos desserts, sa couleur beige roucas contrastera parfaitement avec vos présentations. Sa porcelaine associée à sa couleur beige lui donnent un rendu poudré et délicat à table. Son rebord blanc en finiton lui procure une note simple et raffinée qui contraste avec la couleur de la coupelle. Vous pourrez mixer les couleurs pour un rendu unique. /n",
    "caracteristiques": {
      "Couleur": "Beige roucas ",
      "Composition": "Porcelaine",
      "Hauteur": "7 cm",
      "Diamètre": "12,5 cm"
    },
    "categorie": "coupelle",
    "id": 23
  },
  {
    "photo": "https://www.alinea.com/fstrz/r/s/www.alinea.com/dw/image/v2/BCKM_PRD/on/demandware.static/-/Sites-ali_master/default/dw0df2e449/images/26508962/COUPELLE-CAFI-26508962-F-1.jpg?sw=982&sh=982&sm=fit&sfrm=png&bgcolor=eef1eb&frz-v=77",
    "prix": "6.00",
    "titre": "Cafi Coupelle en porcelaine rouge arbouse D12cm",
    "full_description": "Repas en famille /n Profitez d'un repas vitaminé avec la coupelle Cafi. Idéale pour servir vos entrées ou vos desserts, sa couleur rouge arbouse vous donnera appétit. Sa porcelaine associée à sa couleur rouge lui donnent un rendu très stylé et appréciable à table. Son rebord blanc en finiton lui procure une note simple et raffinée qui contraste avec la couleur de la coupelle. Vous pourrez mixer les couleurs pour un rendu unique /n",
    "caracteristiques": {
      "Couleur": "Rouge arbouse",
      "Composition": "Porcelaine",
      "Hauteur": "7 cm",
      "Diamètre": "12,5 cm"
    },
    "categorie": "coupelle",
    "id": 24
  },
  {
    "photo": "https://www.alinea.com/fstrz/r/s/www.alinea.com/dw/image/v2/BCKM_PRD/on/demandware.static/-/Sites-ali_master/default/dw626441c3/images/27178362/COUPELLE-NEVE-27178362-F-1.jpg?sw=982&sh=982&sm=fit&sfrm=png&bgcolor=eef1eb&frz-v=77",
    "prix": "4.00",
    "titre": "Neve Coupelle en grès - blanc avec liseré marron - D9cm ",
    "full_description": "L'élégance à table /n Quoi de mieux pour finir un déjeuner ou un dîner qu'un bon dessert? Avec cette jolie coupelle blanche, souligné d'un fin liseré marron, vous pourrez mettre en valeur tous les mets realisés et régaler ainsi vos convives et vos proches. Composé de grès, une matière traditionnelle remise au goût du jour, sublimez vos repas avec cette petite vaisselle facile d'entretien puisqu'elle convient pour un passage au lave-vaiselle. /n",
    "caracteristiques": {
      "Couleur": "Blanc",
      "Composition": "Grès",
      "Hauteur": "5 cm",
      "Diamètre": "9 cm"
    },
    "categorie": "coupelle",
    "id": 25
  },
  {
    "photo": "https://www.alinea.com/fstrz/r/s/www.alinea.com/dw/image/v2/BCKM_PRD/on/demandware.static/-/Sites-ali_master/default/dwc5111749/images/27376690/COUPE-A-GLACE-MARIN-27376690-F-1.jpg?sw=982&sh=982&sm=fit&sfrm=png&bgcolor=eef1eb&frz-v=77",
    "prix": "8.00",
    "titre": "Marin Coupe à glace en verre transparent 29cl",
    "full_description": "Coupe à glace inspirée des traditions /n Découvrez cette coupe à glace en verre pressé à paraison côtelée. La coupe Marin est idéale pour servir un café liégeois ou tout autre dessert glacé. Cette coupe à glace vient compléter avec charme votre vaisselle. Fabriquée en France, c'est une pièce de qualité, très résistante et adaptée au lave-vaisselle /n ",
    "caracteristiques": {
      "Couleur": "Transparent",
      "Composition": "Verre sodo-calcique.",
      "Hauteur": "18,4 cm",
      "Diamètre": "8,2 cm"
    },
    "categorie": "coupelle",
    "id": 26
  },
  {
    "photo": "https://www.alinea.com/fstrz/r/s/www.alinea.com/dw/image/v2/BCKM_PRD/on/demandware.static/-/Sites-ali_master/default/dw59010112/images/27376713/VERRINE-17CL-SOLIDA-27376713-F-1.jpg?sw=982&sh=982&sm=fit&sfrm=png&bgcolor=eef1eb&frz-v=77",
    "prix": "5.00",
    "titre": "Solida en verre transparent 17cl",
    "full_description": "Verrines en verre /n Découvrez cette jolie verrine de 17 cl. Cette verrine arbore des côtes délicatement cannelées et des lignes conviviales inspirées de l'histoire de la pâtisserie française. La gamme Solida rappelle les douceurs d'enfance préparées par nos grands-mères. Cette verrine est une invitation à la gourmandise, aux petits péchés délicats salés ou sucrés. En verre sodo-calcique et fabriquée en France, c'est une vaisselle de qualité qui vous est présentée. Adaptée au lave-vaisselle, elle est facile d'entretien. Cette verrine se décline en plusieurs formats. /n",
    "caracteristiques": {
      "Couleur": "Transparent",
      "Composition": "Verre sodo-calcique",
      "Hauteur": "6,2 cm",
      "Diamètre": "8,2 cm"
    },
    "categorie": "coupelle",
    "id": 27
  },
  {
    "photo": "https://www.alinea.com/fstrz/r/s/www.alinea.com/dw/image/v2/BCKM_PRD/on/demandware.static/-/Sites-ali_master/default/dw40fa6ed1/images/27376720/VERRINE-29CL-SOLIDA-27376720-F-1.jpg?sw=982&sh=982&sm=fit&sfrm=png&bgcolor=eef1eb&frz-v=77",
    "prix": "7.00",
    "titre": "Sodida Verrine en verre transparent 29cl ",
    "full_description": "Verrines en verre /n Découvrez cette grande verrine de 29 cl. Avec ses côtes délicatement cannelées et ses lignes conviviales inspirées de l'histoire de la pâtisserie française, la gamme Solida rappelle les douceurs d'enfance préparées par nos grands-mères. Une invitation à la gourmandise, aux petits péchés délicats salés ou sucrés. Faite en verre sodo-calcique et fabriquée en France, c'est une vaisselle de qualité. Facile d'entretien, elle est adaptée au lave-vaisselle. Elle existe dans un autre format. /n ",
    "caracteristiques": {
      "Couleur": "Transparent",
      "Composition": "Verre sodo-calcique",
      "Hauteur": "7,2 cm",
      "Diamètre": "9,6 cm"
    },
    "categorie": "coupelle",
    "id": 28
  },
  {
    "photo": "https://www.alinea.com/fstrz/r/s/www.alinea.com/dw/image/v2/BCKM_PRD/on/demandware.static/-/Sites-ali_master/default/dw242a3fa0/images/26606583/COUPELLE-VADIM-26606583-F-1.jpg?sw=982&sh=982&sm=fit&sfrm=png&bgcolor=eef1eb&frz-v=77",
    "prix": "3.00",
    "titre": "Vadim Coupelle en faïence vert cèdre D15,5cm ",
    "full_description": "Beauté naturelle /n Instant nature avec la coupelle Vadim couleur vert cèdre. Elle hérite sa couleur du cèdre, arbre originaire du Moyen-Orient. Cette coupelle doit son élégance à sa forme épurée et au rendu brillant de sa matière. Vous apprécierez servir vos préparations et jouer sur les tons avec sa couleur naturelle. Elle s'invitera à votre table pour créer une ambiance douce et conviviale. Laissez-vous transporter le temps d'un repas pour un moment de détente et de partage délicieux. /n ",
    "caracteristiques": {
      "Couleur": "Vert cèdre ",
      "Composition": "Faïence",
      "Hauteur": "4,5 cm",
      "Diamètre": "15,5 cm"
    },
    "categorie": "coupelle",
    "id": 29
  },
  {
    "photo": "https://www.alinea.com/fstrz/r/s/www.alinea.com/dw/image/v2/BCKM_PRD/on/demandware.static/-/Sites-ali_master/default/dwf538849b/images/27140789/Coupelle-AIX-27140789-F-1.jpg?sw=982&sh=982&sm=fit&sfrm=png&bgcolor=eef1eb&frz-v=77",
    "prix": "3.00",
    "titre": "Aix Coupelle en porcelaine motifs jasmin - vert cèdre D11,5cm ",
    "full_description": "Nuances gourmandes /n Esprit délicat pour cette coupelle en porcelaine que l'on utilise pour servir les entrées gourmandes et généreuses. Elle adopte un design riche avec un coloris uni vert cèdre sur la partie extérieure et des motifs qui s'inspirent du jasmin à l'intérieur. Son coloris associé aux motifs crée une ambiance raffinée et empreinte de douceur à table. Le jasmin considéré en orient comme le symbole de l'amour apporte une grande sensualité à votre présentation et souligne vos mets pour en sublimer l'allure. La coupelle Aix, à travers une esthétique travaillée vous propose une large palette de teintes et de motifs pour créer une décoration de table harmonieuse où assiettes, couverts, nappes et coupelles se côtoient et se marient pour embellir l'instant du déjeuner. /n",
    "caracteristiques": {
      "Couleur": "Vert cèdre ",
      "Composition": "Faïence",
      "Hauteur": "5,8 cm",
      "Diamètre": "11,5 cm"
    },
    "categorie": "coupelle",
    "id": 30
  },
  {
    "photo": "https://www.alinea.com/fstrz/r/s/www.alinea.com/dw/image/v2/BCKM_PRD/on/demandware.static/-/Sites-ali_master/default/dw3923bf37/images/26606521/COUPELLE-VADIM-26606521-F-1.jpg?sw=982&sh=982&sm=fit&sfrm=png&bgcolor=eef1eb&frz-v=77",
    "prix": "3.00",
    "titre": "Vadim Coupelle en faïence gris restanque D15,5cm",
    "full_description": "Beauté naturelle /n Instant nature avec la coupelle Vadim gris restanque. Son design épuré et sa forme originale lui offrent une certaine élégance. Vous apprécierez servir vos desserts ou vos entrées et jouer sur les tons avec sa couleur naturelle. Elle s'invitera à votre table pour créer une ambiance douce et conviviale. Laissez-vous transporter le temps d'un repas pour un moment de détente et de partage délicieux. /n",
    "caracteristiques": {
      "Couleur": "Gris restanque",
      "Composition": "Faïence",
      "Hauteur": "4,5 cm",
      "Diamètre": "15,5 cm"
    },
    "categorie": "coupelle",
    "id": 31
  },
  {
    "photo": "https://www.alinea.com/fstrz/r/s/www.alinea.com/dw/image/v2/BCKM_PRD/on/demandware.static/-/Sites-ali_master/default/dw60aa6f41/images/26606842/COUPELLE-VADIM-26606842-F-1.jpg?sw=982&sh=982&sm=fit&sfrm=png&bgcolor=eef1eb&frz-v=77",
    "prix": "3.00",
    "titre": "Vadim Coupelle en faïence blanc ventoux D15,5cm",
    "full_description": "Beauté naturelle /n Repas en famille avec la coupelle Vadim couleur blanc ventoux. Son élégance est due à sa forme épurée et sa matière brillante qui apportera une touche lumineuse dans votre décoration de table. Vous apprécierez servir vos préparations et jouer sur les tons avec sa couleur claire.  Elle mettra en valeur vos entrées ou vos desserts et s'invitera à votre table pour créer une ambiance douce et accueillante. Pour un rendu harmonieux n'hésitez pas à l'associer avec l'assiette plate de la gamme Vadim. /n",
    "caracteristiques": {
      "Couleur": "Blanc ventoux ",
      "Composition": "Faïence",
      "Hauteur": "4,5 cm",
      "Diamètre": "15,5 cm"
    },
    "categorie": "coupelle",
    "id": 32
  },
  {
    "photo": "https://www.alinea.com/fstrz/r/s/www.alinea.com/dw/image/v2/BCKM_PRD/on/demandware.static/-/Sites-ali_master/default/dwbfe8720d/images/27140581/Coupelle-AIX-27140581-F-1.jpg?sw=982&sh=982&sm=fit&sfrm=png&bgcolor=eef1eb&frz-v=77",
    "prix": "3.00",
    "titre": "Aix Coupelle en porcelaine motifs jasmin - bleu figuerolles D11,5cm",
    "full_description": "Nuances gourmandes /n Une silhouette tout en rondeurs et en simplicité pour cette jolie coupelle en porcelaine qui enrichit la décoration de votre table par son coloris bleu figuerolles. Elle s'offre des motifs qui s'inspirent du jasmin pour apporter une touche de sensualité à vos repas. Ce décor végétal vous permettra de mettre en valeur vos entrées avec raffinement et on se surprend à marier les teintes et les motifs des coupelles Aix pour une décoration de table élégante et généreuse. /n",
    "caracteristiques": {
      "Couleur": "Bleu figuerolles",
      "Composition": "Vraie porcelaine de Chine",
      "Hauteur": "5,8 cm",
      "Diamètre": "11,5 cm"
    },
    "categorie": "coupelle",
    "id": 33
  },
  {
    "photo": "https://www.alinea.com/fstrz/r/s/www.alinea.com/dw/image/v2/BCKM_PRD/on/demandware.static/-/Sites-ali_master/default/dweff0d511/images/21318863/RAMEQUIN-QUEEN-21318863-B-1.jpg?sw=982&sh=982&sm=fit&sfrm=png&bgcolor=eef1eb&frz-v=77",
    "prix": "4.00",
    "titre": "Queen Coupelle en porcelaine - blanc ",
    "full_description": "Contemporain chic /n Esprit japonisant et forme contemporaine pour ce ramequin rectangulaire en porcelaine blanche vraiment original. /n ",
    "caracteristiques": {
      "Couleur": "Blanc",
      "Composition": "Porcelaine",
      "Longueur": "10 cm",
      "Largeur": "10 cm"
    },
    "categorie": "coupelle",
    "id": 34
  },
  {
    "photo": "https://www.alinea.com/fstrz/r/s/www.alinea.com/dw/image/v2/BCKM_PRD/on/demandware.static/-/Sites-ali_master/default/dw1e4ddfe9/images/27140383/Coupelle-AIX-27140383-F-1.jpg?sw=982&sh=982&sm=fit&sfrm=png&bgcolor=eef1eb&frz-v=77",
    "prix": "3.00",
    "titre": "Aix Coupelle en porcelaine motifs laurier - vert cèdre D11,5cm ",
    "full_description": "Nuances gourmandes /n Le laurier, au feuillage dense et persistant est réputé pour ses propriétés aromatiques et très utilisé dans la gastronomie provençale. Il s'invite ici en motifs sur cette coupelle en porcelaine qui opte pour un design riche et délicat. Côté colorama, on opte pour une teinte tendre vert cèdre qui s'accordera facilement avec vos assiettes et vos couverts. A l'intérieur de la coupelle, les motifs en forme de feuilles de laurier appellent à la gourmandises et ouvrent l'appértit. Une belle gamme de coupelles qui combine les plaisirs et suggère de varier les associations en vous proposant une large palette de teintes et de motifs pour créer chaque jour une décoration de table empreinte de délicatesse pour des pauses gourmandes qui riment avec détente. /n",
    "caracteristiques": {
      "Couleur": "Vert cèdre",
      "Composition": "Vraie porcelaine de Chine",
      "Hauteur": "5,8 cm",
      "Diamètre": "11,5 cm"
    },
    "categorie": "coupelle",
    "id": 35
  },
  {
    "photo": "https://www.alinea.com/fstrz/r/s/www.alinea.com/dw/image/v2/BCKM_PRD/on/demandware.static/-/Sites-ali_master/default/dwb2005590/images/27140185/Coupelle-AIX-27140185-F-1.jpg?sw=982&sh=982&sm=fit&sfrm=png&bgcolor=eef1eb&frz-v=77",
    "prix": "3.00",
    "titre": "Aix Coupelle en porcelaine motifs laurier - bleu figuerolles D11,5cm ",
    "full_description": "Nuances gourmandes /n Une silhouette tout en rondeur et en simplicité pour cette jolie coupelle en porcelaine qui enrichit la décoration de votre table par son coloris bleu figuerolles. Elle adopte des motifs en forme de feuilles de laurier à l'intérieur pour créer la surprise et apporter une touche déco délicate et gourmande à vos repas. Le laurier, principalement connu pour ses qualités aromatiques évoque ici la gastronomie provençale, ses plats hauts en couleurs et sa générosité. La coupelle Aix suggère de varier les associations en proposant de nombreuses teintes et motifs pour vous permettre de créer une décoration de table harmonieuse où assiettes, couverts, linge de table et coupelles se côtoient et se complètent pour embellir le moment du déjeuner. /n",
    "caracteristiques": {
      "Couleur": "Bleu figuerolles ",
      "Composition": "Vraie porcelaine de Chine",
      "Hauteur": "5,8 cm",
      "Diamètre": "11,5 cm"
    },
    "categorie": "coupelle",
    "id": 36
  },
  {
    "photo": "https://www.alinea.com/fstrz/r/s/www.alinea.com/dw/image/v2/BCKM_PRD/on/demandware.static/-/Sites-ali_master/default/dw22007cf2/images/27140284/Coupelle-AIX-27140284-F-1.jpg?sw=982&sh=982&sm=fit&sfrm=png&bgcolor=eef1eb&frz-v=77",
    "prix": "3.00",
    "titre": "Aix Coupelle en porcelaine motifs laurier - gris D11,5cm ",
    "full_description": "Nuances gourmandes /n Le laurier, réputé pour ses propriétés aromatiques est très utilisé dans la gastronomie provençale. Il s'invite ici en motifs sur cette jolie coupelle en porcelaine qui opte pour un design riche et délicat. Côté colorama elle préfère une teinte gris pour s'accorder facilement avec votre vaisselle tout en apportant une touche de couleur à votre table. Cette coupelle dévoile un design délicat avec ses motifs en forme de feuilles de laurier qui sauron ouvrir l'appétit des gourmands. On se surprend à marier les couleurs et les motifs des coupelles Aix pour une décoration de table aux accents méditerranéens. /n",
    "caracteristiques": {
      "Couleur": "Gris",
      "Composition": "Vraie porcelaine de Chine",
      "Hauteur": "5,8 cm",
      "Diamètre": "11,5 cm"
    },
    "categorie": "coupelle",
    "id": 37
  },
  {
    "photo": "https://www.alinea.com/fstrz/r/s/www.alinea.com/dw/image/v2/BCKM_PRD/on/demandware.static/-/Sites-ali_master/default/dw2bbe591e/images/27140888/Coupelle-AIX-27140888-F-1.jpg?sw=982&sh=982&sm=fit&sfrm=png&bgcolor=eef1eb&frz-v=77",
    "prix": "3.00",
    "titre": "Aix Coupelle en porcelaine motifs jasmin - beige roucas D11,5cm",
    "full_description": "Nuances gourmandes /n Voile de délicatesse à table avec cette belle coupelle en porcelaine qui opte pour un design riche et raffiné pour une table qui ouvre l'appétit dès le début du repas. Le jasmin considéré en orient comme le symbole de l'amour s'invite ici en motifs sur cette coupelle pour un design végétal empreint de tendresse. Ces motifs sauront mettre en valeur vos entrées gourmandes avec style et raffinement. La coupelle Aix suggère de varier les associations en proposant une large palette de teintes et de motifs pour vous permettre de dresser une table où assiettes, couverts, verres et coupelles se côtoient et se complètent pour embellir l'instant du déjeuner. /n",
    "caracteristiques": {
      "Couleur": "Beige roucas",
      "Composition": "Vraie porcelaine de Chine",
      "Hauteur": "5,8 cm",
      "Diamètre": "11,5 cm"
    },
    "categorie": "coupelle",
    "id": 38
  }
]