[
  {
    "photo": "https://medias.maisonsdumonde.com/image/upload/q_auto,f_auto/w_1000/img/dessous-de-verre-en-papier-motifs-graphiques-noirs-et-ecrus-x6-1000-8-26-220073_1.jpg",
    "prix": "7.18",
    "titre": "WIENERBEG - Dessous de verre en papier motifs graphiques noirs et écrus",
    "caracteristique": {
      "Matière principale": "Papier",
      "Largeur": "10 cm",
      "Poids": "0,8 cm",
      "Profondeur": "10 cm"
    },
    "categorie": "vin_et_coktail",
    "id": 0
  },
  {
    "photo": "https://medias.maisonsdumonde.com/image/upload/q_auto,f_auto/w_1000/img/seau-a-glace-en-inox-blanc-et-gris-1000-13-26-218310_1.jpg",
    "prix": "27.99",
    "titre": "AMBROISE - Seau à glace en inox blanc et gris",
    "caracteristique": {
      "Matière principale": "Inox",
      "Hauteur": "20 cm",
      "Largeur": "18,3 cm",
      "Poids": "0,6 cm",
      "Profondeur": "14,5 cm"
    },
    "categorie": "vin_et_coktail",
    "id": 1
  },
  {
    "photo": "https://medias.maisonsdumonde.com/image/upload/q_auto,f_auto/w_1000/img/tire-bouchon-en-metal-argente-et-acacia-1000-12-19-219533_1.jpg",
    "prix": "6.99",
    "titre": "ALFRED - Tire-bouchon en métal argenté et acacia",
    "caracteristique": {
      "Matière principale": "Métal",
      "Hauteur": "2,8 cm",
      "Largeur": "8 cm",
      "Profondeur": "15 cm"
    },
    "categorie": "vin_et_coktail",
    "id": 2
  },
  {
    "photo": "https://medias.maisonsdumonde.com/images/q_auto,f_auto/w_1000/mkp/M21030009_1/6-dessous-de-verre-en-bois-a-customiser-d9-5cm.jpg",
    "prix": "8.90",
    "titre": "BOIS - 6 dessous de verre en bois à customiser D9,5cm",
    "full_description": "6 dessous de verre en bois à customiser Ø 9,5 cm Décorez vos 6 dessous de verre rond en bois médium avec de la peinture acrylique, du vernis, de la mosaïque, etc. Adaptez votre personnalisation à votre décoration ou partagez une activité manuelle entre amis en customisant vos dessous de verre. Le bois est idéal pour la personnalisation car on peut travailler avec de nombreux matériaux comme la peinture, le vernis, les marqueurs ou même faire de la pyrogravure.",
    "caracteristique": {
      "Couleur principale": "Beige",
      "Matière principale": "Bois",
      "Hauteur": "1 cm",
      "Largeur": "10 cm",
      "Profondeur": "10 cm"
    },
    "categorie": "vin_et_coktail",
    "id": 3
  },
  {
    "photo": "https://medias.maisonsdumonde.com/images/q_auto,f_auto/w_1000/mkp/M21056964_1/seau-a-champagne-en-metal-noir.jpg",
    "prix": "12.00",
    "titre": "METAL - Seau à champagne en métal noir",
    "full_description": "Seau à champagne rond en inox noir",
    "caracteristique": {
      "Couleur principale": "Noir",
      "Matière principale": "Inox",
      "Hauteur": "20 cm",
      "Diamètre": "22 cm"
    },
    "categorie": "vin_et_coktail",
    "id": 4
  },
  {
    "photo": "https://medias.maisonsdumonde.com/images/q_auto,f_auto/w_1000/mkp/M21084618_1/set-de-6-dessous-de-verres-carres-en-bambou.jpg",
    "prix": "6.60",
    "titre": "BAMBOU - Set de 6 dessous de verres carrés en bambou",
    "full_description": "Dessous de verre carrés en bambou",
    "caracteristique": {
      "Couleur principale": "Marron",
      "Matière principale": "Bambou",
      "Largeur": "9 cm",
      "Profondeur": "9 cm"
    },
    "categorie": "vin_et_coktail",
    "id": 5
  },
  {
    "photo": "https://medias.maisonsdumonde.com/images/q_auto,f_auto/w_1000/mkp/M21061244_1/sous-verres-ronds-bleus-d10cm-lot-de-6.jpg",
    "prix": "14.48",
    "titre": "MANDALA - Sous-verres ronds bleus",
    "full_description": "Set de 6 sous-verres ronds",
    "caracteristique": {
      "Couleur principale": "Bleu",
      "Matière principale": "Panneau de particules",
      "Hauteur": "1 cm",
      "Largeur": "10 cm",
      "Profondeur": "10 cm"
    },
    "categorie": "vin_et_coktail",
    "id": 6
  },
  {
    "photo": "https://medias.maisonsdumonde.com/images/q_auto,f_auto/w_1000/mkp/M21061245_1/sous-verres-ronds-blancs-d10cm-lot-de-6.jpg",
    "prix": "14.48",
    "titre": "MANDALA - Sous-verres ronds blancs",
    "full_description": "Set de 6 sous-verres ronds",
    "caracteristique": {
      "Couleur principale": "Bleu",
      "Matière principale": "Panneau de particules",
      "Hauteur": "1 cm",
      "Largeur": "10 cm",
      "Profondeur": "10 cm"
    },
    "categorie": "vin_et_coktail",
    "id": 7
  },
  {
    "photo": "https://medias.maisonsdumonde.com/images/q_auto,f_auto/w_1000/mkp/M21008809_1/set-de-4-dessous-de-verres-ronds-en-corde.jpg",
    "prix": "12.00",
    "titre": "CORDE - Set de 4 dessous de verres ronds en corde",
    "full_description": "Dessous de verre en corde",
    "caracteristique": {
      "Couleur principale": "Marron",
      "Matière principale": "Jute",
      "Hauteur": "1 cm",
      "Diamètre": "10 cm"
    },
    "categorie": "vin_et_coktail",
    "id": 8
  },
  {
    "photo": "https://medias.maisonsdumonde.com/images/q_auto,f_auto/w_1000/mkp/M21011095_1/decapsuleur-mural-en-bois-beige-clair.jpg",
    "prix": "19,90€",
    "titre": "MES116, Décapsuleur mural en bois beige",
    "full_description": "En bois d'hévéaAccroche pour fixation murale",
    "caracteristique": {
      "Couleur principale": "Beige",
      "Matière principale": "Bois",
      "Hauteur": "1 cm",
      "Largeur": "40 cm",
      "Profondeur": "12 cm"
    },
    "categorie": "vin_et_coktail",
    "id": 9
  },
  {
    "photo": "https://medias.maisonsdumonde.com/images/q_auto,f_auto/w_1000/mkp/M21084359_1/vasque-a-champagne-en-acier-inoxydable-d34cm.jpg",
    "prix": "25,00€",
    "titre": "WADIGA INOX - Vasque à Champagne en acier inoxydable",
    "full_description": "Seau à champagne en inox rond sur pied",
    "caracteristique": {
      "Couleur principale": "Gris",
      "Matière principale": "Métal",
      "Diamètre": "34 cm",
      "Hauteur": "22,5 cm"
    },
    "categorie": "vin_et_coktail",
    "id": 10
  },
  {
    "photo": "https://medias.maisonsdumonde.com/images/q_auto,f_auto/w_1000/mkp/M21062091_1/frio-gaine-rafraichissante-pour-vin-et-champagne-24cm.jpg",
    "prix": "24,90€",
    "titre": "FRIO - Frio Gaine rafraîchissante pour vin et Champagne",
    "full_description": "Le rafraichisseur Peugeot Frio est une gaine en néoprène. Ce rafraichisseur à vin et champagne maintient votre bouteille fraîche tout au long de votre repas. Rien de plus désagréable au cours d'un repas que de déguster un vin blanc, un rosé ou un champagne qui s'est réchauffé... Le rafraîchisseur Peugeot 'Frio' est une gaine rafraichissante en néoprène munie d'un système de glacettes intégrées. La gaine rafraichissante Peugeot se met directement dans le freezer ou congélateur. Vous le sortez au dernier moment pour y garder votre vin ou votre champagne au frais. Vous enfilez la bouteille dans la gaine que vous fermez à l'aide de la fermeture éclair. Le vin ou le champagne est maintenu à une température parfaite de dégustation.",
    "caracteristique": {
      "Couleur principale": "Noir",
      "Matière principale": "Bois",
      "Largeur": "24 cm",
      "Hauteur": "24 cm"
    },
    "categorie": "vin_et_coktail",
    "id": 11
  },
  {
    "photo": "https://medias.maisonsdumonde.com/images/q_auto,f_auto/w_1000/mkp/M21046872_1/distributeur-de-boisson-bec-verseur-refroidisseur-glacons-3-8l.jpg",
    "prix": "23,00€",
    "titre": "VERRE - Distributeur de boisson bec verseur + refroidisseur glaçon 3,8L",
    "full_description": "Distributeur de boisson en verre transparent et métal noir avec bec verseur et compartiment glaçons pour maintenir les boissons au frais avec support en plastique noir. Ce distributeur de boisson permet de laisser en libre service les boissons de façon élégante et originale. ",
    "caracteristique": {
      "Couleur principale": "Verre",
      "Matière principale": "Bois",
      "Diamètre": "20,5 cm",
      "Hauteur": "29 cm"
    },
    "categorie": "vin_et_coktail",
    "id": 12
  },
  {
    "photo": "https://medias.maisonsdumonde.com/images/q_auto,f_auto/w_1000/mkp/M21003373_1/tire-bouchon-electrique-en-plastique-noir.jpg",
    "prix": "29,00€",
    "titre": "GS48 - Tire-bouchon électrique en plastique noir",
    "full_description": "Coupe-capsule inclus dans le socleVendu sans pile",
    "caracteristique": {
      "Couleur principale": "Noir",
      "Matière principale": "PVC et synthéthique",
      "Hauteur": "28 cm",
      "Largeur": "28 cm",
      "Profondeur": "6 cm"
    },
    "categorie": "vin_et_coktail",
    "id": 13
  },
  {
    "photo": "https://medias.maisonsdumonde.com/images/q_auto,f_auto/w_1000/mkp/M20052698_1/tire-bouchon-elephant.jpg",
    "prix": "17,50€",
    "titre": "ANIMAUX - Tire-bouchon éléphant",
    "full_description": "Un tire bouchon au design unique à la fois pratique et fun ! ",
    "caracteristique": {
      "Couleur principale": "Beige",
      "Matière principale": "Métal",
      "Hauteur": "5 cm",
      "Largeur": "6 cm",
      "Profondeur": "5 cm"
    },
    "categorie": "vin_et_coktail",
    "id": 14
  },
  {
    "photo": "https://medias.maisonsdumonde.com/images/q_auto,f_auto/w_1000/mkp/M21118796_1/coffret-sommelier-coupe-capsule-et-pompe.jpg",
    "prix": "40.00",
    "titre": "DEGUSTATION - Coffret Sommelier,coupe-capsule et pompe",
    "full_description": "Les gammes d'accessoires Vin & Bar sont développées par le groupe Amefa et sont crées dans une optique professionnelle. En sommellerie comme en mixologie, les accessoires Chef & Sommelier répondent aux usages exigeants du service du vin et de l'élaboration des cocktails.Chef & Sommelier est une marque française née du groupe verrier Arc International, fondé en 1825. Reconnue pour son savoir-faire dans le domaine œnologique, la marque s'associe avec des experts pour développer des collections raffinées de verres et accessoires dédiés à la dégustation et au service du vin.",
    "caracteristique": {
      "Couleur principale": "Noir",
      "Matière principale": "Inox",
      "Hauteur": "13 cm",
      "Largeur": "30 cm",
      "Profondeur": "20 cm"
    },
    "categorie": "vin_et_coktail",
    "id": 15
  },
  {
    "photo": "https://medias.maisonsdumonde.com/images/q_auto,f_auto/w_1000/mkp/M21112935_1/sous-verre-marron-en-acier-et-silicone-oe9-4xh1-5cm.jpg",
    "prix": "34.00",
    "titre": "Sous-Verre marron en acier et silicone",
    "full_description": "Le sous-verre Oka est livré avec six pièces de tapis en silicone de couleur Minty et Ocean, qui apportent un élément élégant au sous-verre autrement classique et simple, rendant le sous-verre Oka à la fois pratique et beau. Le sous-verre est en métal plaqué laiton, et le tapis est en silicone imprimé. Pour le nettoyage, il est recommandé d'essuyer avec un chiffon humide. ",
    "caracteristique": {
      "Couleur principale": "Or",
      "Matière principale": "Acier",
      "Hauteur": "1 cm",
      "Largeur": "9 cm",
      "Profondeur": "9 cm"
    },
    "categorie": "vin_et_coktail",
    "id": 16
  },
  {
    "photo": "https://medias.maisonsdumonde.com/images/q_auto,f_auto/w_1000/mkp/M21057461_1/clef-du-vin-modele-travel-service.jpg",
    "prix": "81.00",
    "titre": "CLEF DU VIN - cle du vin modèle Travel",
    "full_description": "La Clef du Vin Peugeot permet d'ajuster l'équilibre d'un vin pour l'adapter à votre goût personnel. Le modèle « Service », au design futuriste, est pratique pour un usage domestique, la version travel s'emmène partout. La Clef du Vin vous permet de révéler sans attendre les qualités d'un vin. Elle est efficace sur tous types de vins : blancs, effervescents, rosés, rouges, vins doux naturels. Par un simple contact, la Clef du Vin vous permet d'accorder instantanément le vin à votre goût. Son procédé unique révèlera en quelques secondes les qualités de vos vins. Vous pourrez également déterminer facilement le potentiel de garde de vos crus préférés. Le modèle Service suscitera la convoitise sur vos plus belles tables. Une exclusivité mondiale Peugeot reconnue par les plus grands sommeliers et viticulteurs !",
    "caracteristique": {
      "Couleur principale": "Gris",
      "Matière principale": "Bois",
      "Hauteur": "15 cm",
      "Largeur": "15 cm"
    },
    "categorie": "vin_et_coktail",
    "id": 17
  },
  {
    "photo": "https://medias.maisonsdumonde.com/images/q_auto,f_auto/w_1000/mkp/M21084617_1/set-de-4-dessous-de-verres-feuilles-tropicales-vertes.jpg",
    "prix": "8.00",
    "titre": "FEUILLES - Set de 4 dessous de verres feuilles tropicales vertes",
    "full_description": "Dessous de verre en plastique ver",
    "caracteristique": {
      "Couleur principale": "Vert",
      "Matière principale": "PVC et Synthétique",
      "Longueur": "11 cm"
    },
    "categorie": "vin_et_coktail",
    "id": 18
  },
  {
    "photo": "https://medias.maisonsdumonde.com/images/q_auto,f_auto/w_1000/mkp/M20044830_1/set-de-4-dessous-de-verre-en-marbre-gris.jpg",
    "prix": "18.00",
    "titre": "MARBRE - Set de 4 dessous de verre en marbre gris",
    "full_description": "Set de 4 dessous de verre carrés en marbre Gris. Idéal pour un apéritif chic ",
    "caracteristique": {
      "Couleur principale": "Gris",
      "Matière principale": "Marbre",
      "Hauteur": "1 cm",
      "Largeur": "15 cm",
      "Profondeur": "10 cm"
    },
    "categorie": "vin_et_coktail",
    "id": 19
  },
  {
    "photo": "https://medias.maisonsdumonde.com/images/q_auto,f_auto/w_1000/mkp/M20051930_1/tire-bouchon-poisson.jpg",
    "prix": "14.00",
    "titre": "ANIMAUX - Tire-bouchon poisson",
    "full_description": "Un limonadier original en forme de poisson en chêne avec tire-bouchon, décapsuleur et coupe capsule.",
    "caracteristique": {
      "Couleur principale": "Gris",
      "Matière principale": "Métal",
      "Hauteur": "2 cm",
      "Largeur": "13 cm",
      "Profondeur": "4 cm"
    },
    "categorie": "vin_et_coktail",
    "id": 20
  },
  {
    "photo": "https://medias.maisonsdumonde.com/images/q_auto,f_auto/w_1000/mkp/M20047028_1/shaker-500-700-ml.jpg",
    "prix": "39.30",
    "titre": "MOOVE - Shaker 500/700ml",
    "full_description": "L'art du cocktail par Chef & Sommelier : shaker en inox brossé 500ml et inox revêtement cuivre 700mlLes gammes d'accessoires Vin & Bar sont développées par le groupe Amefa et sont crées dans une optique professionnelle. En sommellerie comme en mixologie, les accessoires Chef & Sommelier répondent aux usages exigeants du service du vin et de l'élaboration des cocktails.Chef & Sommelier est une marque française née du groupe verrier Arc International, fondé en 1825. Reconnue pour son savoir-faire dans le domaine œnologique, la marque s'associe avec des experts pour développer des collections raffinées de verres et accessoires dédiés à la dégustation et au service du vin.",
    "caracteristique": {
      "Couleur principale": "Cuivre",
      "Matière principale": "Inox",
      "Hauteur": "9 cm",
      "Largeur": "24 cm",
      "Profondeur": "9 cm"
    },
    "categorie": "vin_et_coktail",
    "id": 21
  },
  {
    "photo": "https://medias.maisonsdumonde.com/images/q_auto,f_auto/w_1000/mkp/M21038921_1/6-sous-verres-mandalas-roses-10x10cm.jpg",
    "prix": "15.70",
    "titre": "MANDALA - 6 sous-verres mandalas roses",
    "caracteristique": {
      "Couleur principale": "Rose",
      "Matière principale": "Bois",
      "Hauteur": "1 cm",
      "Largeur": "10 cm",
      "Profondeur": "10 cm"
    },
    "categorie": "vin_et_coktail",
    "id": 22
  },
  {
    "photo": "https://medias.maisonsdumonde.com/images/q_auto,f_auto/w_1000/mkp/M20035478_1/coffret-sommelier-mural-noyer-massif.jpg",
    "prix": "1620.00",
    "titre": "CAINET D'OENO CURIOSITE - Coffret Sommelier mural noyer massif",
    "full_description": "Un lieu secret… qui ouvre ses portes sur une collection – utile – d’outils du vin ; mais aussi sur la mémoire de belles dégustations partagées, de voyage dans les vignes, de visites chez les vignerons... Une collection qui, au fil du temps, devient intime et personnelle.",
    "caracteristique": {
      "Couleur principale": "Marron",
      "Matière principale": "Bois",
      "Hauteur": "46 cm",
      "Largeur": "46 cm",
      "Profondeur": "14 cm"
    },
    "categorie": "vin_et_coktail",
    "id": 23
  },
  {
    "photo": "https://medias.maisonsdumonde.com/images/q_auto,f_auto/w_1000/mkp/M21065200_1/6-sous-verres-carres-en-mdf-10x10cm.jpg",
    "prix": "14.48",
    "titre": "PATCHWORK - 6 sous-verres carrés en mdf",
    "caracteristique": {
      "Couleur principale": "Rose",
      "Matière principale": "Panneau de particules",
      "Hauteur": "1 cm",
      "Largeur": "10 cm",
      "Profondeur": "10 cm"
    },
    "categorie": "vin_et_coktail",
    "id": 24
  },
  {
    "photo": "https://medias.maisonsdumonde.com/images/q_auto,f_auto/w_1000/mkp/M21094878_1/doseur-a-cocktail-en-acier-beige.jpg",
    "prix": "19.95",
    "titre": "ROCKS - Doseur à cocktail en acier beige",
    "full_description": "Nous interprétons les tendances changeantes en repensant la beauté et la fonctionnalité pour chaque personne partageant notre crédo d'une vie profondément positive. Présentés de manière sincère et colorée, nos designs défient les conventions, inspirent de la curiosité et s'expriment dans des matières exquises. Nous avons remporté plusieurs récompenses de design internationales avec notre équipe de concepteurs novateurs danois, ce qui est fantastique. Mais ce sont nos amis aficionados du design du monde entier qui font toute la différence !",
    "caracteristique": {
      "Couleur principale": "Beige",
      "Matière principale": "Acier",
      "Hauteur": "8 cm",
      "Largeur": "5 cm",
      "Profondeur": "5 cm"
    },
    "categorie": "vin_et_coktail",
    "id": 25
  },
  {
    "photo": "https://medias.maisonsdumonde.com/images/q_auto,f_auto/w_1000/mkp/M21041185_1/pilon-a-cocktail-et-mojito-en-acier-inoxydable-22-5-cm.jpg",
    "prix": "11.95",
    "titre": "Pilon à cocktail et mojito en acier inoxydable 22,5cm",
    "full_description": "Le pilon à cocktail OGO Living sera votre allié pour préparer facilement vos recettes de cocktails. Avec sa tête en nylon et son manche en inox de haute qualité, le pilon vous assure une bonne prise en main grâce à sa forme ergonomique. Il s’utilise aussi bien pour réaliser vos guacamoles. Embout denté pour écraser facilement vos ingrédients Sa forme ergonomique permet une bonne prise en main Possible de l'utiliser pour réaliser vos guacamoles",
    "caracteristique": {
      "Couleur principale": "Argent",
      "Matière principale": "Inox",
      "Hauteur": "22 cm",
      "Largeur": "4 cm",
      "Profondeur": "4 cm"
    },
    "categorie": "vin_et_coktail",
    "id": 26
  },
  {
    "photo": "https://medias.maisonsdumonde.com/images/q_auto,f_auto/w_1000/mkp/M21039209_1/pompe-a-vide-conservateur-de-vins-tranquilles.jpg",
    "prix": "20.90",
    "titre": "EPIVAC - Pompe à vide de conservateur de vins tranquilles",
    "full_description": "Votre bouteille de vin ouverte pourra être préservée plusieurs jours grâce à la pompe à vide Peugeot 'Epivac'. Ce conservateur de vin fait le vide d'air partiel du vin. Votre bouteille de vin est entamée et vous n'avez pas envie de jeter ce qu'il reste ? Il est tout à fait possible de conserver jusqu'à 2 à 8 jours une bouteille ouverte. Peugeot a conçu pour cela Epivac. Epivac est une pompe à vide qui retire l'air de la bouteille ce qui permet de limiter l'oxydation du vin. Une bouteille entamée peut ainsi être conservée entre deux et huit jours selon l'âge du vin. Une belle façon de réapprécier un vin et de se remémorer aussi un bon moment passé !",
    "caracteristique": {
      "Couleur principale": "Noir",
      "Matière principale": "Bois",
      "Hauteur": "10 cm",
      "Largeur": "10 cm"
    },
    "categorie": "vin_et_coktail",
    "id": 27
  },
  {
    "photo": "https://medias.maisonsdumonde.com/images/q_auto,f_auto/w_1000/mkp/M21119057_1/set-de-6-sous-verres-mandalas.jpg",
    "prix": "15.70",
    "titre": "MANDALAS - Set de 6 sous-verres mandalas",
    "full_description": "Set de 6 sous-verres Mandala en bois et liège ",
    "caracteristique": {
      "Couleur principale": "Multicolore",
      "Matière principale": "Bois",
      "Hauteur": "1 cm",
      "Profondeur": "10 cm",
      "Largeur": "10 cm"
    },
    "categorie": "vin_et_coktail",
    "id": 28
  },
  {
    "photo": "https://medias.maisonsdumonde.com/images/q_auto,f_auto/w_1000/mkp/M20048893_1/tire-bouchon-a-vis-sans-fin-en-chene-18cm.jpg",
    "prix": "50.00",
    "titre": "CELLAR - Tire-bouchon à vis sans fin en chêne",
    "full_description": "Réalisé en chêne massif, le tire-bouchon Cellar a été tourné avec le plus grand soin en France dans la manufacture Peugeot. Le tire-bouchon à vis sans fin Cellar ouvre toutes les bouteilles d'un simple geste et en quelques secondes. Une fois la bouteille ouverte, l'éjection du bouchon est tout aussi aisée grâce à un système breveté. Le tire-bouchon en bois Cellar est tourné en Franche-Comté dans la manufacture Peugeot. Réalisé en chêne massif il rend hommage à la tradition vinicole et plus particulièrement au vieillissement du vin en fût. Cellar permet un d'ouvrir les bouteilles de vin d'un simple geste. Aussi esthétique que pratique, le tire-bouchon Cellar fera le bonheur des passionnés de vin.",
    "caracteristique": {
      "Couleur principale": "Marron",
      "Matière principale": "Bois",
      "Hauteur": "1 cm",
      "Largeur": "10 cm"
    },
    "categorie": "vin_et_coktail",
    "id": 29
  },
  {
    "photo": "https://medias.maisonsdumonde.com/images/q_auto,f_auto/w_1000/mkp/M21056962_1/seau-a-glacons-double-paroi-en-metal-chrome.jpg",
    "prix": "22.00",
    "titre": "CHROME - Seau à glaçons double paroi en métal chromé",
    "full_description": "Seau à glace rond avec couvercle en inox.",
    "caracteristique": {
      "Couleur principale": "Gris",
      "Matière principale": "Métal",
      "Hauteur": "19 cm",
      "Diamètre": "17 cm"
    },
    "categorie": "vin_et_coktail",
    "id": 30
  },
  {
    "photo": "https://medias.maisonsdumonde.com/images/q_auto,f_auto/w_1000/mkp/M21054046_1/pompe-a-vide-avec-3-bouchons.jpg",
    "prix": "20.80",
    "titre": "AERO - Pompe à vide avec 3 bouchons",
    "full_description": "Pompe à vide indispensable pour conserver vos vins après ouverture et prolonger le plaisir, accompagnée de 3 bouchons hermétiques.Les gammes d'accessoires oenologie de Chef & Sommelier sont développées par le groupe Amefa et sont crées dans une optique professionnelle. En sommellerie comme en mixologie, les accessoires Chef & Sommelier répondent aux usages exigeants du service du vin et de l'élaboration des cocktails.Chef & Sommelier est une marque française née du groupe verrier Arc International, fondé en 1825. Reconnue pour son savoir-faire dans le domaine œnologique, la marque s'associe avec des experts pour développer des collections raffinées de verres et accessoires dédiés à la dégustation et au service du vin.",
    "caracteristique": {
      "Couleur principale": "Argent",
      "Matière principale": "Inox",
      "Hauteur": "16 cm",
      "Profondeur": "8 cm",
      "Largeur": "8 cm"
    },
    "categorie": "vin_et_coktail",
    "id": 31
  },
  {
    "photo": "https://medias.maisonsdumonde.com/images/q_auto,f_auto/w_1000/mkp/M21003433_1/set-tire-bouchon-electrique-pompe-en-plastique-noir.jpg",
    "prix": "49.00",
    "titre": "GS118 - Set tire-bouchon életronique pompe en Plastique Noir",
    "full_description": "Set tire-bouchon électrique rechargeable Avec base et pompe pour conservation sous vide Finition gomme Un découpe-capsule 2 bouchons à vin inclus",
    "caracteristique": {
      "Couleur principale": "Noir",
      "Matière principale": "PVC et Synthétique",
      "Hauteur": "22 cm",
      "Profondeur": "9 cm",
      "Largeur": "18 cm"
    },
    "categorie": "vin_et_coktail",
    "id": 32
  },
  {
    "photo": "https://medias.maisonsdumonde.com/images/q_auto,f_auto/w_1000/mkp/M20047031_1/doseur-a-cocktail-2-4-cl-8cm.jpg",
    "prix": "14.50",
    "titre": "JUST - Doseur à cocktail 2/4cl - 8 cm",
    "full_description": "L'art du cocktail par Chef & Sommelier : doseur à cocktail 2cl et 4cl en inox revêtement cuivreLes gammes d'accessoires Vin & Bar sont développées par le groupe Amefa et sont crées dans une optique professionnelle. En sommellerie comme en mixologie, les accessoires Chef & Sommelier répondent aux usages exigeants du service du vin et de l'élaboration des cocktails.Chef & Sommelier est une marque française née du groupe verrier Arc International, fondé en 1825. Reconnue pour son savoir-faire dans le domaine œnologique, la marque s'associe avec des experts pour développer des collections raffinées de verres et accessoires dédiés à la dégustation et au service du vin.",
    "caracteristique": {
      "Couleur principale": "Cuivre",
      "Matière principale": "Inox",
      "Hauteur": "4 cm",
      "Profondeur": "8 cm",
      "Largeur": "8 cm"
    },
    "categorie": "vin_et_coktail",
    "id": 33
  },
  {
    "photo": "https://medias.maisonsdumonde.com/images/q_auto,f_auto/w_1000/mkp/M21052802_1/pompe-a-vide-vins-tranquilles-et-effervescents.jpg",
    "prix": "32.90",
    "titre": "EPIVAC DUO - Pompe à vide vins tranquilles et effervescents",
    "full_description": "Epivac Duo est un conservateur à vin et champagne. Ce conservateur à vin et champagne Peugeot vous permettra de garder une bonne bouteille de 2 à 8 jours, selon sa nature. Avec Epivac Duo, Peugeot vous invite à conserver une bonne bouteille de vin ou de champagne entamée. Cet instrument permet de conserver une bouteille ouverte jusqu'à 2 à 8 jours. Epivac Duo est une pompe à double fonction. Fonction vin, elle retire l'air de la bouteille pour une conservation idéale pendant plusieurs jours. Fonction champagne, elle insuffle de l'air dans la bouteille ce qui permet de conserver au champagne son pétillant pendant plusieurs jours. Cette pompe à vide retire l'air de la bouteille ce qui permet de limiter l'oxydation du vin. Une belle façon de réapprécier un vin et de se remémorer aussi un bon moment passé. Epivac Duo est accompagné de 2 bouchons à vin et d'1 bouchon à champagne.",
    "caracteristique": {
      "Couleur principale": "Violet",
      "Matière principale": "Bois",
      "Hauteur": "10 cm",
      "Largeur": "10 cm",
      "Diamètre": "3 cm"
    },
    "categorie": "vin_et_coktail",
    "id": 34
  },
  {
    "photo": "https://medias.maisonsdumonde.com/images/q_auto,f_auto/w_1000/mkp/M21095017_1/agitateur-en-acier-noir.jpg",
    "prix": "39.95",
    "titre": "ROCKS - Agitateur en acier noir",
    "full_description": "Détails : - Enrichit le bar maison traditionnel de nouvelles formes et une sensation de confort tactile- Convient à un décor nordique doux- 0,55 litres, hauteur 21 cm- Design : Anne QvistComposition :Intérieur 100 % acierExtérieur 100 % plastiqueEntretien :- Usage alimentaire- Lavable en machineZone Denmark s'affirme sans laisser place au moindre doute. Nous interprétons les tendances changeantes en repensant la beauté et la fonctionnalité pour chaque personne partageant notre crédo d'une vie profondément positive. Présentés de manière sincère et colorée, nos designs défient les conventions, inspirent de la curiosité et s'expriment dans des matières exquises. Nous avons remporté plusieurs récompenses de design internationales avec notre équipe de concepteurs novateurs danois, ce qui est fantastique. Mais ce sont nos amis aficionados du design du monde entier qui font toute la différence !",
    "caracteristique": {
      "Couleur principale": "Noir",
      "Matière principale": "Acier",
      "Hauteur": "22 cm",
      "Largeur": "8 cm",
      "Profondeur": "8 cm",
      "Diamètre": "8 cm"
    },
    "categorie": "vin_et_coktail",
    "id": 35
  },
  {
    "photo": "https://medias.maisonsdumonde.com/images/q_auto,f_auto/w_1000/mkp/M20047111_1/dessous-de-bouteille.jpg",
    "prix": "67.70",
    "titre": "BOHEME - Dessous de bouteille",
    "full_description": "Set de deux dessous de bouteilles Bohème en acier inox 18/10. Extérieur en finition polie miroir et intérieur en acier brossé. En coffret cadeau, un article idéal pour offrir.Couzon conçoit des objets de table et de service comme des objets de décoration, pour embellir votre quotidien. Des produits de caractère, contemporains, esthétiques et fonctionnels, pour faire plaisir et vous faire plaisir.Référence française des arts de la table, Couzon perpétue la tradition des belles tables avec ses gammes de couverts innovants. Résolument élégants et hauts de gamme, nos couverts sont fabriqués dans des aciers de haute technologie. Couzon s'inscrit dans un processus de création constant et s'appuie sur des processus de fabrication strictes et rigoureux",
    "caracteristique": {
      "Couleur principale": "Argent",
      "Matière principale": "Inox",
      "Hauteur": "15 cm",
      "Largeur": "4 cm",
      "Profondeur": "16 cm"
    },
    "categorie": "vin_et_coktail",
    "id": 36
  },
  {
    "photo": "https://medias.maisonsdumonde.com/images/q_auto,f_auto/w_1000/mkp/M20047032_1/cuillere-a-cocktail-30cm.jpg",
    "prix": "13.40",
    "titre": "MIX - Cuillère à cocktail 30cm",
    "full_description": "L'art du cocktail par Chef & Sommelier : cuillère à cocktail 30cm en inox revêtement cuivreLes gammes d'accessoires Vin & Bar sont développées par le groupe Amefa et sont crées dans une optique professionnelle. En sommellerie comme en mixologie, les accessoires Chef & Sommelier répondent aux usages exigeants du service du vin et de l'élaboration des cocktails.Chef & Sommelier est une marque française née du groupe verrier Arc International, fondé en 1825. Reconnue pour son savoir-faire dans le domaine œnologique, la marque s'associe avec des experts pour développer des collections raffinées de verres et accessoires dédiés à la dégustation et au service du vin.",
    "caracteristique": {
      "Couleur principale": "Cuivre",
      "Matière principale": "Inox",
      "Hauteur": "3 cm",
      "Largeur": "1 cm",
      "Profondeur": "29 cm"
    },
    "categorie": "vin_et_coktail",
    "id": 37
  }
]