[
  {
    "photo": "https://static.bhv.fr/media/493/49393723/G_49393723_101_VPM_1.jpg",
    "prix": "45.90",
    "titre": "NOVASTYL Théière Fuji fonte bleu 80 cl",
    "full_description": "Inspirée de l’art japonais, cette théière en fonte est un choix sûr et durable. /n Cette théière est idéale pour apporter une ambiance zen et une atmosphère détente dans votre maison. /n Elle contient un filtre amovible pour y déposer votre thé et pour une diffusion de tous ses arômes. /n ",
    "caracteristiques": {
      "Couleur": "Bleu",
      "Contenance": "80 cl",
      "Composition": "Fonte"
    },
    "categorie": "theiere",
    "id": 0
  },
  {
    "photo": "https://static.bhv.fr/media/633/63371854/G_63371854_85_VPM_1.jpg",
    "prix": "59.90",
    "titre": "TOKYO DESIGN STUDIO Théière ronde Nippon White porcelaine blanc et or 1,3 L",
    "full_description": "Théière ronde en porcelaine de couleur blanche avec motifs à reliefs assortis et bords de couleur dorée. Peut contenir jusqu’à 1,3 litres.",
    "caracteristiques": {
      "Couleur": "Blanc",
      "Hauteur": "24 cm",
      "Diamètre": "16,5 cm",
      "Contenance": "1,3 L",
      "Composition": "Porcelaine"
    },
    "categorie": "theiere",
    "id": 1
  },
  {
    "photo": "https://static.bhv.fr/media/725/72575748/G_72575748_119_VPM_1.jpg",
    "prix": "36.50",
    "titre": "SEMA DESIGN Théière Terrea grès bleu fondé 1,2 L",
    "full_description": "Théière de la collection Terrea en grès avec une contenance de 1.2L.",
    "caracteristiques": {
      "Couleur": "Bleu foncé",
      "Contenance": "1,2 L",
      "Composition": "Grès"
    },
    "categorie": "theiere",
    "id": 2
  },
  {
    "photo": "https://static.bhv.fr/media/453/45350702/G_45350702_401_VPM_1.jpg",
    "prix": "49.90",
    "titre": "THE&CIE Théière PICTO fonte rouge 0,8L",
    "full_description": "Théière Plate Fonte avec intérieur Emaillé 'Picots' Rouge 0,8L",
    "caracteristiques": {
      "Couleur": "Rouge",
      "Hauteur": "21,5 cm",
      "Longueur": "20 cm",
      "Largeur": "16 cm",
      "Contenance": "0,8L",
      "Composition": "Fonte"
    },
    "categorie": "theiere",
    "id": 3
  },
  {
    "photo": "https://static.bhv.fr/media/991/99104267/G_99104267_378_VPM_1.jpg",
    "prix": "64.90",
    "titre": "BODUM Théière piston filtre inox 1,5 L",
    "full_description": "Théière à piston filtre en inox brillant, 1,5L, Assam",
    "caracteristiques": {
      "Couleur": "Transparent"
    },
    "categorie": "theiere",
    "id": 4
  },
  {
    "photo": "https://static.bhv.fr/media/647/64737151/G_64737151_85_VPM_1.jpg",
    "prix": "69.90",
    "titre": "BODUM Théière à piston Douro porcelaine blanc 1,5L",
    "full_description": "Théière à piston en porcelaine aux finitions harmonieuses, classique et élégante avec une poigné en chêne. /n Elle dispose du système de filtre à piston Tea Press, pour théières Bodum, qui permet de séparer les feuilles de thé de l'eau par simple pression sur le piston /n ",
    "caracteristiques": {
      "Couleur": "Blanc",
      "Hauteur": "25",
      "Longueur": "22,2 cm",
      "Largeur": "16,5 cm",
      "Contenance": "1,5 L",
      "Composition": "Porcelaine"
    },
    "categorie": "theiere",
    "id": 5
  },
  {
    "photo": "https://static.bhv.fr/media/991/99104788/G_99104788_378_VPM_1.jpg",
    "prix": "54.90",
    "titre": "BODUM théière piston filtre inox 1L",
    "full_description": "Théière à piston filtre en inox brillant, 1L, Assam",
    "caracteristiques": {
      "Couleur": "Transparent"
    },
    "categorie": "theiere",
    "id": 6
  },
  {
    "photo": "https://static.bhv.fr/media/582/58241981/G_58241981_444_VPM_1.jpg",
    "prix": "39.90",
    "titre": "OGO LIVING Théière Gustave verre 1,2 L",
    "full_description": "Cette théière, au design élégant et épuré, incluant un infuseur en acier inoxydable, vous permettra de savourer thés ou tisanes à votre gré. Le couvercle est fabriqué en bois d'acacia.",
    "caracteristiques": {
      "Couleur": "Transparent",
      "Contenance": "1,2 L",
      "Composition": "Verre"
    },
    "categorie": "theiere",
    "id": 7
  },
  {
    "photo": "https://static.bhv.fr/media/710/71085405/G_71085405_320_VPM_1.jpg",
    "prix": "90.00",
    "titre": "SERAX Théière Inlu fonte noir 60cl",
    "full_description": "Le tout nouveau service Inku du chef Sergio Herman est inspiré du raffinement et de la perfection japonaise, avec des références aux coquillages, aux fleurs et aux structures abstraites de la nature.",
    "caracteristiques": {
      "Couleur": "Noir",
      "Hauteur": "8 cm",
      "Contenance": "60 cl",
      "Diamètre": "12,5 cm",
      "Composition": "Fonte"
    },
    "categorie": "theiere",
    "id": 8
  },
  {
    "photo": "https://static.bhv.fr/media/564/56463423/G_56463423_453_VPM_1.jpg",
    "prix": "44.90",
    "titre": "SEMA DESIGN Théière avec filtre fonte vert émeraude 80 cl",
    "full_description": "Théière en fonte avec anse dorée et filtre infuseur, parée de motif picots en relief, de coloris vert émeraude.",
    "caracteristiques": {
      "Couleur": "Vert",
      "Hauteur": "21 cm",
      "Longueur": "17 cm",
      "Largeur": "8,5 cm",
      "Contenance": "80 cl",
      "Composition": "Fonte"
    },
    "categorie": "theiere",
    "id": 9
  },
  {
    "photo": "https://static.bhv.fr/media/266/26637884/G_26637884_101_VPM_1.jpg",
    "prix": "79.90",
    "titre": "TOKYO DESIGN STUDIO Théière SENDAN bleu 14,7 x 13,7 cm",
    "full_description": "Sendan est un merveilleux plats japonais, avec un motif radial. Il ya une belle et fermes plats, mais pas lourd, ce qui en fait une très belle vaisselle. Elle est faite pour un usage quotidie",
    "caracteristiques": {
      "Couleur": "Bleu",
      "Hauteur": "14,7 cm",
      "Diamètre": "13,7 cm"
    },
    "categorie": "theiere",
    "id": 10
  },
  {
    "photo": "https://static.bhv.fr/media/991/99104069/G_99104069_378_VPM_1.jpg",
    "prix": "45.90",
    "titre": "BODUM Théière piston inox 50 cl",
    "full_description": "Théière à piston filtre en inox brillant, 0,5 L, Assam",
    "caracteristiques": {
      "Couleur": "Transparent"
    },
    "categorie": "theiere",
    "id": 11
  },
  {
    "photo": "https://static.bhv.fr/media/790/79054274/G_79054274_85_VPM_1.jpg",
    "prix": "29.99",
    "titre": "VIVA SCANDIAVIA Théière solitaire Jaimi porcelaine blanc 300 ml",
    "full_description": "Une théière rien que pour vous ! /n Cette théière Tea for One, est spécialement conçue pour une personne. /n L'ensemble Jaimi, en porcelaine, est composé d'une théière, d'une tasse et d'un infuseur conçus pour s'emboîter et ne faire qu'un. /n ",
    "caracteristiques": {
      "Couleur": "Blanc",
      "Hauteur": "13 cm",
      "Longueur": "12 cm",
      "Largeur": "10,8 cm",
      "Contenance": "300 ml",
      "Composition": "Porcelain"
    },
    "categorie": "theiere",
    "id": 12
  },
  {
    "photo": "https://static.bhv.fr/media/684/68451273/G_68451273_320_VPM_1.jpg",
    "prix": "26.00",
    "titre": "SEMA DESIGN Théière Nordika + filtre noir mat 0,7L",
    "full_description": "Théière Nordika avec filtre en grès noir mat et socle en acacia.",
    "caracteristiques": {
      "Couleur": "Noir",
      "Hauteur": "17 cm",
      "Longueur": "11,5 cm",
      "Largeur": "11,5 cm",
      "Contenance": "700 ml",
      "Composition": "Socle en acacia"
    },
    "categorie": "theiere",
    "id": 13
  },
  {
    "photo": "https://static.bhv.fr/media/546/54668234/G_54668234_444_VPM_1.jpg",
    "prix": "59.00",
    "titre": "BODUM Téhière à piston ASSAM verre & inox 1,5 L",
    "full_description": "La gamme de théières Assam sont dotées d'un ingénieux système de filtre à piston Tea Press permettant de séparer les feuilles de thé de l'eau par simple pression sur le piston. /n Ce système unique en son genre permet de contrôler le degré d'infusion de votre thé préféré en laissant les larges feuilles de thé (ou d'infusion) s'épanouir librement dans l'eau frémissante. /n ",
    "caracteristiques": {
      "Couleur": "Transparent",
      "Hauteur": "19.7",
      "Longueur": "14,7 cm",
      "Largeur": "14,2 cm",
      "Contenance": "1,5 L",
      "Composition": "Verre"
    },
    "categorie": "theiere",
    "id": 14
  },
  {
    "photo": "https://static.bhv.fr/media/790/79054261/G_79054261_230_VPM_1.jpg",
    "prix": "39,95",
    "titre": "VIVA SCANDINAVIA Théière porcelaine S gris 0,65 L",
    "full_description": "https://static.bhv.fr/media/790/79054261/G_79054261_230_VPM_1.jpg",
    "caracteristiques": {
      "Couleur": "Gris",
      "Hauteur": "16,3 cm",
      "Longueur": "12,3 cm",
      "Largeur": "11,5 cm",
      "Contenance": "0,65 L",
      "Composition": "Porcelaine"
    },
    "categorie": "theiere",
    "id": 15
  },
  {
    "photo": "https://static.bhv.fr/media/725/72575807/G_72575807_211_VPM_1.jpg",
    "prix": "23.50",
    "titre": "SEMA DESIGN Théière mate Nordika grès émeraude 0,7L",
    "full_description": "Théière mate de la collection Nordika en grès avec une contenance de 0,7L.",
    "caracteristiques": {
      "Couleur": "Emeraude",
      "Contenance": "0,7 L",
      "Composition": "Grès et acac"
    },
    "categorie": "theiere",
    "id": 16
  },
  {
    "photo": "https://static.bhv.fr/media/710/71085400/G_71085400_320_VPM_1.jpg",
    "prix": "103.00",
    "titre": "SERAX Théière Inku fonte noir 80 cl",
    "full_description": "Le tout nouveau service Inku du chef Sergio Herman est inspiré du raffinement et de la perfection japonaise, avec des références aux coquillages, aux fleurs et aux structures abstraites de la nature.",
    "caracteristiques": {
      "Couleur": "Noir",
      "Hauteur": "9 cm",
      "Largeur": "14,5 cm",
      "Contenance": "80 cl",
      "Composition": "Fonte"
    },
    "categorie": "theiere",
    "id": 17
  },
  {
    "photo": "https://static.bhv.fr/media/298/29833811/G_29833811_320_VPM_1.jpg",
    "prix": "39.00",
    "titre": "BODUM Théière à piston 1L",
    "full_description": "Théière à piston 1L, filtre en inox noir, Assam.",
    "caracteristiques": {
      "Couleur": "Noir",
      "Contenance": "1L"
    },
    "categorie": "theiere",
    "id": 18
  },
  {
    "photo": "https://static.bhv.fr/media/633/63376571/G_63376571_320_VPM_1.jpg",
    "prix": "26.90",
    "titre": "NOVASTYL Théière fonte avec filtre Osaka noir 35 cl",
    "full_description": "Théière en fonte noir avec filtre en acier inoxydable amovible. /n Inspirée du Japon, cette théière Osaka Noire est idéale pour conserver votre thé à la bonne température. /n Son filtre en acier inoxydable amovible permet un remplissage et un nettoyage facile. Sa forme large, offre une infusion complète des feuilles de thé et libère les arômes pour un maximum de saveurs en tasse. /n",
    "caracteristiques": {
      "Couleur": "Noir",
      "Hauteur": "14,5 cm",
      "Longueur": "14 cm",
      "Largeur": "11,5 cm",
      "Contenance": "35 cl",
      "Composition": "Fonte"
    },
    "categorie": "theiere",
    "id": 19
  },
  {
    "photo": "https://static.bhv.fr/media/582/58241979/G_58241979_320_VPM_1.jpg",
    "prix": "65.90",
    "titre": "OGO LIVING Théière noir 1,2L",
    "full_description": "Cette théière, d'inspiration japonaise, est dotée d'un filtre micro-perforé qui permet de libérer tous les arômes de vos thés ou tisanes pour des saveurs incomparables. Amateur de du thé en vrac ? Cette théière est faite pour vous ! /n Son couvercle est en bois, avec un émaillage intérieur de qualité supérieure. /n",
    "caracteristiques": {
      "Couleur": "Noir",
      "Contenance": "1,2L",
      "Composition": "Fonte"
    },
    "categorie": "theiere",
    "id": 20
  },
  {
    "photo": "https://static.bhv.fr/media/790/79054272/G_79054272_378_VPM_1.jpg",
    "prix": "49.95",
    "titre": "VIVA SCANDINAVIA Théière Nina porcelaine rose poudré 1 L",
    "full_description": "La théière Nina est une théière aux formes classiques retravaillée en version moderne. /n En porcelaine, elle dispose d'une large poignée confortable et d'un infuseur. /n",
    "caracteristiques": {
      "Couleur": "Rose poudré",
      "Hauteur": "20 cm",
      "Longueur": "15,8 cm",
      "Largeur": "11,5 cm",
      "Contenance": "1 L",
      "Composition": "Porcelaine"
    },
    "categorie": "theiere",
    "id": 21
  },
  {
    "photo": "https://static.bhv.fr/media/725/72575809/G_72575809_140_VPM_1.jpg",
    "prix": "23.50",
    "titre": "SEMA DESIGN Théière Nordika grès bordeaux 0,7L",
    "full_description": "Théière de la collection Nordika en grès avec une contenance maximum de 0,7L.",
    "caracteristiques": {
      "Couleur": "Bordeaux",
      "Contenance": "0,7 L",
      "Composition": "Grès et acac"
    },
    "categorie": "theiere",
    "id": 22
  },
  {
    "photo": "https://static.bhv.fr/media/633/63376580/G_63376580_85_VPM_1.jpg",
    "prix": "16.90",
    "titre": "OGO LIVING Tisanière en grès blanc avec couvercle en acacia 475 ml",
    "full_description": "Tisanière en grès blanc, avec couvercle en acacia et filtre micro-perforé qui apportera à vos pauses thé du cocooning et du naturel avec ses lignes épurées.  /n Ce mug infuseur est parfait pour vos thés et infusions. Grâce à sa paroi en grès, votre tisanière est résistante aux chocs et aux fortes températures. /n Son filtre en acier inoxydable micro-perforé de haute qualité permet d'éviter aux feuilles de thé qu'elles ne s'échappent, ce qui facilite également son remplissage et son nettoyage./n ",
    "caracteristiques": {
      "Couleur": "Blanc",
      "Hauteur": "14 cm",
      "Longeur": "14 cm",
      "Largeur": "9 cm",
      "Contenance": "475 ml",
      "Composition": " Grès"
    },
    "categorie": "theiere",
    "id": 23
  },
  {
    "photo": "https://static.bhv.fr/media/298/29833571/G_29833571_378_VPM_1.jpg",
    "prix": "74.90",
    "titre": "BODUM Théière 1,5 L",
    "full_description": "Théière à piston ,1,5L brillant, Columbia",
    "caracteristiques": {
      "Couleur": "Acier",
      "Contenance": "1,5L"
    },
    "categorie": "theiere",
    "id": 24
  },
  {
    "photo": "https://static.bhv.fr/media/704/70469612/G_70469612_263_VPM_1.jpg",
    "prix": "16.90",
    "titre": "OGO LIVING Tisanière avec couvercle Juliet bois et grès kaki 47,5 cl",
    "full_description": "Tisanière ayant une contenance de 47,5 cl avec une paroi en grès de couleur kaki et un couvercle en bois d'acacia. /n Son infuseur en acier inoxydable permet de libérer tous les arômes de votre thé. /n ",
    "caracteristiques": {
      "Couleur": "Kaki",
      "Hauteur": "14 cm",
      "Diamètre": "9 cm",
      "Contenance": "47,5 cl",
      "Composition": "Acier"
    },
    "categorie": "theiere",
    "id": 25
  },
  {
    "photo": "https://static.bhv.fr/media/756/75608228/G_75608228_60_VPM_1.jpg",
    "prix": "33.90",
    "titre": "SEMA DESIGN Théière avec filtre Scana grege 1 L",
    "full_description": "Théière avec filtre en grés de couleur grege",
    "caracteristiques": {
      "Couleur": "Beige",
      "Hauteur": "18,5 cm",
      "Longueur": "14 cm",
      "Largeur": "11 cm",
      "Contenance": "1 L",
      "Composition": "Grès"
    },
    "categorie": "theiere",
    "id": 26
  },
  {
    "photo": "https://static.bhv.fr/media/633/63376577/G_63376577_85_VPM_1.jpg",
    "prix": "1,2 L",
    "titre": "OGO LIVING Théière Enzo porcelaine blanc avec couvercle acacia 1,2 L",
    "full_description": "Cette théière Enzo est conçue en porcelaine de couleur blanche. Sa anse n'est pas conductrice de chaleur, aucun risque de brûlures. /n Son couvercle en acacia permet de conserver votre infusion à bonne température en donnant une touche rustique à votre théière. /n ",
    "caracteristiques": {
      "Couleur": "Blanc",
      "Hauteur": "20cm",
      "Longueur": "8,8 cm",
      "Largeur": "19,3 cm",
      "Contenance": "1,2 L",
      "Composition": "Porcelaine"
    },
    "categorie": "theiere",
    "id": 27
  },
  {
    "photo": "https://static.bhv.fr/media/3004035/300403513319/G_300403513319_85_VPM_1.jpg",
    "prix": "112.00",
    "titre": "DEGRENNE SALM - Théière 6 tasses corps blanc cloche rouge",
    "full_description": "",
    "caracteristiques": {
      "Couleur": "Blanc"
    },
    "categorie": "theiere",
    "id": 28
  },
  {
    "photo": "https://static.bhv.fr/media/763/76317722/G_76317722_60_VPM_1.jpg",
    "prix": "49.90",
    "titre": "BODUM Théière à piston avec filtre inox 0,5L",
    "full_description": "Théière à piston avec un filtre en inox, d'une contenance de 0.5L.",
    "caracteristiques": {
      "Couleur": "Beige",
      "Hauteur": "16,7 cm",
      "Longueur": "11,9 cm",
      "Largeur": "13,3 cm",
      "Contenance": "0,5 L",
      "Composition": "Acier inoxydable"
    },
    "categorie": "theiere",
    "id": 29
  },
  {
    "photo": "https://static.bhv.fr/media/3004038/300403878563/G_300403878563_444_VPM_1.jpg",
    "prix": "70.00",
    "titre": "MENU Théière en verre Kettle - 1,5 L",
    "full_description": "La théière en verre Kettle a été conçue par Design Studio Norm Architect pour Menu. Elle est une belle théière, où vous pouvez voir comment le thé dessine. Le mélange de lignes scandinaves modernes et la philosophie zen asiatique font d'elle un vrai accroche-regard. La boule à thé accrochée au cordon en silicone sert de sachet de thé",
    "caracteristiques": {
      "Couleur": "Transparent",
      "Hauteur": "21 cm",
      "Longueur": "17 cm",
      "Largeur": "17 cm",
      "Contenance": "1,5 L",
      "Composition": "Verre"
    },
    "categorie": "theiere",
    "id": 30
  },
  {
    "photo": "https://static.bhv.fr/media/713/71302885/G_71302885_329_VPM_1.jpg",
    "prix": "32.90",
    "titre": "ABSOLUMENT MAISON Théière Time new bone porcelaine ",
    "full_description": "",
    "caracteristiques": {
      "Couleur": "Noir et or",
      "Hauteur": "11 cm",
      "Diamètre": "12 cm",
      "Composition": "Porcelaine"
    },
    "categorie": "theiere",
    "id": 31
  },
  {
    "photo": "https://static.bhv.fr/media/704/70469610/G_70469610_401_VPM_1.jpg",
    "prix": "16.90",
    "titre": "OGO LIVING Tisanière avec couvercle Juliet bois et grès paprika 47,5 cl",
    "full_description": "Tisanière ayant une contenance de 47,5 cl avec une paroi en grès de couleur paprika et un couvercle en bois d'acacia. /n Son infuseur en acier inoxydable permet de libérer tous les arômes de votre thé. /n ",
    "caracteristiques": {
      "Couleur": "Rouge",
      "Hauteur": "14 cm",
      "Contenance": "475 ml",
      "Composition": "Acier inoxydable"
    },
    "categorie": "theiere",
    "id": 32
  },
  {
    "photo": "https://static.bhv.fr/media/704/70469608/G_70469608_256_VPM_1.jpg",
    "prix": "16.90",
    "titre": "OGO LIVING Tisanière avec couvercle Juliet bois et grès jaune 47,5 cl",
    "full_description": "Tisanière ayant une contenance de 47,5 cl avec une paroi en grès de couleur jaune et un couvercle en bois d'acacia. /n Son infuseur en acier inoxydable permet de libérer tous les arômes de votre thé. /n",
    "caracteristiques": {
      "Couleur": "Jaune",
      "Hauteur": "14 cm",
      "Diamètre": "9 cm",
      "Contenance": "47,5 cl",
      "Composition": "Acier inoxydable "
    },
    "categorie": "theiere",
    "id": 33
  },
  {
    "photo": "https://static.bhv.fr/media/3004060/300406080107/G_300406080107_230_VPM_1.jpg",
    "prix": "102.00",
    "titre": "DEGRENNE SALAM - Théière 4 tasses corps blanc",
    "full_description": "",
    "caracteristiques": {
      "Couleur": "Gris"
    },
    "categorie": "theiere",
    "id": 34
  },
  {
    "photo": "https://static.bhv.fr/media/317/31722033/G_31722033_178_VPM_1.jpg",
    "prix": "16.90",
    "titre": "ABSOLUMENT MAISON Théière Hirène",
    "full_description": "Théière unie en porcelaine munie de son capuchon. Elle est résistante au lave vaisselle. ",
    "caracteristiques": {
      "Couleur": "Crème ",
      "Composition": "Porcelaine"
    },
    "categorie": "theiere",
    "id": 35
  },
  {
    "photo": "https://static.bhv.fr/media/3004060/300406078889/G_300406078889_230_VPM_1.jpg",
    "prix": "189.00",
    "titre": "DEGRENNE NEWPORT Verseuse 1,5 L",
    "full_description": "",
    "caracteristiques": {
      "Couleur": "Gris"
    },
    "categorie": "theiere",
    "id": 36
  },
  {
    "photo": "https://static.bhv.fr/media/763/76328245/G_76328245_444_VPM_1.jpg",
    "prix": "13.90",
    "titre": "OGO LIVING Mug infuseur GUSTAVE en verre",
    "full_description": "La tisanière Gustave apportera à vos pauses thé du cocooning et du naturel avec ses lignes épurées et son couvercle en acacia.",
    "caracteristiques": {
      "Couleur": "Transparent",
      "Hauteur": "12 cm",
      "Contenance": "300 ml",
      "Composition": "Bois d'acacia"
    },
    "categorie": "theiere",
    "id": 37
  },
  {
    "photo": "https://static.bhv.fr/media/441/44155071/G_44155071_85_VPM_1.jpg",
    "prix": "22.90",
    "titre": "ABSOLUMENT MAISON Théière Micmac en grès",
    "full_description": "Théière ronde en grès.",
    "caracteristiques": {
      "Couleur": "Blanc",
      "Composition": "Grès"
    },
    "categorie": "theiere",
    "id": 38
  },
  {
    "photo": "https://static.bhv.fr/media/790/79054257/G_79054257_85_VPM_1.jpg",
    "prix": "39.95",
    "titre": "VIVA SCANDINAVIA Théière Jaimi porcelaine S blanc 0,65 L",
    "full_description": "Jaimi, une théière de forme originale qui conserve une touche classique avec son corps en porcelaine et son couvercle en bois.",
    "caracteristiques": {
      "Couleur": "Blanc",
      "Hauteur": "16,3 cm",
      "Longueur": "12,3 cm",
      "Largeur": "11,5 cm",
      "Contenance": "0,65 L",
      "Composition": "Porcelaine"
    },
    "categorie": "theiere",
    "id": 39
  }
]