[
  {
    "photo": "https://static.bhv.fr/media/595/59539871/G_59539871_320_VPM_1.jpg",
    "prix": "49.90",
    "titre": "BODUM Bouilloire électrique bec long noir 80 cl",
    "full_description": "Avec son bec mince et allongé, son corps compact et sa puissante base électrique, notre bouilloire à col de cygne est aussi efficace qu'elle attire l'œil. /n Conçu par des experts et fabriqué selon les normes les plus élevées, cet appareil distingué est une pièce indispensable dans la cuisine des amateurs de café filtre riche et onctueux. /n Le bec verseur est spécialement façonné pour vous donner un contrôle optimal du débit d'eau afin de verser avec la plus grande précision. /n Il en résulte une extraction optimale des huiles naturelles des grains de café afin de produire les meilleurs goûts et arôme possibles. /n Grâce à son dispositif de chauffe de 1 000 W et sa taille pratique, l'eau bout rapidement et peut faire plusieurs tasses à la fois. /n Tout comme le couvercle, la poignée est en liège lisse et naturel, ce qui vous permet de renforcer votre identité écologique tout en permettant à la bouilloire d'être toujours agréable à tenir /n ",
    "caracteristiques": {
      "Couleur": "Noir",
      "Hauteur": "31 cm",
      "Longueur": "21 cm",
      "Largeur": "15,2 cm",
      "Contenance": "0,8 L",
      "Composition": "Inox, Liège"
    },
    "categorie": "bouilloire",
    "id": 0
  },
  {
    "photo": "https://static.bhv.fr/media/595/59539873/G_59539873_43_VPM_1.jpg",
    "prix": "39.90",
    "titre": "BODUM Bouilloire électrique bec long acier 80 cl",
    "full_description": "Avec son bec mince et allongé, son corps compact et sa puissante base électrique, notre bouilloire à col de cygne est aussi efficace qu'elle attire l'œil. /n Conçu par des experts et fabriqué selon les normes les plus élevées, cet appareil distingué est une pièce indispensable dans la cuisine des amateurs de café filtre riche et onctueux.  /n Le bec verseur est spécialement façonné pour vous donner un contrôle optimal du débit d'eau afin de verser avec la plus grande précision.  /n Il en résulte une extraction optimale des huiles naturelles des grains de café afin de produire les meilleurs goûts et arôme possibles.  /n Grâce à son dispositif de chauffe de 1 000 W et sa taille pratique, l'eau bout rapidement et peut faire plusieurs tasses à la fois.  /n Tout comme le couvercle, la poignée est en liège lisse et naturel, ce qui vous permet de renforcer votre identité écologique tout en permettant à la bouilloire d'être toujours agréable à tenir. /n ",
    "caracteristiques": {
      "Couleur": "Acier et noir",
      "Hauteur": "31 cm",
      "Longueur": "21 cm",
      "Largeur": "15,2 cm",
      "Contenance": "0,8 L",
      "Composition": "Acier, Liège"
    },
    "categorie": "bouilloire",
    "id": 1
  },
  {
    "photo": "https://static.bhv.fr/media/494/49444876/G_49444876_38_VPM_1.jpg",
    "prix": "49.90",
    "titre": "HARIO Bouilloire BUONO aluminium 1,2 L",
    "full_description": "Cette bouilloire Hario est idéale pour les amateurs de slow coffee. /n Avec son bec verseur en col de cygne, elle est conçue pour donner un débit constant, permettant de contrôler facilement la vitesse et la verse de l'eau chaude sur la mouture. /n La bouilloire dispose d'une poignée ergonomique à isolation thermique et elle est compatible tous types de feux (gaz, halogène, radiant, électrique et induction). /n ",
    "caracteristiques": {
      "Couleur": "Acier",
      "Hauteur": "28 cm",
      "Longueur": "15 cm",
      "Largeur": "15 cm",
      "Contenance": "1,2 L",
      "Composition": "Aluminium"
    },
    "categorie": "bouilloire",
    "id": 2
  },
  {
    "photo": "https://static.bhv.fr/media/706/70676866/G_70676866_38_VPM_1.jpg",
    "prix": "89.90",
    "titre": "BODUM Bouilloire électrique Ottoni inox 1L",
    "full_description": "La bouilloire électrique Ottoni, en inox, 1 l et 1.380 W, rassemble autour d'elle esthétique, design, originalité et qualité. /n Avec sa paroi interne entièrement en acier inoxydable, le Bodum Ottoni est la véritable référence en matière de bouilloire. /n Le témoin lumineux vous fera savoir lorsque l'appareil est en marche. /n Par mesure de sécurité, l'arrêt se fait automatiquement, lorsque l'eau atteint sa température. /n Facile à nettoyer. /n",
    "caracteristiques": {
      "Couleur": "Acier",
      "Hauteur": "26.6",
      "Longueur": "22 cm",
      "Largeur": "21 cm",
      "Contenance": "1 L",
      "Composition": "Acier inoxydable"
    },
    "categorie": "bouilloire",
    "id": 3
  },
  {
    "photo": "https://static.bhv.fr/media/581/58135506/G_58135506_85_VPM_1.jpg",
    "prix": "96.00",
    "titre": "ALESSI Bouilloire électrique PLISSE résine blanc 1,7L",
    "full_description": "Bouilloire électrique issue de la collection Plissé, en résine thermoplastique, de couleur blanche.",
    "caracteristiques": {
      "Couleur": "Blanc",
      "Hauteur": "29 cm",
      "Longueur": "21 cm",
      "Largeur": "16 cm",
      "Contenance": "170 cl",
      "Composition": "Résine"
    },
    "categorie": "bouilloire",
    "id": 4
  },
  {
    "photo": "https://static.bhv.fr/media/370/37029550/G_37029550_378_VPM_1.jpg",
    "prix": "120.00",
    "titre": "Alessi Bouilloire",
    "full_description": "Bouilloire en acier inoxydable 18/10 brillant avec poignée et sifflet-oisillon en PA, bleu clair. Fond en acier magnétique compatible avec la cuisson par induction.",
    "caracteristiques": {
      "Couleur": "Transparent"
    },
    "categorie": "bouilloire",
    "id": 5
  },
  {
    "photo": "https://static.bhv.fr/media/674/67423670/G_67423670_401_VPM_1.jpg",
    "prix": "75.00",
    "titre": "ALESSI Bouilloire électrique Plissé rouge 1L",
    "full_description": "Bouilloire électrique dessinée par Michele De Lucchi et fabriqué en résine thermoplastique. /n La bouilloire Plissé marie les aspects fonctionnels à un design plastique et fascinant, révélant la formation d’architecte de son auteur ainsi que ses passions pour l’artisanat et la sculpture. /n Une bouilloire telle une pièce de mode créée par un styliste, un splendide objet à arborer sur un plan de la cuisine. /n ",
    "caracteristiques": {
      "Couleur": "Rouge",
      "Hauteur": "21 cm",
      "Longueur": "20 cm",
      "Largeur": "16 cm",
      "Contenance": "1 L",
      "Composition": "Résine thermosplastique"
    },
    "categorie": "bouilloire",
    "id": 6
  },
  {
    "photo": "https://static.bhv.fr/media/881/88178223/G_88178223_320_VPM_1.jpg",
    "prix": "90.00",
    "titre": "LE CREUSET Bouilloire zen",
    "full_description": "Petite bouilloire avec un look vintage, d'une capacité de 1,50 litres. Elle est compatible avec toutes les sources de chaleur y compris l’induction. Elle est munie d'une poignée froide rabattable pour un gain de place. Le sifflet vous prévient lorsque l’eau est chaude. Ouverture large pour un remplissage et un nettoyage facilité. ",
    "caracteristiques": {
      "Couleur": "Acier",
      "Composition": "Acier, Acier émaillé"
    },
    "categorie": "bouilloire",
    "id": 7
  },
  {
    "photo": "https://static.bhv.fr/media/341/34170526/G_34170526_320_VPM_1.jpg",
    "prix": "44.90",
    "titre": "BODUM Bouilloire électrique BISTRO noir 1L",
    "full_description": "La collection de bouilloires Bistro a été développée pour faire bouillir de l'eau le plus simplement possible et en minimisant la quantité d'énergie nécessaire. ",
    "caracteristiques": {
      "Couleur": "Noir",
      "Hauteur": "22,4 cm",
      "Longueur": "20 cm",
      "Largeur": "12,5 cm",
      "Contenance": "1 L",
      "Composition": "Axier inoxydable"
    },
    "categorie": "bouilloire",
    "id": 8
  },
  {
    "photo": "https://static.bhv.fr/media/3004050/300405004852/G_300405004852_647_VPM_1.jpg",
    "prix": "27.80",
    "titre": "VIVARAISE Bouillote Luba",
    "full_description": "Cette certification est attribuée par association indépendante allemande aux tissus qui respectent un cahier des charges précis afin de garantir la sécurité textile de leurs composants. Vivaraise : nomade, chic et bohème Vivaraise joue la carte de la couleur pour une décoration plein de sensibilité et de personnalité qui se décline dans une large palette de nuances colorées. Dans la chambre, la salle de bain et le séjour, les collections de linge de maison de la marque invitent au voyage par les sens de la vue et du toucher. Textures et matières créent des sensations intenses pour vous transporter dans un univers nomade chic et bohème. Les gammes se coordonnent et se répondent pour élaborer un intérieur qui ne ressemble à personne d’autre qu’à vous. Un style qui s’installe dans la durée et qui se construit par touches colorées pas à pas. Vivaraise ce sont aussi des savoir-faire et des techniques découvertes à travers le monde qui racontent une histoire, la vôtre.",
    "caracteristiques": {
      "Couleur": "Sable",
      "Hauteur": "33 cm",
      "Diamètre": "23 cm"
    },
    "categorie": "bouilloire",
    "id": 9
  },
  {
    "photo": "https://static.bhv.fr/media/3004055/300405539446/G_300405539446_230_VPM_1.jpg",
    "prix": "54.99",
    "titre": "RUSSELL HOBBS",
    "full_description": "Finition premium en acier coloré d'un gris clair de lune intense associé a des touches d'inox brillant  Technologie de cuisson rapide  Jusqu'a 55 fois plus rapide  Fonction Lift and Look, vérifiez le brunissage a tout moment sans arreter le cycle  Contrôle du brunissage  Réchauffe viennoiserie inclus",
    "caracteristiques": {
      "Couleur": "Gris",
      "Contenance": "1,7 L"
    },
    "categorie": "bouilloire",
    "id": 10
  },
  {
    "photo": "https://static.bhv.fr/media/3004055/300405539452/G_300405539452_320_VPM_1.jpg",
    "prix": "45.99",
    "titre": "MOULINEX - Bouilloire soleil 1,7 L",
    "full_description": "Donnez du style a votre cuisine et a votre plan de travail. La bouilloire Soleil, aux lignes simples et épurées, est un véritable rayon de soleil qui égayera meme la plus élégante des cuisines. Sa capacité généreuse d'1,7 l permettant de préparer jusqu'a 7 tasses ainsi que ses 2400W de puissance la rendent idéale",
    "caracteristiques": {
      "Couleur": "Noir",
      "Contenance": "1,7 L"
    },
    "categorie": "bouilloire",
    "id": 11
  },
  {
    "photo": "https://static.bhv.fr/media/3004055/300405539429/G_300405539429_230_VPM_1.jpg",
    "prix": "43.99",
    "titre": "RUSSELL HOBBS",
    "full_description": "Design et finition élégantes tout en acier brillant  Zones d'ébullition rapide pour un dosage précis  Marquage pour 1, 2 et 3 tasses  Une tasse prete en 50 secondes  Bec verseur designé pour un écoulement parfait  Base multidirectionnelle 360° Manipulation pratique pour droitiers et gauchers  Couvercle a ouverture facile  Filtre anti-calcaire  Economise jusqu'a 66% d'énergie",
    "caracteristiques": {
      "Couleur": "Gris",
      "Contenance": "1,7 L"
    },
    "categorie": "bouilloire",
    "id": 12
  },
  {
    "photo": "https://static.bhv.fr/media/3004022/300402220776/G_300402220776_2884_VPM_1.jpg",
    "prix": "29.80",
    "titre": "VIVARAISE Bouillote Tender",
    "full_description": "Voici le doudou des plus grands, et des petits, qui apporte chaleur et réconfort pour les nuits froides de l'hiver. Facile à transporter avec soi, elle se glisse au pied du lit ou près de son ventre pour un complément de chaleur agréable. La poche en PVC présente une belle capacité vous permettant de profiter de la source de chaleur pendant une longue période. Vous soulagerez ainsi votre fatigue mais aussi vos tensions musculaires et maux de ventre tout en vous détendant.",
    "caracteristiques": {
      "Couleur": "Lin",
      "Hauteur": "33 cm",
      "Diamètre": "23 cm"
    },
    "categorie": "bouilloire",
    "id": 13
  },
  {
    "photo": "https://static.bhv.fr/media/370/37027950/G_37027950_378_VPM_1.jpg",
    "prix": "120.00",
    "titre": "Alessi Bouilloire",
    "full_description": "Bouilloire en acier inoxydable 18/10 brillant avec poignée et sifflet-oisillon en PA, noir. Fond en acier magnétique compatible avec la cuisson par induction.",
    "caracteristiques": {
      "Couleur": "Noir"
    },
    "categorie": "bouilloire",
    "id": 14
  },
  {
    "photo": "https://static.bhv.fr/media/752/75263517/G_75263517_378_VPM_1.jpg",
    "prix": "135.00 ",
    "titre": "ALESSI Bouilloire/théière",
    "full_description": "Bouilloire/théière en acier inoxydable 18/10 brillant. Poignée et pommeau en résine thermoplastique. Fond en acier magnétique compatible avec la cuisson par induction.",
    "caracteristiques": {
      "Couleur": "Acier"
    },
    "categorie": "bouilloire",
    "id": 15
  },
  {
    "photo": "https://static.bhv.fr/media/3004055/300405539423/G_300405539423_401_VPM_1.jpg",
    "prix": "53.99",
    "titre": "RUSSEL HOBBS Bouilloire électrique 1,7 L",
    "full_description": "Capacité 1,7L Niveau d'eau visible  Marquage pour 1, 2, 3 tasses  Ebullition rapide  Jauge rétro indiquant la température de l'eau  Bec verseur  Couvercle amovible  Bouton de fonctionnement avec indicateur lumineux  Economise jusqu'a 66% d'énergie  Une bouilloire performante et décorative avec son look rétro",
    "caracteristiques": {
      "Couleur": "Rouge",
      "Contenance": "1,7 L"
    },
    "categorie": "bouilloire",
    "id": 16
  },
  {
    "photo": "https://static.bhv.fr/media/3004055/300405539377/G_300405539377_320_VPM_1.jpg",
    "prix": "59.99",
    "titre": "RUSSELL HOBBS Bouilloire électrique en, Verre 1,7 L",
    "full_description": "Finition haut de gamme avec un logo embossé sur une base en acier chromé combiné a des touches de noir mat - Illumination bleue pendant l'ébullition - Verre de haute qualité durable - Economise jusqu'a 66% d'énergie - Grande capacité 1,7 litres",
    "caracteristiques": {
      "Couleur": "Noir",
      "Contenance": "1,7 L"
    },
    "categorie": "bouilloire",
    "id": 17
  },
  {
    "photo": "https://static.bhv.fr/media/3004055/300405539433/G_300405539433_230_VPM_1.jpg",
    "prix": "65.99",
    "titre": "KRUPS Bouilloire électrique sans fil inox 1,7 L",
    "full_description": "La Krups BW442D Tefal permet de préparer du thé en un temps record. Cette bouilloire moderne (2400 Watts) fonctionne tres rapidement.",
    "caracteristiques": {
      "Couleur": "Gris",
      "Contenance": "1,7 L",
      "Composition": "Inox"
    },
    "categorie": "bouilloire",
    "id": 18
  },
  {
    "photo": "https://static.bhv.fr/media/3004050/300405004852/G_300405004852_3032_VPM_1.jpg",
    "prix": "24.80",
    "titre": "VIVARAISE Bouillote Luba",
    "full_description": "Cette certification est attribuée par association indépendante allemande aux tissus qui respectent un cahier des charges précis afin de garantir la sécurité textile de leurs composants. Vivaraise : nomade, chic et bohème Vivaraise joue la carte de la couleur pour une décoration plein de sensibilité et de personnalité qui se décline dans une large palette de nuances colorées. Dans la chambre, la salle de bain et le séjour, les collections de linge de maison de la marque invitent au voyage par les sens de la vue et du toucher. Textures et matières créent des sensations intenses pour vous transporter dans un univers nomade chic et bohème. Les gammes se coordonnent et se répondent pour élaborer un intérieur qui ne ressemble à personne d’autre qu’à vous. Un style qui s’installe dans la durée et qui se construit par touches colorées pas à pas. Vivaraise ce sont aussi des savoir-faire et des techniques découvertes à travers le monde qui racontent une histoire, la vôtre.",
    "caracteristiques": {
      "Couleur": "Perle",
      "Hauteur": "33 cm",
      "Diamètre": "23 cm",
      "Composition": "Polyester"
    },
    "categorie": "bouilloire",
    "id": 19
  },
  {
    "photo": "https://static.bhv.fr/media/3004055/300405539450/G_300405539450_230_VPM_1.jpg",
    "prix": "99.99",
    "titre": "BOSCH Bouilloire électrique programmable - Noir et Inox",
    "full_description": "Niveau d'eau visible  Arret automatique a ébullition, a l'ouverture d couvercle et lors du soulevement du socle. Fond chauffant en inox et résistance cachée  Filtre anticalcaire amovible Socle 360° avec pieds antidérapants  Interrupteur lumineux marche-arret",
    "caracteristiques": {
      "Couleur": "Gris",
      "Composition": "Inox"
    },
    "categorie": "bouilloire",
    "id": 20
  },
  {
    "photo": "https://static.bhv.fr/media/3004055/300405539437/G_300405539437_230_VPM_1.jpg",
    "prix": "55.00",
    "titre": "RUSSELL HOBBS Bouilloire électrique 1,7 L",
    "full_description": "Finition Premium en acier coloré d'un cuivre intense associé a des touches d'inox brillant  Grande capacité de 1,7L avec niveau d'eau visible  Zones d'ébullition rapide pour un dosage précis  Marquage pour 1, 2 et 3 tasses  Bec verseur designé pour un écoulement parfait  Une tasse prete en 55 secondes",
    "caracteristiques": {
      "Couleur": "Gris",
      "Contenance": "1,7 L"
    },
    "categorie": "bouilloire",
    "id": 21
  },
  {
    "photo": "https://static.bhv.fr/media/3004055/300405539658/G_300405539658_230_VPM_1.jpg",
    "prix": "57.99",
    "titre": "RUSSELL HOBBS",
    "full_description": "Silhouette emblématique de Russell Hobbs - Célébration du 65e anniversaire de la «série K»  Acier inoxydable brossé  Gravure du numéro de série  Capacité 1,2L  Marquage pour 1, 2 et 3 tasses  Économise jusqu'a 66% d'énergie  Puissance 2400 Watts  Filtre anti-calcaire amovible et lavable",
    "caracteristiques": {
      "Couleur": "Gris",
      "Contenance": "1,2 L"
    },
    "categorie": "bouilloire",
    "id": 22
  },
  {
    "photo": "https://static.bhv.fr/media/3004055/300405539411/G_300405539411_60_VPM_1.jpg",
    "prix": "40.99",
    "titre": "RUSSELL HOBBS Bouilloire 1 l Compacte Colors Plus",
    "full_description": "Bouilloire 1L compacte 2400W  /n Niveau eau visible  Ebullition rapide  Marquage pour 1, 2, 3 tasses  Bec verseur  Base multidirectionnelle 360°  Range cordon  Poignée antidérapante  Bouton de fonctionnement lumineux  Filtre anti-calcaire amovible et lavable  Economise jusqu'a 60% d'énergie /n ",
    "caracteristiques": {
      "Couleur": "Beige",
      "Contenance": "1 L"
    },
    "categorie": "bouilloire",
    "id": 23
  },
  {
    "photo": "https://static.bhv.fr/media/3004055/300405539413/G_300405539413_230_VPM_1.jpg",
    "prix": "53.99",
    "titre": "RUSSELL HOBBS Bouilloire 0,8 L en Verre Compact Home Design Premium",
    "full_description": "Bouilloire 0,8L de 2200W  /n Design compact  30% plus petit  Bec verseur Ouverture automatique du couvercle  Base multidirectionnelle 360°  Range cordon et poignée antidérapante  Illumination bleue pendant l'ébullition  Filtre anti-calcaire amovible et lavable  Résistance cachée  Economise jusqu'a 60% d'énergie /n ",
    "caracteristiques": {
      "Couleur": "Gris",
      "Contenance": "0,8 L"
    },
    "categorie": "bouilloire",
    "id": 24
  },
  {
    "photo": "https://static.bhv.fr/media/3004055/300405539431/G_300405539431_230_VPM_1.jpg",
    "prix": "40.99",
    "titre": "KENWOOD Bouilloire électrique - Inox",
    "full_description": "La bouilloire Kenwood JKM076 est un appareil fonctionnel de couleur inox satiné et noir pour une integration parfaite dans vôtre cuisine",
    "caracteristiques": {
      "Couleur": "Gris",
      "Contenance": "0,5 L"
    },
    "categorie": "bouilloire",
    "id": 25
  },
  {
    "photo": "https://static.bhv.fr/media/3004055/300405539384/G_300405539384_691_VPM_1.jpg",
    "prix": "55.99",
    "titre": "RUSSELL HOBBS Bouilloire 1,7 L Legacy Florale",
    "full_description": "Bouilloire motif floral rétro  Capacité de 1,7 litre  Fonction d'ébullition rapide avec indicateur de niveau 1/2/3 tasses  Prépare une tasse d'eau bouillante en 55 secondes  Bec verseur ultra-pratique  Témoin lumineux de mise sous tension Base 360° avec rangement pour câble d'alimentation",
    "caracteristiques": {
      "Couleur": "Blanc",
      "Contenance": "1.7 L"
    },
    "categorie": "bouilloire",
    "id": 26
  },
  {
    "photo": "https://static.bhv.fr/media/3004055/300405539421/G_300405539421_230_VPM_1.jpg",
    "prix": "36.99",
    "titre": "RUSSELL HOBBS Bouilloire Electrique Adventure 1.7 L",
    "full_description": "Design et finition élégante tout en acier brossé  Grande capacité de 1,7 L avec niveau d'eau visible  Zones d'ébullition rapide pour un dosage précis  Marquage pour 1, 2 et 3 tasses  Une tasse prete en 50 secondes  Bec verseur désigné pour un écoulement parfait",
    "caracteristiques": {
      "Couleur": "Gris",
      "Contenance": "1,7 L"
    },
    "categorie": "bouilloire",
    "id": 27
  },
  {
    "photo": "https://static.bhv.fr/media/3004055/300405539435/G_300405539435_401_VPM_1.jpg",
    "prix": "44.99",
    "titre": "RUSSELL HOBBS Bouilloire",
    "full_description": "Bouilloire compacte 2400W  Capacité 1,7L  Marquage pour 1, 2, 3 tasses  Bec verseur  Couvercle a ouverture facile  Base multidirectionnelle 360° Range cordon Poignée antidérapante Bouton de fonctionnement avec indicateur lumineux Filtre anti-calcaire amovible et lavable  Economise jusqu'a 60% d'énergie",
    "caracteristiques": {
      "Couleur": "Rouge",
      "Contenance": "1,7 L"
    },
    "categorie": "bouilloire",
    "id": 28
  },
  {
    "photo": "https://static.bhv.fr/media/3004022/300402220776/G_300402220776_178_VPM_1.jpg",
    "prix": "29.80",
    "titre": "VIVARAISE Bouillote Tender",
    "full_description": "Voici le doudou des plus grands, et des petits, qui apporte chaleur et réconfort pour les nuits froides de l'hiver. Facile à transporter avec soi, elle se glisse au pied du lit ou près de son ventre pour un complément de chaleur agréable. La poche en PVC présente une belle capacité vous permettant de profiter de la source de chaleur pendant une longue période. Vous soulagerez ainsi votre fatigue mais aussi vos tensions musculaires et maux de ventre tout en vous détendant.",
    "caracteristiques": {
      "Couleur": "Crème",
      "Hauteur": "33 cm",
      "Diamètre": "23 cm"
    },
    "categorie": "bouilloire",
    "id": 29
  },
  {
    "photo": "https://static.bhv.fr/media/3004055/300405539391/G_300405539391_401_VPM_1.jpg",
    "prix": "37.99",
    "titre": "BOSCH Bouilloire électrique CompactClass",
    "full_description": "Capacité de 1.7 L  Puissance de 2400 W  Facile a nettoyer avec son couvercle amovible et son ouverture extra large  Niveau d'eau visible  Remplissage facile de la bouilloire par le bec verseur  Arret automatique a ébullition, a l'ouverture du couvercle et lors du soulevement du socle  Fond chauffant en inox avec résistance cachée  Socle 360°  Filtre anti-calcaire amovible  Sécurité de surchauffe",
    "caracteristiques": {
      "Couleur": "Rouge",
      "Contenance": "1,7 L"
    },
    "categorie": "bouilloire",
    "id": 30
  },
  {
    "photo": "https://static.bhv.fr/media/3004055/300405539425/G_300405539425_230_VPM_1.jpg",
    "prix": "35.99",
    "titre": "RUSSELL HOBBS Bouillire Compalct Colours Plus Capacité 1L",
    "full_description": "COLOURS PLUS+ BOUILLOIRE COMPACTE Finitions élégantes d'un gris orage intense avec des touches d'acier brillant et de noir mat /n capacité idéale de 1 L Zones d'ébullition rapide pour un dosage précis  marquage pour 1, 2 et 3 tasses Une tasse prete en 50 secondes /n ",
    "caracteristiques": {
      "Couleur": "Gris",
      "Contenance": "1 L"
    },
    "categorie": "bouilloire",
    "id": 31
  },
  {
    "photo": "https://static.bhv.fr/media/3004022/300402220776/G_300402220776_493_VPM_1.jpg",
    "prix": "29.80",
    "titre": "VIVARAISE Bouillote Tender",
    "full_description": "Voici le doudou des plus grands, et des petits, qui apporte chaleur et réconfort pour les nuits froides de l'hiver. Facile à transporter avec soi, elle se glisse au pied du lit ou près de son ventre pour un complément de chaleur agréable. La poche en PVC présente une belle capacité vous permettant de profiter de la source de chaleur pendant une longue période. Vous soulagerez ainsi votre fatigue mais aussi vos tensions musculaires et maux de ventre tout en vous détendant. La housse en microfibre polyester vous protège des brûlures et offre un toucher soyeux.",
    "caracteristiques": {
      "Couleur": "Caramel foncé",
      "Hauteur": "33 cm",
      "Diamètre": "23 cm"
    },
    "categorie": "bouilloire",
    "id": 32
  },
  {
    "photo": "https://static.bhv.fr/media/3004055/300405539399/G_300405539399_691_VPM_1.jpg",
    "prix": "27.99",
    "titre": "HTC EQUIPEMENT Bouilloire Electrique 12V 1 Litre 170 W Blanc et Bleu",
    "full_description": "Bouilloire électrique 12V blanc et bleu, d'une capacité de 1 litre, compacte et pratique pour une utilisation en camion, camping-car ou bateau tout au long de votre trajet. /n Puissance 170W. Interrupteur marche/arret avec témoin lumineux. Branchement sur prise allume-cigare. Arret automatique apres que l'eau bouille. /n ",
    "caracteristiques": {
      "Couleur": "Blanc",
      "Contenance": "1 L"
    },
    "categorie": "bouilloire",
    "id": 33
  },
  {
    "photo": "https://static.bhv.fr/media/3004055/300405539655/G_300405539655_230_VPM_1.jpg",
    "prix": "42.99",
    "titre": "MOULINEX Subito Bouilloire électrique 1,7 L Inox",
    "full_description": "Bouilloire - Capacité : 1.7L - Résistance cachée - Sans fil, base rotative 360° - Filtre antitartre amovible - 1 niveau d'eau visible - Arret automatique - Coloris : Inox / Rouge",
    "caracteristiques": {
      "Couleur": "Gris",
      "Contenance": "1,7 L"
    },
    "categorie": "bouilloire",
    "id": 34
  },
  {
    "photo": "https://static.bhv.fr/media/3004055/300405539427/G_300405539427_320_VPM_1.jpg",
    "prix": "28.99",
    "titre": "SEVERIN WK3494 Bouilloire pratique 1,5 L, ébullition rapide, Arret automatique, Ouverture XXL, Range câble, Socle 360°, Blanc",
    "full_description": "Bouilloire d'1,5 L  2 200W  Ouverture XXL pour un nettoyage facile  Socle 360° pour replacer la bouilloire dans n'importe quel sens  Graduation visible des 2 côtés  Arret automatique des ébullition  Résistance cachée par fond plat inox  Range câble",
    "caracteristiques": {
      "Couleur": "Noir",
      "Contenance": "1,5 L"
    },
    "categorie": "bouilloire",
    "id": 35
  },
  {
    "photo": "https://static.bhv.fr/media/3004055/300405539482/G_300405539482_691_VPM_1.jpg",
    "prix": "25.99",
    "titre": "HARPER Bouilloire Hwk11 - 2200w - Vert",
    "full_description": "HARPER Bouilloire Hwk11 - 2200w - Vert",
    "caracteristiques": {
      "Couleur": "Blanc",
      "Contenance": "1,7 L"
    },
    "categorie": "bouilloire",
    "id": 36
  },
  {
    "photo": "https://static.bhv.fr/media/3004055/300405539381/G_300405539381_691_VPM_1.jpg",
    "prix": "27.99",
    "titre": "HTC EQUIPEMENT Bouilloire Électrique 24V 1 Litre 250W Blanc et Bleu",
    "full_description": "Bouilloire 24V 1L",
    "caracteristiques": {
      "Couleur": "Blanc",
      "Contenance": "1 L"
    },
    "categorie": "bouilloire",
    "id": 37
  },
  {
    "photo": "https://static.bhv.fr/media/3004055/300405539454/G_300405539454_320_VPM_1.jpg",
    "prix": "42.99",
    "titre": "BRAUN WK300 Bouilloire Black",
    "full_description": "2200W - 1,7L - corps noir - filtre anti-calcaire amovible - range cordon - base rotative 360° - chauffe ultra-rapide 45s",
    "caracteristiques": {
      "Couleur": "Noir",
      "Contenance": "1,7 L"
    },
    "categorie": "bouilloire",
    "id": 38
  },
  {
    "photo": "https://static.bhv.fr/media/3004055/300405539646/G_300405539646_230_VPM_1.jpg",
    "prix": "37.99",
    "titre": "SEVERIN WK3469 Bouilloire compacte 1 L",
    "full_description": "Bouilloire compacte d'1 L  /n design de qualité inox  2 200 W  Ouverture XXL pour un nettoyage facile  Socle 360° pour replacer la bouilloire dans n'importe quel sens  Graduation pour une lecture pratique  Poignée résistante a la chaleur  Range câble /n ",
    "caracteristiques": {
      "Couleur": "Gris",
      "Contenance": "1 L"
    },
    "categorie": "bouilloire",
    "id": 39
  }
]