[
  {
    "photo": "https://www.alinea.com/dw/image/v2/BCKM_PRD/on/demandware.static/-/Sites-ali_master/default/dw38a8f49c/images/24667388/Assiette-Pizza-Eto-24667388-B-1.jpg?sw=400&sh=400&sm=fit&sfrm=png&bgcolor=eef1eb",
    "prix": "11.00",
    "titre": "ETO Assiette à pizza en porcelaine qualité hôtelière blanc D30,5cm ",
    "full_description": "Épuré /n Une belle gamme de vaisselle de table qui se distingue par sa simplicité et par sa porcelaine de qualité hôtelière. Cette grande assiette ronde est délicatement ornée de rayures en ton sur ton, pour déguster de bonnes pizzas avec une note soignée. /n",
    "caracteristiques": {
      "Couleur": "Blanc",
      "Composition": "Gamme de vaisselle en porcelaine blanche",
      "Diamètre": "30,5 cm"
    },
    "categorie": "plat",
    "id": 0
  },
  {
    "photo": "https://www.alinea.com/fstrz/r/s/www.alinea.com/dw/image/v2/BCKM_PRD/on/demandware.static/-/Sites-ali_master/default/dw42de70c2/images/27235584/PLANCHE-LUCU-27235584-F-1.jpg?sw=982&sh=982&sm=fit&sfrm=png&bgcolor=eef1eb&frz-v=77",
    "prix": "20.00",
    "titre": "Lucu Place en bois de manguier - marron 38X20,5cm ",
    "full_description": "Planche naturelle /n À l'heure où l'authenticité des matières est recherchée, cette planche en bois de manguier se pare d'un design naturel et épuré. Sa matière et son coloris lui confèrent un style artisanal. À la fois décoratif et pratique, cette planche à découper vous sera indispensable pour la mise en de vos préparations culinaires. Vous pouvez aussi vous en servir pour dresser de beaux plateaux de fromages, de charcuteries ou autres apéritifs lors des repas avec vos proches. /n",
    "caracteristiques": {
      "Couleur": "Marron",
      "Composition": "Bois de manguier ",
      "Longueur": "20,5 cm",
      "Largeur": "1.8 cm"
    },
    "categorie": "plat",
    "id": 1
  },
  {
    "photo": "https://www.alinea.com/fstrz/r/s/www.alinea.com/dw/image/v2/BCKM_PRD/on/demandware.static/-/Sites-ali_master/default/dwdf18899c/images/27323854/PLATEAU-DE-PRESENTATION-SERRUYA-27323854-F-1.jpg?sw=982&sh=982&sm=fit&sfrm=png&bgcolor=eef1eb&frz-v=77",
    "prix": "39.00",
    "titre": "Serruya Plateau de présentation 2 étages en métal - doré D28xH30cm",
    "full_description": "Présentoir à gâteaux 2 étages /n Ce présentoir à étages est l'allié parfait d'une réception réussie. Ce plateau en métal doré arbore de belles moulures pour un résultat élégant et sophistiqué. La rondeur des deux plateaux accentue le charme de cette belle pièce. Ce présentoir à deux niveaux permet d'exposer des gâteaux, des hors-d'oeuvres ou encore des fromages. L'effet est saisissant : les convives s'étonnent et se laissent séduire par ce petit présentoir rond digne des plus grands services. /n",
    "caracteristiques": {
      "Couleur": "Doré",
      "Composition": " 70% fer et 30% aluminium",
      "Hauteur": "30 cm",
      "Diamètre": "28 cm"
    },
    "categorie": "plat",
    "id": 2
  },
  {
    "photo": "https://www.alinea.com/fstrz/r/s/www.alinea.com/dw/image/v2/BCKM_PRD/on/demandware.static/-/Sites-ali_master/default/dwae13e7b9/images/21318870/PLAT-A-CAKE-QUEEN-21318870-B-1.jpg?sw=982&sh=982&sm=fit&sfrm=png&bgcolor=eef1eb&frz-v=77",
    "prix": "12.00",
    "titre": "Queen Plat à cake en porcelaine - blanc ",
    "full_description": "Contemporain chic /n Esprit japonisant et forme contemporaine pour ce plat à cake rectangulaire en porcelaine blanche vraiment original. /n",
    "caracteristiques": {
      "Couleur": "Blanc",
      "Composition": "Porcelaine",
      "Hauteur": "32 cm",
      "Diamètre": "14 cm"
    },
    "categorie": "plat",
    "id": 3
  },
  {
    "photo": "https://www.alinea.com/fstrz/r/s/www.alinea.com/dw/image/v2/BCKM_PRD/on/demandware.static/-/Sites-ali_master/default/dw2c99142e/images/27178447/ASSIETTE-AUCEL-27178447-F-1.jpg?sw=982&sh=982&sm=fit&sfrm=png&bgcolor=eef1eb&frz-v=77",
    "prix": "15.00",
    "titre": "Aucel Plat ovale en grès D34cm - blanc",
    "full_description": "Vaisselle en grès /n Pour servir vos entrées, accompagnements et autres préparations culinaires, optez pour ce plat ovale en grès. Il arbore un style unique empreint d'authenticité avec une matière naturelle et un design minéral qui donneront de la douceur à la présentation de votre plat. De plus, son design aux lignes épurées, fait de ce plat un vrai plus pour votre déco lors de vos repas. Elle vient compléter avec charme votre dressage de table. Découvrez la gamme complète, afin de créer un joli service de vaisselle. /n",
    "caracteristiques": {
      "Couleur": "Blanc",
      "Composition": "Grès",
      "Hauteur": "3 cm",
      "Diamètre": "34 cm"
    },
    "categorie": "plat",
    "id": 4
  },
  {
    "photo": "https://www.alinea.com/fstrz/r/s/www.alinea.com/dw/image/v2/BCKM_PRD/on/demandware.static/-/Sites-ali_master/default/dwe0b943a4/images/21318856/ASSIETTE-HOTESSE-QUEEN-21318856-B-1.jpg?sw=982&sh=982&sm=fit&sfrm=png&bgcolor=eef1eb&frz-v=77",
    "prix": "12.00",
    "titre": "Queen Assiette de présentation en porcelaine - blanc ",
    "full_description": "Contemporain chic ! /n Esprit japonisant et forme contemporaine pour cette assiette hôtesse blanche rectangulaire 32x24cm vraiment originale. /n ",
    "caracteristiques": {
      "Couleur": "Blanc",
      "Composition": "Porcelaine",
      "Longueur": "32 cm",
      "Largeur": "24 cm"
    },
    "categorie": "plat",
    "id": 5
  },
  {
    "photo": "https://www.alinea.com/fstrz/r/s/www.alinea.com/dw/image/v2/BCKM_PRD/on/demandware.static/-/Sites-ali_master/default/dw35c75ac0/images/24668255/Plat-Ovale-Eto-24668255-B-1.jpg?sw=982&sh=982&sm=fit&sfrm=png&bgcolor=eef1eb&frz-v=77",
    "prix": "14.00",
    "titre": "Eto Plat de présentation ovale en porcelaine qualité hôtelière blanc ",
    "full_description": "Épuré /n Une belle gamme de vaisselle de table qui se distingue par sa simplicité et par sa porcelaine de qualité hôtelière. Ce beau plat de présentation oval est orné de délicates rayures ton sur ton pour servir le repas à table avec raffinement. /n",
    "caracteristiques": {
      "Couleur": "Blanc",
      "Composition": "Porcelaine",
      "Longueur": "33 cm"
    },
    "categorie": "plat",
    "id": 6
  },
  {
    "photo": "https://www.alinea.com/fstrz/r/s/www.alinea.com/dw/image/v2/BCKM_PRD/on/demandware.static/-/Sites-ali_master/default/dwfa1b2854/images/26483627/TAGJINE-LANKA-26483627-F-1.jpg?sw=982&sh=982&sm=fit&sfrm=png&bgcolor=eef1eb&frz-v=77",
    "prix": "40.00",
    "titre": "Lanka Tajine en faïence rouge sumac D29cm",
    "full_description": "Saveurs méditerranéennes /n Idéal pour partager des moments conviviaux, ce tajine en faïence vous propose une cuisson douce et naturelle afin de conserver les saveurs et qualités nutritionnelles de vos aliments. Son magnifique coloris rouge sumac sublimé par un liseré noir viendra apporter une touche authentique et lumineuse à votre table. Un tajine qui prendra place au centre de la  table et que vous pourrez associer aux assiettes de la même gamme de vaisselle pour une table aux délices orientaux./n",
    "caracteristiques": {
      "Couleur": "Rouge sumac",
      "Composition": "Faïence",
      "Hauteur": "27 cm",
      "Diamètre ": "29 cm"
    },
    "categorie": "plat",
    "id": 7
  },
  {
    "photo": "https://www.alinea.com/fstrz/r/s/www.alinea.com/dw/image/v2/BCKM_PRD/on/demandware.static/-/Sites-ali_master/default/dw5ebfef1f/images/27177143/DESSOUS-LAUSSO-27177143-F-1.jpg?sw=982&sh=982&sm=fit&sfrm=png&bgcolor=eef1eb&frz-v=77",
    "prix": "10.00",
    "titre": "Lausso Dessous de plat en bois d'acacia D20cm - marron ",
    "full_description": "Dessous de plat en acacia /n Laissez-vous séduire par ce dessous de plat en bois d'acacia. C'est un élément essentiel pour protéger votre table à manger de la chaleur de vos plats. En bois, ce dessous de plat est idéal pour apporter une touche de charme naturelle à votre dressage de table. Lors de vos repas, il saura aisément s'accorder aisément avec le reste de la déco. /n",
    "caracteristiques": {
      "Couleur": "Marron",
      "Composition": "Acacia",
      "Diamètre ": "20 cm"
    },
    "categorie": "plat",
    "id": 8
  },
  {
    "photo": "https://www.alinea.com/fstrz/r/s/www.alinea.com/dw/image/v2/BCKM_PRD/on/demandware.static/-/Sites-ali_master/default/dw7c2661a7/images/27177129/DESSOUS-APARA-27177129-F-1.jpg?sw=982&sh=982&sm=fit&sfrm=png&bgcolor=eef1eb&frz-v=77",
    "prix": "12.00",
    "titre": "Apara Dessous de plat en acacia carré - marron ",
    "full_description": "Dessous de plat naturel /n Découvrez ce joli dessous de plat en bois d'acacia. C'est un élément essentiel pour protéger vos meubles et en particulier votre table à manger de la chaleur de vos casseroles. En bois, ce dessous de plat est idéal pour apporter une touche naturelle à votre dressage de table. Lors de vos repas, il saura aisément s'accorder avec le reste de la déco. /n",
    "caracteristiques": {
      "Couleur": "Marron",
      "Composition": "Acacia",
      "Largeur": "20 cm",
      "Longueur": "20 cm"
    },
    "categorie": "plat",
    "id": 9
  },
  {
    "photo": "https://www.alinea.com/fstrz/r/s/www.alinea.com/dw/image/v2/BCKM_PRD/on/demandware.static/-/Sites-ali_master/default/dwd376ef4d/images/27141489/PLAT-AZE-27141489-F-1.jpg?sw=982&sh=982&sm=fit&sfrm=png&bgcolor=eef1eb&frz-v=77",
    "prix": "16.00",
    "titre": "Aze Plat à tarte en porcelaine D30,5cm - blanc ",
    "full_description": "Plat hôtelier /n Ce beau plat à tarte en porcelaine blanche, de qualité hôtelière, se démarque par sa simplicité et conviendra à toutes les tables. Élégante et intemporelle, ce plat à tarte apportera du charme à votre table lors de vos repas du quotidien, que pour les dîners pour des grandes occasions. Vous pouvez compléter votre vaisselle avec le reste de la gamme qui se compose : d'une assiette de présentation, d'assiettes plates, d'assiettes à dessert, d'un saladier ou encore des plats, pour servir vos mets avec un raffinement digne des grands restaurants /n",
    "caracteristiques": {
      "Couleur": "Blanc",
      "Composition": "Porcelaine",
      "Largeur": "30,5 cm",
      "Hauteur": "12,7 cm"
    },
    "categorie": "plat",
    "id": 10
  },
  {
    "photo": "https://www.alinea.com/fstrz/r/s/www.alinea.com/dw/image/v2/BCKM_PRD/on/demandware.static/-/Sites-ali_master/default/dw5def9cc1/images/27019429/PLAT-OVALE-COTTA-27019429-F-1.jpg?sw=982&sh=982&sm=fit&sfrm=png&bgcolor=eef1eb&frz-v=77",
    "prix": "20.00",
    "titre": "Cotta Plat ovale en faïence - blanc 40cm",
    "full_description": "Prato do Porto /n Ce plat en faïence blanc arbore un joli design, épuré. Fabriqué au Portugal, il est brillant et lumineux. Facile d'entretien, cette céramique possède une bonne tenue dans le temps. Il vous invite à dégustez les cataplanas, pasteis de nata et autres délicieuses spécialités portugaises. Partagez des moments conviviaux dans une ambiance chaleureuse, à l'image de la ville de Porto. Ville côtière au charme médiéval et à l'art typiquement méditerranéen. /n",
    "caracteristiques": {
      "Couleur": "Blanc",
      "Composition": "Faïence",
      "Largeur": "40 cm"
    },
    "categorie": "plat",
    "id": 11
  },
  {
    "photo": "https://www.alinea.com/fstrz/r/s/www.alinea.com/dw/image/v2/BCKM_PRD/on/demandware.static/-/Sites-ali_master/default/dwd04eeb55/images/27321751/PLAT-SOLLER-27321751-F-1.jpg?sw=982&sh=982&sm=fit&sfrm=png&bgcolor=eef1eb&frz-v=77",
    "prix": "20.00",
    "titre": "Plat de service blanc /n Confectionnez une belle table autour de laquelle accueillir vos convives. Pour cela, portez une attention particulière à la vaisselle utilisée. Ce grand plat creux convient pour toutes les occasions. Sa belle faïence blanche met en valeur la couleur de vos plats, subtilement soulignés par un liseré terracotta. Ce plat de présentation ovale permet de servir une salade, une viande ou encore un poisson. Tous vos petits plats trouveront leur place dans cette grande assiette blanche de 28x40 cm. Ce plat de service en faïence est résistant et facile d'entretien. Un excellent compagnon à avoir dans sa cuisine pour apporter la touche finale à vos recettes. /n ",
    "full_description": "",
    "caracteristiques": {
      "Couleur": "Blanc",
      "Composition": "Faïence",
      "Lgueur": "40 cm",
      "Largeur": "28 cm"
    },
    "categorie": "plat",
    "id": 12
  },
  {
    "photo": "https://www.alinea.com/fstrz/r/s/www.alinea.com/dw/image/v2/BCKM_PRD/on/demandware.static/-/Sites-ali_master/default/dw163dca50/images/27242483/PLAT-MORA-27242483-F-1.jpg?sw=982&sh=982&sm=fit&sfrm=png&bgcolor=eef1eb&frz-v=77",
    "prix": "20.00",
    "titre": "Mora Plat creux en faïence D30cm - vert olivier ",
    "full_description": "Vaisselle traditionnelle /n Ce joli plat creux en faïence au design chic et épuré est idéal pour servir vos préparations ou vos salades avec élégance lors de repas avec vos proches. Mettez vos savoureux mets en valeur grâce à son au coloris unique. Sobre et de couleur vert olivier, il laisse apparaître de légers détails en relief sur toute sa surface extérieure. Fabriqué au Portugal, il est facile d'entretien. Découvrez le reste de la gamme qui présente : une assiette à dessert, une assiette plate, un bol, une assiette et un plat ovale ... pour créer un bel ensemble. D'ailleurs, cette sélection de vaisselle existe en plusieurs colori /n",
    "caracteristiques": {
      "Couleur": "Vert olivier",
      "Composition": "Faïence",
      "Hauteur": "5 cm",
      "Diamètre": "30 cm"
    },
    "categorie": "plat",
    "id": 13
  },
  {
    "photo": "https://www.alinea.com/fstrz/r/s/www.alinea.com/dw/image/v2/BCKM_PRD/on/demandware.static/-/Sites-ali_master/default/dw98eebe06/images/27180921/PLAT-FOGLIA-27180921-F-1.jpg?sw=982&sh=982&sm=fit&sfrm=png&bgcolor=eef1eb&frz-v=77",
    "prix": "20.00",
    "titre": "Foglia Plat creux en faïence - blanc D30cm ",
    "full_description": "Chaleur portugaise /n Un joli plat creux en faïence au motif floral pour décorer votre table à manger. Idéal pour présenter vos plats, il est compatible avec le lave-vaisselle et le four à micro-ondes. Un plat fabriqué au Portugal par des artisans passionnés qui vous convie au cœur de la péninsule ibérique. La promesse de savoureux repas conviviaux entre amis ou en famille. /n ",
    "caracteristiques": {
      "Couleur": "Vert",
      "Composition": "Faïence",
      "Hauteur": "5 cm",
      "Diamètre": "30 cm"
    },
    "categorie": "plat",
    "id": 14
  },
  {
    "photo": "https://www.alinea.com/fstrz/r/s/www.alinea.com/dw/image/v2/BCKM_PRD/on/demandware.static/-/Sites-ali_master/default/dw97cf6a01/images/26717500/COUPELLE-ESTEVE-26717500-F-1.jpg?sw=982&sh=982&sm=fit&sfrm=png&bgcolor=eef1eb&frz-v=77",
    "prix": "9.00",
    "titre": "Esteve Coupelle rectangulaire en acacia L20cm",
    "full_description": "",
    "caracteristiques": {
      "Couleur": "Marron",
      "Composition": "Acacia",
      "Largeur": "20,2 cm",
      "Profondeur": "10 cm"
    },
    "categorie": "plat",
    "id": 15
  },
  {
    "photo": "https://www.alinea.com/fstrz/r/s/www.alinea.com/dw/image/v2/BCKM_PRD/on/demandware.static/-/Sites-ali_master/default/dwfee01601/images/27242520/PLAT-MORA-27242520-F-1.jpg?sw=982&sh=982&sm=fit&sfrm=png&bgcolor=eef1eb&frz-v=77",
    "prix": "35.00",
    "titre": "Mora Plat ovale en faïence L40xl28xh4cm - blanc ventou",
    "full_description": "Vaisselle traditionnelle /n Ce joli plat ovale en faïence au design chic et épuré est idéal pour servir vos préparations culinaires, amuse-bouches ou entrées avec élégance lors de repas avec vos proches. Mettez vos savoureux mets en valeur grâce à son coloris unique. Sobre et de couleur blanc ventoux, il laisse apparaître de légers détails en relief sur tout son rebord intérieur. Fabriqué au Portugal, il est facile d'entretien. Découvrez le reste de la gamme qui présente : une assiette à dessert, une assiette plate, un bol, une assiette et un plat creux ... pour créer un bel ensemble. D'ailleurs, cette sélection de vaisselle existe en plusieurs coloris. /n ",
    "caracteristiques": {
      "Couleur": "Blanc Ventoux",
      "Composition": "Faïence",
      "Largeur": "28 cm",
      "Longueur": "40 cm"
    },
    "categorie": "plat",
    "id": 16
  },
  {
    "photo": "https://www.alinea.com/fstrz/r/s/www.alinea.com/dw/image/v2/BCKM_PRD/on/demandware.static/-/Sites-ali_master/default/dw6c01142a/images/27242506/PLAT-MORA-27242506-F-1.jpg?sw=982&sh=982&sm=fit&sfrm=png&bgcolor=eef1eb&frz-v=77",
    "prix": "20.00",
    "titre": "Mora Plat creux en faïence D30cm - blanc ventoux ",
    "full_description": "Vaisselle traditionnelle /n Ce joli plat creux en faïence au design chic et épuré est idéal pour servir vos préparations ou vos salades avec élégance lors de repas avec vos proches. Mettez vos savoureuses préparations culinaires en valeur grâce à son beau et doux coloris. Sobre et de couleur blanc ventoux, il laisse apparaître de légers détails en relief sur toute sa surface extérieure. Fabriqué au Portugal, il est facile d'entretien. Découvrez le reste de la gamme qui présente : une assiette à dessert, une assiette plate, un bol, une assiette et un plat ovale ... pour créer votre service. D'ailleurs, cette sélection de vaisselle existe en plusieurs coloris. /n",
    "caracteristiques": {
      "Couleur": "Blanc Ventoux",
      "Composition": "Faïence",
      "Hauteur": "5 cm",
      "Diamètre ": "30 cm"
    },
    "categorie": "plat",
    "id": 17
  },
  {
    "photo": "https://www.alinea.com/fstrz/r/s/www.alinea.com/dw/image/v2/BCKM_PRD/on/demandware.static/-/Sites-ali_master/default/dwf82b1034/images/27242889/PLAT-MORA-27242889-F-1.jpg?sw=982&sh=982&sm=fit&sfrm=png&bgcolor=eef1eb&frz-v=77",
    "prix": "35.00",
    "titre": "Mora Plat ovale en faïence L40xl28xh4cm - vert olivier ",
    "full_description": "Vaisselle traditionnelle /n Ce joli plat ovale en faïence au design chic et épuré est idéal pour servir vos préparations, amuse-bouches ou entrées avec élégance lors de repas avec vos proches. Mettez vos savoureux mets en valeur grâce à son coloris unique. Sobre et de couleur vert olivier, il laisse apparaître de légers détails en relief sur tout son rebord intérieur. Fabriqué au Portugal, il est facile d'entretien. Découvrez le reste de la gamme qui présente : une assiette à dessert, une assiette plate, un bol, une assiette et un plat creux ... pour créer un bel ensemble. D'ailleurs, cette sélection de vaisselle existe en plusieurs coloris. /n",
    "caracteristiques": {
      "Couleur": "Vert olivier ",
      "Composition": "Faïence",
      "Longueur": "40 cm",
      "Largeur": "28 cm"
    },
    "categorie": "plat",
    "id": 18
  },
  {
    "photo": "https://www.alinea.com/fstrz/r/s/www.alinea.com/dw/image/v2/BCKM_PRD/on/demandware.static/-/Sites-ali_master/default/dw86b612f3/images/27235522/PLATEAU-STECCU-27235522-A-1.jpg?sw=982&sh=982&sm=fit&sfrm=png&bgcolor=eef1eb&frz-v=77",
    "prix": "36.00",
    "titre": "Steccu Plateau de présentation rond en acacia - marron D27cm ",
    "full_description": "Plateau de présentation chic /n Lors de repas ou moments de partage avec vos proches, vous préparez un apéritif avec de savoureuses mises en bouche. Bien que délicieux, il est essentiel de les mettre en valeur afin d'éveiller l'appétit de vos convives. Cette planche de présentation en acacia accompagnée de sa cloche en verre est donc le plat idéal à cet effet. Sa matière et son coloris lui procurent un charme naturel. La cloche tout en transparence laisse apparaître ce qui est proposé et permet aussi de conserver les aliments. Régalez les papilles et les pupilles de vos invités. /n",
    "caracteristiques": {
      "Couleur": "Marron",
      "Composition": "Bois d'acacia",
      "Hauteur": "17,5 cm",
      "Diamètre": "27 cm"
    },
    "categorie": "plat",
    "id": 19
  },
  {
    "photo": "https://www.alinea.com/fstrz/r/s/www.alinea.com/dw/image/v2/BCKM_PRD/on/demandware.static/-/Sites-ali_master/default/dwb816ea9e/images/27398210/Plat-deco-ALFAKHAAR-27398210-F-1.jpg?sw=982&sh=982&sm=fit&sfrm=png&bgcolor=eef1eb&frz-v=77",
    "prix": "45.00",
    "titre": "ALFAKHAAR Plat décoratif en argile - vert D30xH12cm ",
    "full_description": "Plat en céramique vert et blanc /n Alfakhaar est une collection de pièces décoratives confectionnées à partir d'argile de Tamegroute, une oasis située aux confins du désert marocain. L'argile que l'on y trouve permet de créer des poteries en céramique uniques, arborant une belle nuance verte. Ici, le potier travaille la matière pour offrir ce plat décoratif bicolore. En effet, alors qu'une partie arbore le vert émeraude typique de Tamegroute, une autre révèle une blancheur éclatante. Un contraste de caractère qui capte le regard et le retient de longues minutes. Un plat en argile à faire trôner au centre d'une table ou sur une console pour un effet saisissant. Les pièces Alfakhaar sont toutes réalisées à la main par des potiers marocains maîtrisant les savoir-faire ancestraux du pays. /n",
    "caracteristiques": {
      "Couleur": "100% argile issue de l'oasis de Tamegroute à Zagora",
      "Composition": "Bois d'acacia",
      "Hauteur": "12 cm",
      "Diamètre": "30 cm"
    },
    "categorie": "plat",
    "id": 20
  },
  {
    "photo": "https://www.alinea.com/fstrz/r/s/www.alinea.com/dw/image/v2/BCKM_PRD/on/demandware.static/-/Sites-ali_master/default/dw23a9d77d/images/27398197/Coupe-deco-ALFAKHAAR-27398197-F-1.jpg?sw=982&sh=982&sm=fit&sfrm=png&bgcolor=eef1eb&frz-v=77",
    "prix": "50.00",
    "titre": "ALFAKHAAR Coupe en argile - vert D30xH13cm",
    "full_description": "Coupe verte /n Cette superbe coupe décorative s'impose dans toute sa splendeur grâce à ses beaux volumes. La coupe mesure 30 cm de diamètre : une forme généreuse qui offre de nombreuses possibilités. Cette coupe en céramique peut aussi bien servir de corbeille à fruits que de vide poche. Elle se suffit également à elle même, exposée sur un meuble. Cette coupe déco est confectionnée à la main au Maroc. Ainsi, chaque pièce est unique, tant dans sa forme que ses nuances. L'argile utilisée est issue de l'oasis de Tamegroute : une région aride qui offre de belles particularités à la matière rocheuse. Après cuisson, l'argile de Tameroute se pare d'une belle couleur verte. Une nuance tendance, parfaite pour sublimer votre intérieur. /n",
    "caracteristiques": {
      "Couleur": "Vert tamegroute",
      "Composition": "100% argile issue de l'oasis de Tamegroute à Zagora",
      "Hauteur": "13 cm",
      "Diamètre": "30 cm"
    },
    "categorie": "plat",
    "id": 21
  }
]