[
  {
    "photo": "https://static.bhv.fr/media/363/36354322/G_36354322_378_VPM_1.jpg",
    "prix": "56.00",
    "titre": "CHEF ET SOMMELIER 6 verres à vin Universal Tasting OPEN UP 40 cl",
    "full_description": "Le verre à pied Universal Tasting 40 cl en krysta de la collection Open Up - Mikasa de Chef&Sommelier est idéal pour la dégustation d’une grande variété de vins du monde : vins rouges ni trop tanniques, ni trop acides ou vins blancs issus du cépage Sauvignon. /n Open Up est une ligne de verres au design contemporain et révolutionnaire, qui procure un plaisir olfactif sans commune mesure. /n Elle permet de déguster tous les types de vins jeunes (de 1 à 3 ans pour les blancs et de 1 à 5 pour les rouges). /n ",
    "caracteristiques": {
      "Couleur": "Transparent",
      "Contenance": "40 cl",
      "Hauteur": "22,3 cm",
      "Diamètre": "8,9 cm",
      "Composition": "Krysta"
    },
    "categorie": "verre_a_vin",
    "id": 0
  },
  {
    "photo": "https://static.bhv.fr/media/3004051/300405140091/G_300405140091_444_VPM_1.jpg",
    "prix": "31.30",
    "titre": "COUZON Sirius - Lot de 4 verres à pied 47 cl",
    "full_description": "Ensemble de 4 verres à dégustation 47cl Sirius de la collection Prestige. Ce verre convient à la fois aux grands vins blancs (Chardonnay de Bourgogne, Viognier de la vallée du Rhône, Chenin de Loire) et aux belles bouteilles de vins rouges. /n Les verres Sirius de Couzon sont issus d'une collaboration étroite entre œnologues et verriers. Fabriqués en France, ils sont idéalement adaptés au service du vin. /n Verres œnologiques de fabrication Française, dotés d'une surface d'oxygénation large, d'une chambre aromatique ample, d'un buvant resserré et d'un élégant design. Les verres Sirius de Couzon sont fabriqués en Cristallin Expert, une matière innovante qui allie finesse et résistance et répond aux exigences pointues des amateurs de vin. /n ",
    "caracteristiques": {
      "Couleur": "Transparent",
      "Contenance": "47 cl",
      "Hauteur": "23,2 cm",
      "Diamètre": "89,6 cm",
      "Composition": "Verre"
    },
    "categorie": "verre_a_vin",
    "id": 1
  },
  {
    "photo": "https://static.bhv.fr/media/434/43405752/G_43405752_378_VPM_1.jpg",
    "prix": "Verres à pied 35cl de la collection Grand Cépage. Ces verres conçus pour sublimer les vins issus des plus beaux cépages accompagnent le plaisir de vos dégustation expertes. /n La collection Grands Cépages sublime les plus grands cépages, dans toute leur variété : du Cabernet Sauvignon aux tannins puissants au Chardonnay le plus moelleux et fruité. Ces verres à pied s'assortissent parfaitement aux gobelets de la collection Primary. /n",
    "titre": "CHEF ET SOMMELIER 6 verres à vins rouges ou blancs GRANDS CEPAGES 35 cl",
    "caracteristiques": {
      "Couleur": "Coloris Unique",
      "Hauteur": "21 cm",
      "Contenance": "35 cl",
      "Composition": "Verre"
    },
    "categorie": "verre_a_vin",
    "id": 2
  },
  {
    "photo": "https://static.bhv.fr/media/790/79033061/G_79033061_356_VPM_1.jpeg",
    "prix": "14.90€",
    "titre": "ICHENDORF MILANO Verre à vin Liberta verre orange 30 cl",
    "full_description": "Cette collection, dessinée par Margherita Rui, est née de la combinaison du design et des styles néoclassiques, avec de petites notes qui font référence au Liberty. /n Verre à eau en verre borosilicate, pied transparent et corps orange. /n ",
    "caracteristiques": {
      "Couleur": "Orange",
      "Diamètre": "7,6 cm",
      "Hauteur": "9,5 cm",
      "Contenance": "30 cl",
      "Composition": "Verre borosilicate"
    },
    "categorie": "verre_a_vin",
    "id": 3
  },
  {
    "photo": "https://static.bhv.fr/media/139/13969365/G_13969365_85_VPM_1.jpg",
    "prix": "6.50",
    "titre": "LA ROCHERE Verre Ballon 14 cl",
    "full_description": "Verre ballon en verre pressé mécanique.",
    "caracteristiques": {
      "Couleur": "Transparent",
      "Diamètre": "13,4 cm",
      "Hauteur": "7,5 cm",
      "Contenance": "14 cl",
      "Composition": "Verre"
    },
    "categorie": "verre_a_vin",
    "id": 4
  },
  {
    "photo": "https://static.bhv.fr/media/526/52638835/G_52638835_444_VPM_1.jpg",
    "prix": "59.00",
    "titre": "CRISTAL D'ARQUES Coffret de 6 verres à pied Macassar 25cl",
    "caracteristiques": {
      "Couleur": "Transparent",
      "Composition": "Christallin"
    },
    "categorie": "verre_a_vin",
    "id": 5
  },
  {
    "photo": "https://static.bhv.fr/media/774/77453320/G_77453320_444_VPM_1.jpg",
    "prix": "90.00",
    "titre": "LEHMANN Boite de  6 verres à pied Hommage 69 cl",
    "full_description": "Lot de 6 Verres à pied Hommage de la collection G.Basset. /n Fabrication ultralight soufflé machine. /n ",
    "caracteristiques": {
      "Couleur": "Transparent",
      "Hauteur": "25 cm",
      "Composition": "Cristallin sans plomb"
    },
    "categorie": "verre_a_vin",
    "id": 6
  },
  {
    "photo": "https://static.bhv.fr/media/774/77453318/G_77453318_444_VPM_1.jpg",
    "prix": "90.00",
    "titre": "LEHMANN Boite de  6 verres à pied Hommage 45 cl",
    "full_description": "Lot de 6 Verres à pied Hommage de la collection G.Basset. /n Fabrication ultralight soufflé machine. /n ",
    "caracteristiques": {
      "Couleur": "Transparent",
      "Hauteur": "23,9 cm",
      "Composition": "Cristallin sans plomb"
    },
    "categorie": "verre_a_vin",
    "id": 7
  },
  {
    "photo": "https://static.bhv.fr/media/278/27852372/G_27852372_378_VPM_1.jpg",
    "prix": "59.00",
    "titre": "CHEF ET SOMMELIER Set de 6 verres Soft 40 cl Reveal Up",
    "full_description": "La forme Soft révèle la finesse et la douceur des arômes de vins rouges et blancs, jeunes ou matures, plutôt fins, élégants, ou aromatiques, aux notes fruitées. Une jauge naturelle pour servir la bonne quantité de vin. Fabriqué en France.",
    "caracteristiques": {
      "Couleur": "Coloris Unique",
      "Composition": "Kwarx"
    },
    "categorie": "verre_a_vin",
    "id": 8
  },
  {
    "photo": "https://static.bhv.fr/media/3004060/300406078623/G_300406078623_444_VPM_1.jpg",
    "prix": "46.80",
    "titre": "CHEF ET SOMMELIER Grands Cépages - 6 verres à pied 62 cl",
    "full_description": "Verres à pied 62cl de la collection Grand Cépage. Ces verres conçus pour sublimer les vins issus des plus beaux cépages accompagnent le plaisir de vos dégustation expertes. /n La collection Grands Cépages sublime les plus grands cépages, dans toute leur variété : du Cabernet Sauvignon aux tannins puissants au Chardonnay le plus moelleux et fruité. Ces verres à pied s'assortissent parfaitement aux gobelets de la collection Primary. /n Chef & Sommelier est une marque française née du groupe verrier Arc International, fondé en 1825. Reconnue pour son savoir-faire dans le domaine œnologique, la marque s'associe avec des experts pour développer des collections raffinées de verres et accessoires dédiés à la dégustation et au service du vin. /n ",
    "caracteristiques": {
      "Couleur": "Transparent",
      "Composition": "Verre"
    },
    "categorie": "verre_a_vin",
    "id": 9
  },
  {
    "photo": "https://static.bhv.fr/media/278/27852368/G_27852368_378_VPM_1.jpg",
    "prix": "53.00",
    "titre": "CHEF ET SOMMELIER Set  de 6 verres Soft 30 cl Revea Up",
    "full_description": "La forme Soft révèle la finesse et la douceur des arômes de vins rouges et blancs, jeunes ou matures, plutôt fins, élégants, ou aromatiques, aux notes fruitées. Le 30cl étant conçu pour servir de verre à champagne. Point laser au fond du verre procurant une effervescence plus. Fabriqué en France.",
    "caracteristiques": {
      "Couleur": "Transparent",
      "Composition": "Verre"
    },
    "categorie": "verre_a_vin",
    "id": 10
  },
  {
    "photo": "https://static.bhv.fr/media/3004008/300400890117/G_300400890117_230_VPM_1.jpg",
    "prix": "72.00",
    "titre": "DEGRENNE GALATEE - Lot de 6 verre - Verre à vin 35 cl",
    "caracteristiques": {
      "Couleur": "Gris"
    },
    "categorie": "verre_a_vin",
    "id": 11
  },
  {
    "photo": "https://static.bhv.fr/media/774/77453300/G_77453300_444_VPM_1.jpg",
    "prix": "70.00",
    "titre": "LEHMANN Coffret de  2 verres Synergie 60 cl",
    "full_description": "Boite de 2 verres Synergie 60 cl. /n Fabrication ultralight soufflé à la bouche de la collection signature A.Lallement. /n",
    "caracteristiques": {
      "Couleur": "Transparent",
      "Hauteur": "24 cm",
      "Contenance": "60 cl",
      "Composition": "Cristallon sans plomb"
    },
    "categorie": "verre_a_vin",
    "id": 12
  },
  {
    "photo": "https://static.bhv.fr/media/3004052/300405211310/G_300405211310_444_VPM_1.jpg",
    "prix": "35.50",
    "titre": "CHEF ET SOMMELIER Sublym - 6 verres à pied multiusages 35 cl",
    "full_description": "Pour découvrir et déguster vos vins, optez pour ces verres à pied multi-usages de 35cl. /n Ligne élancée, jambe longue et mince, verre brillant de mille feux : la collection Sublym déploie sa silhouette harmonieuse et délicate au service de toutes les variétés de vins. Tout n'est que raffinement dans ce galbe longiligne. À assortir aux gobelets de la collection Primary. /n ",
    "caracteristiques": {
      "Couleur": "Transparent",
      "Hauteur": "17,7 cm",
      "Contenance": "35 cm",
      "Composition": "Verre"
    },
    "categorie": "verre_a_vin",
    "id": 13
  },
  {
    "photo": "https://static.bhv.fr/media/3004052/300405211312/G_300405211312_444_VPM_1.jpg",
    "prix": "43.20",
    "titre": "CHEF ET SOMMELIER Cabernet Vins Jeunes - 6 verres à pied 58 cl",
    "full_description": "Verres à pied 58cl destinés au vins jeunes, de la gamme Cabernet. Leur large surface d'oxgénation développe les arômes qui se concentrent au sommet du verre. /n La forme ample et anguleuse des verres de la collection Cabernet Vins Jeunes les destine naturellement au service des vins jeunes. Les bars à vin, restaurant fooding et autres nouveaux concepts tendances plébiscitent son design contemporain, sa pureté et sa résistance remarquable. /n ",
    "caracteristiques": {
      "Couleur": "Transparent",
      "Composition": "Verre"
    },
    "categorie": "verre_a_vin",
    "id": 14
  },
  {
    "photo": "https://static.bhv.fr/media/363/36353787/G_36353787_378_VPM_1.jpg",
    "prix": "56.00",
    "titre": "CHEF ET SOMMELIER 6 verres à pied OPEN UP 37 cl",
    "full_description": "Ce lot de 6 verres à pied Round 37cl de la collection Open Up Chef & Sommelier s'accorde parfaitement avec les autres verres de cette collection et peut également être utilisé pour les cocktails. /n Open Up est une ligne de verres au design contemporain permettant de déguster tous les types de vins jeunes (de 1 à 3 ans pour les blancs et de 1 à 5 pour les rouges) /n",
    "caracteristiques": {
      "Couleur": "Transparent",
      "Hauteur": "21 cm",
      "Diamètre": "9.5 cm",
      "Contenance": "37 cl",
      "Composition": "Krysta"
    },
    "categorie": "verre_a_vin",
    "id": 15
  },
  {
    "photo": "https://static.bhv.fr/media/363/36354397/G_36354397_378_VPM_1.jpg",
    "prix": "43.00",
    "titre": "CHEF ET SOMMELIER 6 verres à vins OPEN UP 32 cl",
    "full_description": "Open Up est une ligne de verres au design contemporain et révolutionnaire, qui procure un plaisir olfactif sans commune mesure. /n Elle permet de déguster tous les types de vins jeunes (de 1 à 3 ans pour les blancs et de 1 à 5 ans pour les rouges). /n ",
    "caracteristiques": {
      "Couleur": "Transparent",
      "Hauteur": "18 cm",
      "Diamètre": "8.7 cm",
      "Contenance": "32 cl",
      "Composition": "Krysta"
    },
    "categorie": "verre_a_vin",
    "id": 16
  },
  {
    "photo": "https://static.bhv.fr/media/817/81762300/G_81762300_444_VPM_1.jpg",
    "prix": "29.90",
    "titre": "BONNECAZE Set de 2 verres à absinthe traditionnels Pontarlier",
    "full_description": "Set de 2 verres à absinthe traditionnels Pontarlier . /n Le verre à absinthe antique le plus populaire aujourd'hui est peut-être le légendaire verre Pontarlier. /n Bien qu'il existe de légères variations de ce verre, ce style est considéré comme la quintessence du verre à absinthe traditionnel Pontarlier. /n Ce verre est fabriqué dans les mêmes proportions qu'un verre original de Pontarlier, y compris son réservoir. /n Le réservoir est la zone utilisée pour mesurer la quantité d'absinthe à utiliser pour un verre. /n Il s'agit d'un verre moulé à la machine, donc épais et solide et idéal pour une utilisation intensive dans un bar ou un restaurant. /n Verre moulé à la machin /n ",
    "caracteristiques": {
      "Couleur": "Transparent",
      "Hauteur": "14.6 cm",
      "Diamètre": "8.6 cm",
      "Composition": "Verre"
    },
    "categorie": "verre_a_vin",
    "id": 17
  },
  {
    "photo": "https://static.bhv.fr/media/794/79428600/G_79428600_444_VPM_1.jpg",
    "prix": "39.80",
    "titre": "CHEF ET SOMMELIER Boite de 6 gobelets à vin Arom Up 36 cl",
    "full_description": "Les verres de la collection Arom Up agissent comme des boosters d’arômes. /n Leur forme est entièrement dédiée à la préservation de ces parfums délicats et volatils : le vin s’oxygène parfaitement dans la chambre aromatique aux dimensions expertes. /n ",
    "caracteristiques": {
      "Couleur": "Transparent",
      "Contenance": "36 cl"
    },
    "categorie": "verre_a_vin",
    "id": 18
  },
  {
    "photo": "https://static.bhv.fr/media/278/27852377/G_27852377_378_VPM_1.jpg",
    "prix": "59.30",
    "titre": "CHEF ET SOMMELIER Set de 6 verres Soft 50 cl Reveal Up",
    "full_description": "La forme Softrévèle la finesse et la douceur des arômes de vins rouges et blancs, jeunes ou matures, plutôt fins, élégants, ou aromatiques, aux notes fruitées. Une jauge naturelle pour servir la bonne quantité de vin. Fabriqué en France.",
    "caracteristiques": {
      "Couleur": "Coloris Unique",
      "Composition": "Verre"
    },
    "categorie": "verre_a_vin",
    "id": 19
  },
  {
    "photo": "https://static.bhv.fr/media/3004052/300405211314/G_300405211314_444_VPM_1.jpg",
    "prix": "33.00",
    "titre": "CHEF ET SOMMELIER Cabernet Ballon - 6 verres à pied 58 cl",
    "full_description": "Verre à vin ballon de 58 cl Cabernet vendu par boîte de 6. Un indispensable de la dégustation œnologique. /n Cabernet est une collection très large de verres à pied conçus pour déguster les meilleurs crus. Proposé en différentes contenances, le modèle Cabernet Ballon permet de restituer toute la subtilité des arômes et du goût. /n ",
    "caracteristiques": {
      "Couleur": "Transparent",
      "Composition": "Verre"
    },
    "categorie": "verre_a_vin",
    "id": 20
  },
  {
    "photo": "https://static.bhv.fr/media/3004052/300405211329/G_300405211329_444_VPM_1.jpg",
    "prix": "30.60",
    "titre": "CHEF ET SOMMELIER Cabernet Tulipe - 6 verres à pied 25 cl",
    "full_description": "Verre à pied 25 cl Cabernet Tulipe. Idéal pour la dégustation des vins rouges, blancs ou rosés. /n La collection Cabernet Tulipe se met au service de la dégustation de vos meilleurs crus rouges, blancs ou rosés. Sa finesse au buvant procure un grand confort de dégustation et son verre ultra transparent permet d'apprécier la robe de vos vins dans les meilleures conditions. /n",
    "caracteristiques": {
      "Couleur": "Transparent",
      "Composition": "Verre"
    },
    "categorie": "verre_a_vin",
    "id": 21
  },
  {
    "photo": "https://static.bhv.fr/media/774/77453297/G_77453297_444_VPM_1.jpg",
    "prix": "70.00",
    "titre": "LEHMANN Coffret de 2 verres Grand Blanc 64 cl",
    "full_description": "Boite de 2 verres Grand Blanc 64 cl. /n Fabrication ultralight soufflé à la bouche de la collection signature A.Lallement. /n ",
    "caracteristiques": {
      "Couleur": "Transparent",
      "Contenance": "64 cl",
      "Composition": "Cristallin sans plomb"
    },
    "categorie": "verre_a_vin",
    "id": 22
  },
  {
    "photo": "https://static.bhv.fr/media/3004060/300406075750/G_300406075750_444_VPM_1.jpg",
    "prix": "43.30",
    "titre": "CHEF ET SOMMELIER Lys- Lot de 6 verres à pied 35 cl",
    "full_description": "Lot de 6 verres à pied 35cl de la collection Lys par Couzon. Cette collection est spécialement étudiée pour révéler les arômes de vos vins favoris. /n Pour sublimer la dégustation de vins légers et jeunes aux notes florales ou fruitées, les verres de la collection Lys agissent comme des boosters d'arômes. Leur forme est entièrement dédiée à la préservation de ces parfums délicats et volatils : le vin s'oxygène parfaitement dans la chambre aromatique aux dimensions expertes.",
    "caracteristiques": {
      "Couleur": "Transparent",
      "Hauteur": "19.50",
      "Contenance": "Transparent",
      "Composition": "Verre"
    },
    "categorie": "verre_a_vin",
    "id": 23
  },
  {
    "photo": "https://static.bhv.fr/media/707/70745273/G_70745273_444_VPM_1.jpg",
    "prix": "25.00",
    "titre": "SERAX Verre à vin rouge Grace cristal transparent",
    "full_description": "Le verre à vin en cristal (sans plomb) fait partie de la collection Grace. Contenace 20 cl. /n On remarque surtout la forme du calice qui aboutit sur une fine tige droite et un bord subtilement arqué. /n La collection Grace comprend 9 verres qui conjuguent confort d'utilisation contemporain et élégance raffinée. /n Cette collection est soufflée à la bouche. /n  ",
    "caracteristiques": {
      "Couleur": "Transparent",
      "Hauteur": "19.50 cm",
      "Diamètre": "8.60 cm",
      "Contenance": "Transparent",
      "Composition": "Cristal sans plomb"
    },
    "categorie": "verre_a_vin",
    "id": 24
  },
  {
    "photo": "https://static.bhv.fr/media/3004052/300405211325/G_300405211325_444_VPM_1.jpg",
    "prix": "29.40",
    "titre": "CHEF ET SOMMELIER Cabernet Tulipe - 6 verresà pied 35 cl",
    "full_description": "Verre à pied 35 cl Cabernet Tulipe. Idéal pour la dégustation des vins rouges, blancs ou rosés. /n La collection Cabernet Tulipe se met au service de la dégustation de vos meilleurs crus rouges, blancs ou rosés. Sa finesse au buvant procure un grand confort de dégustation et son verre ultra transparent permet d'apprécier la robe de vos vins dans les meilleures conditions. /n ",
    "caracteristiques": {
      "Couleur": "Transparent",
      "Composition": "Verre"
    },
    "categorie": "verre_a_vin",
    "id": 25
  },
  {
    "photo": "https://static.bhv.fr/media/3004060/300406075752/G_300406075752_444_VPM_1.jpg",
    "prix": "37.00",
    "titre": "CHEF ET SOMMELIER Lys - Lot de 6 verrs à pied 25 cl",
    "caracteristiques": {
      "Couleur": "Transparent",
      "Hauteur": "18 cm",
      "Largeur": "7.4 cm",
      "Contenance": "25 cl",
      "Composition": "Verre"
    },
    "categorie": "verre_a_vin",
    "id": 26
  },
  {
    "photo": "https://static.bhv.fr/media/570/57010742/G_57010742_444_VPM_1.jpg",
    "prix": "42.90",
    "titre": "ABSOLUMENT MAISON 6 verres à pied Petille",
    "full_description": "Lot de 6 verres à pied en verre parés de petites bulles.",
    "caracteristiques": {
      "Couleur": "Transparent",
      "Hauteur": "10 cm",
      "Composition": "Verre"
    },
    "categorie": "verre_a_vin",
    "id": 27
  },
  {
    "photo": "https://static.bhv.fr/media/3004052/300405211342/G_300405211342_444_VPM_1.jpg",
    "prix": "35.50",
    "titre": "CHEF ET SOMMELIER Cabernet Tulipe - 6 verres à pied 47 cl",
    "full_description": "Verre à pied 47 cl Cabernet Tulipe. Idéal pour la dégustation des vins rouges. /n La collection Cabernet Tulipe se met au service de la dégustation de vos meilleurs crus rouges, blancs ou rosés. Sa finesse au buvant procure un grand confort de dégustation et son verre ultra transparent permet d'apprécier la robe de vos vins dans les meilleures conditions. /n",
    "caracteristiques": {
      "Couleur": "Transparent",
      "Composition": "Verre"
    },
    "categorie": "verre_a_vin",
    "id": 28
  },
  {
    "photo": "https://static.bhv.fr/media/3004060/300406078606/G_300406078606_444_VPM_1.jpg",
    "prix": "29.90",
    "titre": "COUZON Sirius - Lot de 4 verres à pied 29 cl",
    "full_description": "Ensemble de 4 verres 29cl à dégustation Sirius de la collection Essentiel. Ce verre convient à toutes les couleurs de vin : rouge , blanc ou rosé. Il met en valeur leurs notes fruités et en révèle les arômes avec finesse et douceur. /n Les verres Sirius de Couzon sont issus d'une collaboration étroite entre œnologues et verriers. Fabriqués en France, ils sont idéalement adaptés au service du vin. /n ",
    "caracteristiques": {
      "Couleur": "Transparent",
      "Hauteur": "20,6 cm",
      "Diamètre": "8,3 cm",
      "Contenance": "29 cl",
      "Composition": "Verre"
    },
    "categorie": "verre_a_vin",
    "id": 29
  },
  {
    "photo": "https://static.bhv.fr/media/444/44444017/G_44444017_444_VPM_1.jpg",
    "prix": "53.40",
    "titre": "CHEF ET SOMMELIER 6 verres à pied et MACARON 50 cl",
    "full_description": "Coffret de 6 verres à pied en cristallin.",
    "caracteristiques": {
      "Couleur": "Transparent",
      "Hauteur": "22 cm",
      "Contenance": "50 cl",
      "Composition": "Cristal"
    },
    "categorie": "verre_a_vin",
    "id": 30
  },
  {
    "photo": "https://static.bhv.fr/media/3004060/300406079392/G_300406079392_444_VPM_1.jpg",
    "prix": "75.00",
    "titre": "DEGRENNE MUSE - Lot de 6 - Verre à vin rouge 35 cl",
    "caracteristiques": {
      "Couleur": "Transparent"
    },
    "categorie": "verre_a_vin",
    "id": 31
  },
  {
    "photo": "https://static.bhv.fr/media/705/70581932/G_70581932_230_VPM_1.jpg",
    "prix": "34.00",
    "titre": "ABSOLUMENT MAISON 4  verres à vin sur pieds empilable Sandro",
    "full_description": "4 verres à vin empilables.",
    "caracteristiques": {
      "Couleur": "Gris",
      "Hauteur": "8 cm",
      "Contenance": "8 cm",
      "Composition": "13,5 cm"
    },
    "categorie": "verre_a_vin",
    "id": 32
  },
  {
    "photo": "https://static.bhv.fr/media/710/71085491/G_71085491_444_VPM_1.jpg",
    "prix": "29.90",
    "titre": "SERAX Verre vin rouge Inku 70 cl",
    "full_description": "Le tout nouveau service Inku du chef Sergio Herman est inspiré du raffinement et de la perfection japonaise, avec des références aux coquillages, aux fleurs et aux structures abstraites de la nature.",
    "caracteristiques": {
      "Couleur": "Transparent",
      "Hauteur": "18 cm",
      "Diamètre": "10.7 cm",
      "Composition": "Verre"
    },
    "categorie": "verre_a_vin",
    "id": 33
  },
  {
    "photo": "https://static.bhv.fr/media/3004060/300406079391/G_300406079391_230_VPM_1.jpg",
    "prix": "66.00",
    "titre": "DEGRENNE Domaine - Lot de 6 - Verre à vin blanc 28 cl",
    "caracteristiques": {
      "Couleur": "Gris"
    },
    "categorie": "verre_a_vin",
    "id": 34
  },
  {
    "photo": "https://static.bhv.fr/media/3004060/300406079390/G_300406079390_230_VPM_1.jpg",
    "prix": "12.00",
    "titre": "DEGRENNE DOMAINE - Lot de 6 - Verre à Bourgogne 75 cl",
    "caracteristiques": {
      "Couleur": "Gris"
    },
    "categorie": "verre_a_vin",
    "id": 35
  },
  {
    "photo": "https://static.bhv.fr/media/3004060/300406079393/G_300406079393_444_VPM_1.jpg",
    "prix": "75.00",
    "titre": "DESGRENNE MUSE - Lot de 6 - Verre à vin blanc 28 cl",
    "caracteristiques": {
      "Couleur": "Transparent"
    },
    "categorie": "verre_a_vin",
    "id": 36
  },
  {
    "photo": "https://static.bhv.fr/media/623/62308552/G_62308552_453_VPM_1.jpg",
    "prix": "12.00",
    "titre": "BITOSSI HOME Verre à vin Bloom verre teinté vert 8,4cm",
    "full_description": "Verre à vin à pied fabriqué en verre soufflé, au design coloré.",
    "caracteristiques": {
      "Diamètre": "7.,4 cm",
      "Hauteur": "8,4 cm",
      "Composition": "Verre"
    },
    "categorie": "verre_a_vin",
    "id": 37
  },
  {
    "photo": "https://static.bhv.fr/media/3004060/300406078614/G_300406078614_444_VPM_1.jpg",
    "prix": "41.40",
    "titre": "CHEF ET SOMMELIER Oenologue Expert - 6 verres à pied 35 cl",
    "full_description": "Verre à vin 35 cl qui se prête particulièrement bien à la dégustation de vins blancs secs, issus des cépages Chardonnay, Riesling ou Sauvignon. /n Les verres de la collection Œnologue Expert sont, jusque dans leur moindre détail, au service de la facilité de la dégustation. D'une forme élégante et unique, ils ont été conçus par Dany Rolland, propriétaire de vignobles bordelais et œnologue reconnue. Tous les critères ont été étudiés un à un pour réaliser le verre idéal : nez, fruit, arômes, bouche, tenue en main, poids, longueur de la jambe... Et la collection Œnologue Expert est née, dotée d'un caractère universel : chaque vin peut y exprimer pleinement ses saveurs. /n ",
    "caracteristiques": {
      "Couleur": "Transparent",
      "Hauteur": "20,2 cm",
      "Contenance": "35 cl",
      "Composition": "Verre"
    },
    "categorie": "verre_a_vin",
    "id": 38
  }
]