[
  {
    "photo":"https://medias.maisonsdumonde.com/image/upload/q_auto,f_auto/w_1000/img/coupelles-aperitives-en-gres-gris-blanc-et-jaune-x4-et-plateau-en-bambou-1000-9-13-212475_2.jpg",
    "prix":"24.99",
    "titre":"MARISOL - Coupelles apéritives en grès gris, blanc et jaune et plateau en bambou",
    "caracteristiques":{
      "Couleur principale":"Grès",
      "Matière principale":"Bambou",
      "Hauteur":"1,5 cm",
      "Longueur":"25,2 cm",
      "Profondeur":"25,2 cm"
    },
    "categorie":"aperitif",
    "id":0
  },
  {
    "photo":"https://medias.maisonsdumonde.com/image/upload/q_auto,f_auto/w_1000/img/coupelles-aperitives-en-porcelaine-noire-et-blanche-x6-et-plateau-en-bambou-1000-8-20-215024_1.jpg",
    "prix":"29.99",
    "titre":"FELIX - Coupelles apéritives en porcelaine noire et blanche et plateau en bambou",
    "caracteristiques":{
      "Matière principale":"Porcelaine",
      "Hauteur":"1,2 cm",
      "Longueur":"30 cm",
      "Profondeur":"30 cm"
    },
    "categorie":"aperitif",
    "id":1
  },
  {
    "photo":"https://medias.maisonsdumonde.com/image/upload/q_auto,f_auto/w_1000/img/plateau-aperitif-en-bambou-4-bols-en-faience-imprime-tropical-1000-14-17-184804_1.jpg",
    "prix":"19.99",
    "titre":"WILD JUNGLE - Plateau apéritif en bambou",
    "caracteristiques":{
      "Matière principale":"Grès",
      "Matière":"Bois",
      "Hauteur":"7,5 cm",
      "Longueur":"42,5 cm",
      "Profondeur":"11 cm"
    },
    "categorie":"aperitif",
    "id":2
  },
  {
    "photo":"https://medias.maisonsdumonde.com/image/upload/q_auto,f_auto/w_1000/img/plateau-aperitif-en-bambou-5-bols-en-faience-1000-0-9-182869_5.jpg",
    "prix":"29.99",
    "titre":"MONA - Plateau apéritif en bambou",
    "full_description":"Scandi un jour, scandi toujours ! Le plateau apéritif en bambou 5 bols en faïence MONA finalisera la déco nordique de votre de table. Craquez pour ses 5 bols en faïence blanche affichant de jolis motifs graphiques noirs. Posés sur le plateau en bambou, ils mettront en valeur vos petites préparations culinaires et mettront en appétit vos invités. Pratiques, ils passent au micro-ondes et au lave-vaisselle pour vous garantir un gain de temps appréciable. Un plateau apéritif qui a tout compris !",
    "caracteristiques":{
      "Matière principale":"Grès",
      "Matière":"Bois",
      "Hauteur":"5 cm",
      "Longueur":"10 cm",
      "Profondeur":"10 cm"
    },
    "categorie":"aperitif",
    "id":3
  },
  {
    "photo":"https://medias.maisonsdumonde.com/image/upload/q_auto,f_auto/w_1000/img/plateau-aperitif-en-bambou-et-3-bols-en-faience-noire-mate-1000-14-23-207975_1.jpg",
    "prix":"18.99",
    "titre":"ALOKO - Plateau apéritif en bambou et 3 bols",
    "caracteristiques":{
      "Matière principale":"Grès",
      "Matière":"Bois",
      "Hauteur":"15 cm",
      "Longueur":"22 cm",
      "Profondeur":"22 cm"
    },
    "categorie":"aperitif",
    "id":4
  },
  {
    "photo":"https://medias.maisonsdumonde.com/image/upload/q_auto,f_auto/w_1000/img/coupelles-aperitives-en-gres-ecru-motif-vegetal-x3-et-plateau-en-acacia-1000-1-32-218808_1.jpg",
    "prix":"17.99",
    "titre":"AUDREY - Coupelles apéritives en grès écru motif végétal",
    "caracteristiques":{
      "Matière principale":"Grès",
      "Matière":"Bois",
      "Hauteur":"6 cm",
      "Longueur":"8 cm",
      "Profondeur":"8 cm"
    },
    "categorie":"aperitif",
    "id":5
  },
  {
    "photo":"https://medias.maisonsdumonde.com/image/upload/q_auto,f_auto/w_1000/img/plateau-aperitif-5-bols-en-faience-imprime-tropical-1000-0-18-185215_1.jpg",
    "prix":"29.99",
    "titre":"Plateau apéritif 5 bols en faïence imprimé tropical",
    "caracteristiques":{
      "Matière principale":"Grès",
      "Matière":"Bois",
      "Hauteur":"6,5 cm",
      "Longueur":"33 cm",
      "Profondeur":"33 cm"
    },
    "categorie":"aperitif",
    "id":6
  },
  {
    "photo":"https://medias.maisonsdumonde.com/image/upload/q_auto,f_auto/w_1000/img/coupelles-aperitives-en-gres-motifs-graphiques-noirs-ivoire-et-verts-x3-et-plateau-en-bambou-1000-14-32-218685_1.jpg",
    "prix":"19.99",
    "titre":"PRIESKA - Coupelles apéritives en grès motifs graphiques noirs, ivoires et verts",
    "caracteristiques":{
      "Matière principale":"Grès",
      "Matière":"Bois",
      "Hauteur":"1,2 cm",
      "Longueur":"25,7 cm",
      "Profondeur":"25,7 cm"
    },
    "categorie":"aperitif",
    "id":7
  },
  {
    "photo":"https://medias.maisonsdumonde.com/image/upload/q_auto,f_auto/w_1000/img/plateau-aperitif-en-acacia-3-bols-en-gres-noir-motifs-dores-1000-9-3-201272_1.jpg",
    "prix":"19.99",
    "titre":"Plateau apéritif en acacia",
    "caracteristiques":{
      "Matière principale":"Grès",
      "Matière":"Bois",
      "Hauteur":"6,5 cm",
      "Longueur":"12 cm",
      "Profondeur":"6 cm"
    },
    "categorie":"aperitif",
    "id":8
  },
  {
    "photo":"https://www.maisonsdumonde.com/FR/fr/p/coupelles-aperitives-en-porcelaine-blanche-x6-et-plateau-en-bambou-bistronome-211271.htm",
    "prix":"29.99",
    "titre":"BISTRONOME - Coupelles apéritives en porcelaine blanche",
    "caracteristiques":{
      "Matière principale":"Porcelaine",
      "Matière":"Bois",
      "Hauteur":"1,2 cm",
      "Longueur":"41,8 cm",
      "Profondeur":"31 cm"
    },
    "categorie":"aperitif",
    "id":9
  },
  {
    "photo":"https://medias.maisonsdumonde.com/image/upload/q_auto,f_auto/w_1000/img/saladier-aperitif-en-bambou-1000-9-11-207307_2.jpg",
    "prix":"12.99",
    "titre":"Saladier apéritif en bambou",
    "caracteristique":{
      "Matière principale":"Porcelaine",
      "Matière":"Bois",
      "Hauteur":"5 cm",
      "Longueur":"22 cm",
      "Profondeur":"22 cm"
    },
    "categorie":"aperitif",
    "id":10
  },
  {
    "photo":"https://medias.maisonsdumonde.com/image/upload/q_auto,f_auto/w_1000/img/coupelles-aperitives-en-gres-bleu-vert-noir-et-ecru-x3-et-plateau-en-ceramique-1000-7-25-218678_1.jpg",
    "prix":"26.99",
    "titre":"MADIBA - Coupelles apéritives en grès",
    "caracteristiques":{
      "Matière principale":"Porcelaine",
      "Matière":"Bois",
      "Hauteur":"6,5 cm",
      "Longueur":"11 cm",
      "Profondeur":"11 cm"
    },
    "categorie":"aperitif",
    "id":11
  },
  {
    "photo":"https://medias.maisonsdumonde.com/image/upload/q_auto,f_auto/w_1000/img/coupelles-aperitives-en-gres-blanc-et-noir-x3-et-plateau-en-metal-1000-13-8-217800_1.jpg",
    "prix":"22.99",
    "titre":"Coupelles apéritives en grès blanc et noir et plateau en métal",
    "caracteristiques":{
      "Matière principale":"Bois",
      "Hauteur":"4 cm",
      "Longueur":"41 cm",
      "Profondeur":"12 cm"
    },
    "categorie":"aperitif",
    "id":12
  },
  {
    "photo":"https://medias.maisonsdumonde.com/image/upload/q_auto,f_auto/w_1000/img/coupelles-aperitives-en-gres-motifs-graphiques-multicolores-et-plateau-en-acacia-1000-0-12-217804_1.jpg",
    "prix":"32.99",
    "titre":"WAIROA - Coupelles apéritives en grès motifs graphiques multicolores et plateau en acacia",
    "caracteristiques":{
      "Couleur principale":"Beige",
      "Matière principale":"Bois",
      "Hauteur":"1,6 cm",
      "Longueur":"26,3 cm",
      "Profondeur":"26,3 cm"
    },
    "categorie":"aperitif",
    "id":13
  },
  {
    "photo":"https://medias.maisonsdumonde.com/images/q_auto,f_auto/w_1000/mkp/M20052162_1/set-de-6-minis-plateaux-aperitif.jpg",
    "prix":"17.50",
    "titre":"MINI - Set de 6 mini plateaux apéritifs",
    "full_description":"Article très tendance et très apprécié des traiteurs et restaurateurs . Cette mini-verrine en verre est idéale pour une jolie présentation de buffets, d'entrées chaudes ou froides , de desserts , de sauces , etc... Elle conviendra également pour y mettre des épices, des dragées, bref un éventail très large d'utilisations . Par contre, cet article n'est pas prévu pour faire de la stérilisation. Couvercle en verre hermétique assuré par son joint en silicone, garanti contact alimentaire. idéale pour une jolie présentation de buffets, d'entrées chaudes ou froides , de desserts , de sauce Parfait pour y mettre des épices, des dragées...",
    "caracteristiques":{
      "Couleur principale":"Blanc",
      "Matière principale":"Bois",
      "Hauteur":"1 cm",
      "Longueur":"15 cm",
      "Profondeur":"7 cm"
    },
    "categorie":"aperitif",
    "id":14
  },
  {
    "photo":"https://medias.maisonsdumonde.com/images/q_auto,f_auto/w_1000/mkp/M21116718_1/lot-de-6-mini-verrine-en-verre-avec-couvercle-hermetique-8cl.jpg",
    "prix":"12.95",
    "titre":"Lot de 6 mini verrine en verre avec couvercle hermétique",
    "caracteristiques":{
      "Couleur principale":"Blanc",
      "Matière principale":"Verre"
    },
    "categorie":"aperitif",
    "id":15
  },
  {
    "photo":"https://medias.maisonsdumonde.com/images/q_auto,f_auto/w_1000/mkp/M21025535_1/plaque-d-ardoise-carree-20x20cm.jpg",
    "prix":"12.90",
    "titre":"ARDOISE - Plaque d'ardoise carrée",
    "full_description":"Des bougies, des fleurs et des décorations, ainsi que des fruits, des bonbons et bien plus encore en combinaison avec l'ardoise rustique et pourtant noble. Aussi pour les décorations de table pour les occasions de fête, la plaque de pierre carrée est excellente et s'harmonise parfaitement avec de nombreux autres matériaux d'artisanat et de décoration.",
    "caracteristiques":{
      "Couleur principale":"Noir",
      "Matière principale":"Ardoise",
      "Hauteur":"1 cm",
      "Longueur":"20 cm",
      "Profondeur":"20 cm"
    },
    "categorie":"aperitif",
    "id":16
  },
  {
    "photo":"https://medias.maisonsdumonde.com/images/q_auto,f_auto/w_1000/mkp/M21023652_1/mini-ramequin-coeur-beige.jpg",
    "prix":"3.80",
    "titre":"FANNY - Mini ramequin coeur beige",
    "full_description":"La vaisselle fanny, brillante et dans des tons neutres se marie parfaitement à votre table. Elle est proposée en beige et en gris clair pour une décoration de table sobre et épurée. Mini ramequin en forme de coeur pour y disposer des biscuits apéritifs ou sur la table principale",
    "caracteristiques":{
      "Couleur principale":"Beige",
      "Matière principale":"Céramique",
      "Hauteur":"2 cm",
      "Longueur":"8 cm",
      "Profondeur":"8 cm"
    },
    "categorie":"aperitif",
    "id":17
  },
  {
    "photo":"https://medias.maisonsdumonde.com/images/q_auto,f_auto/w_1000/mkp/M21063011_1/planche-aperitif-bambou-et-ardoise.jpg",
    "prix":"22.90",
    "titre":"MES136 - Plance apéritif bambou et ardoise",
    "full_description":"Poignée avec large trou de suspension Objet pratique et stylé pour présenter vos fromages et apéritifs",
    "caracteristiques":{
      "Couleur principale":"Gris",
      "Matière principale":"Bambou",
      "Hauteur":"2 cm",
      "Longueur":"55 cm",
      "Profondeur":"15 cm"
    },
    "categorie":"aperitif",
    "id":18
  },
  {
    "photo":"https://medias.maisonsdumonde.com/images/q_auto,f_auto/w_1000/mkp/M21047641_1/grande-planche-apero-vinoparty-chene.jpg",
    "prix":"32.50",
    "titre":"VINODECO - Grande planche apéro vinoparty",
    "full_description":"Pratique et conviviale, notre grande planche pour apéros permet de partager de bons moments entre amis...Vous pourrez y poser des légumes, fromages ou charcuterie pour le plus grand plaisir de vos papilles. Disposé au milieu de la table, sa longueur de 65cm en bois massif de chêne permettra à vos convives de profiter pleinement de vos préparations culinaires.",
    "caracteristiques":{
      "Couleur principale":"Beige",
      "Matière principale":"Bois",
      "Hauteur":"2 cm",
      "Longueur":"63 cm",
      "Profondeur":"13 cm"
    },
    "categorie":"aperitif",
    "id":19
  },
  {
    "photo":"https://medias.maisonsdumonde.com/images/q_auto,f_auto/w_1000/mkp/M21033473_1/set-de-2-mini-bols-reveur-et-heureux-en-porcelaine-100ml.jpg",
    "prix":"33.51",
    "titre":"HUMEUR - Set de 2mini bols rêveurs et heurex en porcelaine",
    "caracteristiques":{
      "Couleur principale":"Blanc",
      "Matière principale":"Porcelaine",
      "Hauteur":"40 cm",
      "Longueur":"40 cm"
    },
    "categorie":"aperitif",
    "id":20
  },
  {
    "photo":"https://medias.maisonsdumonde.com/images/q_auto,f_auto/w_1000/mkp/M21038955_1/plaque-aperitifs-et-mignardises-en-ceramique-ecrue-40cm.jpg",
    "prix":"27.90",
    "titre":"APPOLIA - Plaque apéritifs et mignardises en céramique écrue",
    "full_description":"Mini feuilletés au chèvre chaud, gougères, ou encore mini pizzas, toutes vos préparations sucrées ou salées prendront place sur la plaque à apéritifs et mignardises Appolia de Peugeot. De la préparation au service en passant par la cuisson, toutes les étapes de vos recettes pourront être effectuées grâce à ce plat de cuisson. Fabriquée au cur de la Bretagne dans nos ateliers virtuoses de la céramique, la plaque mignardises Appolia offre une qualité de cuisson incomparable. Réalisez et découpez vos préparations à même la plaque grâce à la forte résistance aux rayures de la céramique Peugeot. Cuisez puis servez directement vos apéritifs à vos convives. Facile à transporter du four à la table grâce à ses anses ergonomiques, la plaque Appolia conservera également au chaud vos réalisations pendant 30 minutes environ. Pratique, elle possède la forme idéale pour démouler cakes sucrés ou salés préparés dans votre moule à cake Appolia. Son coloris écru se mariera avec toutes les décorations de table.",
    "caracteristiques":{
      "Couleur principale":"Beige",
      "Matière principale":"Céramique",
      "Hauteur":"40 cm",
      "Longueur":"40 cm"
    },
    "categorie":"aperitif",
    "id":21
  },
  {
    "photo":"https://medias.maisonsdumonde.com/images/q_auto,f_auto/w_1000/mkp/M21024791_1/set-aperitif-en-ceramique.jpg",
    "prix":"13.70",
    "titre":"MARY - Set apéritif en céramique",
    "full_description":"Le décor de la collection de vaisselle Mary se compose d'un fond gris-beige, réhaussé d'une frise rouge intense et de motifs peints et en relief. Les coordonnées beige, gris, blanc et rouge font de ce décor un intemporel, à utiliser tous les jours, et à offrir avec plaisir. Vaisselle idéale pour une décoration de table festive en hiver.",
    "caracteristiques":{
      "Couleur principale":"Gris",
      "Matière principale":"Céramique",
      "Hauteur":"4 cm",
      "Diamètre":"16 cm"
    },
    "categorie":"aperitif",
    "id":22
  },
  {
    "photo":"https://medias.maisonsdumonde.com/images/q_auto,f_auto/w_1000/mkp/M21062081_1/mini-bol-en-verre-transparent-lot-de-6.jpg",
    "prix":"28.50",
    "titre":"PERIGORD - Mini bol en verre transparent",
    "full_description":"Incontournable sur les tables françaises, Périgord revêt des côtes plates qui s’inspirent des verres à vin du XVIIIème siècle à l’époque où émergeaient les règles des Arts de la Table, où les différents vins se dégustaient dans verres spécifiques. Ses lignes sobres et intemporelles, son design aux accents traditionnels, et son verre épais, font de Périgord une collection authentique qui incarne l’élégance du quotidien.",
    "caracteristiques":{
      "Couleur principale":"Transparent",
      "Matière principale":"Verre",
      "Hauteur":"5 cm",
      "Longueur":"9 cm",
      "Diamètre":"9 cm",
      "Profondeur":"9 cm"
    },
    "categorie":"aperitif",
    "id":23
  },
  {
    "photo":"https://medias.maisonsdumonde.com/images/q_auto,f_auto/w_1000/mkp/M20046500_1/assiette-carree-en-porcelaine-blanche-12x12cm.jpg",
    "prix":"6.80",
    "titre":"HEII - Assiette carrée en porcelaine blanche",
    "full_description":"HEII est une magnifique Collection modulaire d'assiettes, plats, bols, tasses, verres, plateaux et couverts d'inspiration Japonaise.Chaque pièce s'harmonise parfaitement avec les autres pour une multitude de compositions possibles et créer la plus Belle des Tables",
    "caracteristiques":{
      "Couleur principale":"Blanc",
      "Matière principale":"Porcelaine",
      "Hauteur":"1 cm",
      "Longueur":"12 cm",
      "Profondeur":"12 cm"
    },
    "categorie":"aperitif",
    "id":24
  },
  {
    "photo":"https://medias.maisonsdumonde.com/images/q_auto,f_auto/w_1000/mkp/M21023374_1/mini-bol-en-ceramique-beige.jpg",
    "prix":"4.40",
    "titre":"FANNY - Mini bol en céralique beige",
    "full_description":"La vaisselle fanny, brillante et dans des tons neutres se marie parfaitement à votre table. Elle est proposée en beige et en gris clair pour une décoration de table sobre et épurée. Le mini-bol est idéal pour servir les apéritifs ou disposer des condiments lors de vos repas.",
    "caracteristiques":{
      "Couleur principale":"Blanc",
      "Matière principale":"Céramique",
      "Hauteur":"6 cm",
      "Diamètre":"10 cm"
    },
    "categorie":"aperitif",
    "id":25
  },
  {
    "photo":"https://medias.maisonsdumonde.com/images/q_auto,f_auto/w_1000/mkp/M21061678_1/verrine-en-verre-transparent-lot-de-6.jpg",
    "prix":"31.20",
    "titre":"DELICE - Verrine en verre transparent",
    "full_description":"Avec ses côtes délicatement cannelées et ses lignes conviviales inspirées de lhistoire de la pâtisserie française, Délice rappelle ces douceurs d'enfance préparées par nos grands-mères. Invitation à la gourmandise, au petit pêché délicat salé ou sucré. Fabrication Française",
    "caracteristiques":{
      "Couleur principale":"Transparent",
      "Matière principale":"Verre",
      "Hauteur":"6 cm",
      "Longueur":"8 cm",
      "Profondeur":"8 cm"
    },
    "categorie":"aperitif",
    "id":26
  },
  {
    "photo":"https://medias.maisonsdumonde.com/images/q_auto,f_auto/w_1000/mkp/M20051289_1/petit-plat-en-gres-vert.jpg",
    "prix":"8.00",
    "titre":"BRANCHE - Petit plat en grès vert",
    "full_description":"Il peut s'utiliser comme un bol à l'apéritif ou pour saucer vos sushis avec élégance ! Ce bol a un bel effet végétal pour le plaisir des yeux grâce à sa forme simple. ",
    "caracteristiques":{
      "Couleur principale":"Vert",
      "Matière principale":"Grès",
      "Hauteur":"2 cm",
      "Longueur":"2 cm",
      "Profondeur":"12 cm"
    },
    "categorie":"aperitif",
    "id":27
  },
  {
    "photo":"https://medias.maisonsdumonde.com/images/q_auto,f_auto/w_1000/mkp/M21021519_1/10-piques-etoile-marron-clair.jpg",
    "prix":"1.99",
    "titre":"ETOILES - 10 piques étoile marron clair",
    "full_description":"Ce set se compose de dix étoiles constituées de piques en bois sur lesquels sont fixées des étoiles en papier. Les étoiles sont en papier marron et mesurent 9 cm (piques inclus). Ces piques vont vous permettre de décorer vos tables de fête en toute occasion. Vous pourrez choisir de les laisser blanc ou de les décorer à votre guise à l'aide d'un marqueur acrylique, ou en y ajoutant des strass, des paillettes... Vous pourrez aussi simplement y écrire les noms de vos invités et les utiliser ainsi comme porte-noms. ",
    "caracteristiques":{
      "Couleur principale":"Marron",
      "Matière principale":"Bois",
      "Hauteur":"1 cm",
      "Longueur":"10 cm",
      "Profondeur":"10 cm"
    },
    "categorie":"aperitif",
    "id":28
  },
  {
    "photo":"https://medias.maisonsdumonde.com/images/q_auto,f_auto/w_1000/mkp/M21023729_1/pot-a-cure-dent-en-ceramique.jpg",
    "prix":"3.00",
    "titre":"MARY -Pot à cure dent en céramique",
    "full_description":"Le décor de la collection de vaisselle Mary se compose d'un fond gris-beige, réhaussé d'une frise rouge intense et de motifs peints et en relief. Les coordonnées beige, gris, blanc et rouge font de ce décor un intemporel, à utiliser tous les jours, et à offrir avec plaisir. Vaisselle idéale pour une décoration de table festive en hiver.",
    "caracteristiques":{
      "Couleur principale":"Gris",
      "Matière principale":"Céramique",
      "Hauteur":"5 cm",
      "Diamètre":"4 cm"
    },
    "categorie":"aperitif",
    "id":29
  },
  {
    "photo":"https://medias.maisonsdumonde.com/images/q_auto,f_auto/w_1000/mkp/M21030728_1/set-aperitif-de-3-bols-en-melamine-pure-avec-des-motifs-lamas.jpg",
    "prix":"9.95",
    "titre":"LAMAS - Set Apéritif de 3 bols en mélamine pure avec des motifs lamas",
    "full_description":"Optez pour ce set apéritif en mélamine pure composé de trois bols et une poignée façon bambou pour présenter vos apéritifs, vos céréales ou bien vos sauces de manière originale. Ce set comprend trois petits Lamas Péruviens différents dans chaque bol et un extérieur de couleur jaune orangé, que vous pourrez facilement le transporter à l'aide de sa poignée résistante",
    "caracteristiques":{
      "Couleur principale":"Jaune",
      "Matière principale":"Résine",
      "Hauteur":"6 cm",
      "Longueur":"23 cm",
      "Profondeur":"23 cm"
    },
    "categorie":"aperitif",
    "id":30
  },
  {
    "photo":"https://medias.maisonsdumonde.com/image/upload/q_auto,f_auto/w_1000/img/plateau-aperitif-en-faience-multicolore-imprime-x7-1000-5-10-196236_1.jpg",
    "prix":"39.99",
    "titre":"ARTY - Plateau apéritif en faïence multicolore imprimé",
    "caracteristiques":{
      "Couleur principale":"Grès",
      "Matière principale":"Bambou",
      "Hauteur":"4,6 cm",
      "Longueur":"35,5 cm"
    },
    "categorie":"aperitif",
    "id":31
  },
  {
    "photo":"https://medias.maisonsdumonde.com/images/q_auto,f_auto/w_1000/mkp/M21023741_1/mini-ramequin-en-ceramique.jpg",
    "prix":"2.40",
    "titre":"LOVINA - Mini ramequin en céramique",
    "full_description":"La collection Lovina se caractérise par son coeur gris effet 'écossais' au centre de sa vaisselle. Grise et rouge, elle est élégante, et s'adapte à toutes les cuisines. Mini ramequin en forme de coeur pour y disposer des biscuits apéritifs ou sur la table principale.",
    "caracteristiques":{
      "Couleur principale":"Gris",
      "Matière principale":"Céramique",
      "Hauteur":"3 cm",
      "Diamètre":"8 cm"
    },
    "categorie":"aperitif",
    "id":32
  },
  {
    "photo":"https://medias.maisonsdumonde.com/images/q_auto,f_auto/w_1000/mkp/M20051264_1/porte-cure-dents-design.jpg",
    "prix":"29.00",
    "titre":"CACTUS - Porte cure dent design",
    "full_description":"Une simple pression sur la chapeau et celui se relève silencieusement pour révéler le secret que ce cactus recèle : vos piques en bois bien pratiquepour l'apéritif",
    "caracteristiques":{
      "Couleur principale":"Vert",
      "Matière principale":"PvC et Synthétique",
      "Hauteur":"11 cm",
      "Longueur":"5 cm",
      "Profondeur":"5 cm"
    },
    "categorie":"aperitif",
    "id":33
  },
  {
    "photo":"https://medias.maisonsdumonde.com/images/q_auto,f_auto/w_1000/mkp/M20043308_1/vase-ramequin-en-metal-marron-h14cm.jpg",
    "prix":"65.00",
    "titre":"GRAVITY - Vase/Ramequin en métal marron",
    "full_description":"Ce vase donnera une ambiance chaleureuse à votre intérieur, aspect cuivre oxydé. N'hésitez pas à multiplier les formes et les couleur pour un effet déco plus marqué.",
    "caracteristiques":{
      "Couleur principale":"Marron",
      "Matière principale":"Métal",
      "Hauteur":"14 cm",
      "Longueur":"14 cm",
      "Profondeur":"14 cm"
    },
    "categorie":"aperitif",
    "id":34
  },
  {
    "photo":"https://medias.maisonsdumonde.com/images/q_auto,f_auto/w_1000/mkp/M20043324_1/plat-en-porcelaine-blanche-d21cm.jpg",
    "prix":"20.00",
    "titre":"COBRA - Plat en porcelaine blanche",
    "full_description":"La première gamme complète d'articles de table du label Georg Jensen fait partie de la collection Cobra, emblématique, que Constantin Wortmann a conçue pour le fabricant danois. Les formes courbes sont caractéristiques de tous les éléments de la collection, qu'il s'agisse d'une tasse, d'un bougeoir, d'une lampe de table ou des assiettes présentées ici.",
    "caracteristiques":{
      "Couleur principale":"Blanc",
      "Matière principale":"Acier",
      "Hauteur":"2 cm",
      "Longueur":"21 cm",
      "Profondeur":"21 cm"
    },
    "categorie":"aperitif",
    "id":35
  },
  {
    "photo":"https://medias.maisonsdumonde.com/images/q_auto,f_auto/w_1000/mkp/M20043340_1/bol-de-service-en-ceramique-d30cm.jpg",
    "prix":"54.00",
    "titre":"OMAGGIO - Bol de service en céramique",
    "full_description":"Le bol de service Omaggio du fabricant Kähler Design est un véritable bijou pour votre aménagement de cuisine et de salle à manger. Depuis 175 ans, Kähler Design est considéré comme l'incarnation même de la céramique de haute qualité et sophistiquée. L' entreprise familiale, fondée dans les années 1830, est rapidement devenue une entreprise culte et convainc avant tout par sa haute qualité et son design intemporel. Il en va de même pour le bol de service Omaggio. La série Omaggio se caractérise par d'épaisses bandes peintes à la main qui rafraîchissent la surface vitrée blanche. Ce motif graphique apporte une touche subtile de minimalisme scandinave à votre intérieur et est particulièrement pratique. Par exemple, le joyeux bol de service convient parfaitement comme coupe à fruits dans le salon et la salle à manger ou encore comme coupe à clé dans la zone d'entrée.",
    "caracteristiques":{
      "nomDeLaCaracteristiqueZarma":"valeurDeLACaracteristiqueZarma",
      "Couleur principale":"Noir",
      "Matière principale":"Acier",
      "Hauteur":"5 cm",
      "Longueur":"30 cm",
      "Profondeur":"30 cm"
    },
    "categorie":"aperitif",
    "id":36
  }
]