[
  {
    "photo": "https://www.alinea.com/fstrz/r/s/www.alinea.com/dw/image/v2/BCKM_PRD/on/demandware.static/-/Sites-ali_master/default/dw7c7394fe/images/24667364/Tasse-sous-tasse-Eto-24667364-F-1.jpg?sw=982&sh=982&sm=fit&sfrm=png&bgcolor=eef1eb&frz-v=75",
    "prix": "6.00",
    "titre": "Eto Tasse avec sous-tasse en porcelaine qualité hôtelière blanc 12cl ",
    "full_description": "Épuré /n Une belle gamme de vaisselle de table qui se distingue par sa simplicité et par sa porcelaine de qualité hôtelière. Vous pourrez dresser une table de renommée à la hauteur des grands restaurants avec cette belle tasse à café ! /n",
    "caracteristiques": {
      "Couleur": " Gris",
      "Composition": "Vraie porcelaine de Chine",
      "Hauteur": "7,5 cm",
      "Largeur": "15 cm"
    },
    "categorie": "tasse",
    "id": 0
  },
  {
    "photo": "https://www.alinea.com/fstrz/r/s/www.alinea.com/dw/image/v2/BCKM_PRD/on/demandware.static/-/Sites-ali_master/default/dw7c7394fe/images/24667364/Tasse-sous-tasse-Eto-24667364-F-1.jpg?sw=982&sh=982&sm=fit&sfrm=png&bgcolor=eef1eb&frz-v=75",
    "prix": "6.00",
    "titre": "Eto Tasse avec sous-tasse en porcelaine qualité hôtelière blanc 12 cl",
    "full_description": "Épuré /n Une belle gamme de vaisselle de table qui se distingue par sa simplicité et par sa porcelaine de qualité hôtelière. Vous pourrez dresser une table de renommée à la hauteur des grands restaurants avec cette belle tasse à café ! /n",
    "caracteristiques": {
      "Couleur": "Blanc",
      "Composition": "Gamme de vaisselle en porcelaine blanche, Qualité Hôtelière ",
      "Hauteur": "7,5 cm",
      "Largeur": "15 cm"
    },
    "categorie": "tasse",
    "id": 1
  },
  {
    "photo": "https://www.alinea.com/fstrz/r/s/www.alinea.com/dw/image/v2/BCKM_PRD/on/demandware.static/-/Sites-ali_master/default/dwc94876a2/images/27141229/TASSE-AZE-27141229-F-1.jpg?sw=982&sh=982&sm=fit&sfrm=png&bgcolor=eef1eb&frz-v=75",
    "prix": "5.00",
    "titre": "AZE Tasse et soucoupe en porcelane 9cl - blanc",
    "full_description": "Tasse en porcelaine /n Une belle tasse en porcelaine blanche de qualité hôtelière pour servir votre thé ou café au goûter ou au petit-déjeuner. Son design épuré et minimaliste lui permet de s'accorder avec votre vaisselle du quotidien et vous pourrez apporter du charme et une subtile touche de couleurs à votre table en optant pour une nappe et des serviettes à motifs. /n ",
    "caracteristiques": {
      "Couleur": "Blanc",
      "Composition": "Porcelaine",
      "Hauteur": "8,3 cm",
      "Largeur": "12,5 cm"
    },
    "categorie": "tasse",
    "id": 2
  },
  {
    "photo": "https://www.alinea.com/fstrz/r/s/www.alinea.com/dw/image/v2/BCKM_PRD/on/demandware.static/-/Sites-ali_master/default/dw39dd6701/images/26843742/TASSE-ADAM-26843742-F-1.jpg?sw=982&sh=982&sm=fit&sfrm=png&bgcolor=eef1eb&frz-v=75",
    "prix": "10.00",
    "titre": "Adam Tasse et soucoupe en grès vert 40 cl",
    "full_description": "Matière naturelle /n Un voile de douceur s'invite à votre petit-déjeuner pour un instant apaisant. Cette tasse en grès acompagnée de sa soucoupe accompagnera vos réveils par un design empreint de délicatesse. Son esprit artisanal s'accentue par de belles imperfections. Cette tasse en grès vous séduit par son coloris bleu ou vert évoquant la nature, sa richesse et sa diversité. /n",
    "caracteristiques": {
      "Couleur": "Vert",
      "Composition": "Grès",
      "Hauteur": "8 cm",
      "Largeur": "14,9 cm"
    },
    "categorie": "tasse",
    "id": 3
  },
  {
    "photo": "https://www.alinea.com/fstrz/r/s/www.alinea.com/dw/image/v2/BCKM_PRD/on/demandware.static/-/Sites-ali_master/default/dw4a48ed09/images/26177113/VERRE-BELDI-26177113-F-1.jpg?sw=982&sh=982&sm=fit&sfrm=png&bgcolor=eef1eb&frz-v=75",
    "prix": "2.50",
    "titre": "Beldi Verre à café transparent en verre recyclé 15cl",
    "full_description": "Jeu de transparence /n On opte pour l'originalité à l'heure de servir le café avec ce joli verre à café en verre recyclé 15cl. Transparent, et grâce à sa matière il vous offrira un nouveau regard sur son contenu en jouant sur les contrastes. Il séduira vos convives en apportant une note authentique à votre table. N'hésitez pas à l'associer aux verres, carafes ou coupelles de la même gamme pour un service complet . /n",
    "caracteristiques": {
      "Couleur": "Transparent",
      "Composition": "Verre recyclé",
      "Hauteur": "9 cm",
      "Largeur": "6,5 cm"
    },
    "categorie": "tasse",
    "id": 4
  },
  {
    "photo": "https://www.alinea.com/fstrz/r/s/www.alinea.com/dw/image/v2/BCKM_PRD/on/demandware.static/-/Sites-ali_master/default/dwe9f70041/images/27032886/Tasse-expresso-Cafi-27032886-F-1.jpg?sw=982&sh=982&sm=fit&sfrm=png&bgcolor=eef1eb&frz-v=75",
    "prix": "1.20",
    "titre": "Cafi tasses à expresso - rose grège 9cl ",
    "full_description": "Café prestigieux /n Dégustez un savoureux café au soleil avec ces tasses à expresso. L'élégance et la noblesse de la porcelaine vous offrent une pause de douceur merveilleuse. Résistantes, ces tasses sont compatibles avec le lave-vaisselle et le four à micro-ondes. Un rose grège chaleureux et raffiné pour un service tendance. Idéales pour un délicieux café italien dans un esprit typiquement méditerranéen. /n ",
    "caracteristiques": {
      "Couleur": "Rose grège",
      "Composition": "Porcelaine",
      "Hauteur": "6,2 cm",
      "Largeur": "6,2 cm"
    },
    "categorie": "tasse",
    "id": 5
  },
  {
    "photo": "https://www.alinea.com/fstrz/r/s/www.alinea.com/dw/image/v2/BCKM_PRD/on/demandware.static/-/Sites-ali_master/default/dw0d7862e0/images/27032923/Tasse-expresso-Cafi-27032923-F-1.jpg?sw=982&sh=982&sm=fit&sfrm=png&bgcolor=eef1eb&frz-v=75",
    "prix": "1.60",
    "titre": "Cafi Tasses à expresso - beige roucas 9cl ",
    "full_description": "Café prestigieux /n Dégustez un savoureux café au soleil avec ces tasses à expresso. L'élégance et la noblesse de la porcelaine vous offrent une pause de douceur merveilleuse. Résistantes, ces tasses sont compatibles avec le lave-vaisselle et le four à micro-ondes. Un beige roucas qui vous plonge dans les ruelles historiques de Marseille. Idéales pour un délicieux café italien dans un esprit typiquement méditerranéen. /n ",
    "caracteristiques": {
      "Couleur": "Beige roucas ",
      "Composition": "Porcelaine",
      "Hauteur": "6,2 cm",
      "Largeur": "6,2 cm"
    },
    "categorie": "tasse",
    "id": 6
  },
  {
    "photo": "https://www.alinea.com/fstrz/r/s/www.alinea.com/dw/image/v2/BCKM_PRD/on/demandware.static/-/Sites-ali_master/default/dw1ba2d86a/images/26849102/TASSES-SICHUAN-26849102-F-1.jpg?sw=982&sh=982&sm=fit&sfrm=png&bgcolor=eef1eb&frz-v=75",
    "prix": "29.00",
    "titre": "Sichuan Lot de 4 tasses transparentes verre 25 cl",
    "full_description": "Petit plaisir /n Accordez-vous une pause dans votre journée pour savourer dans votre tasse en verre borosilicate un thé ou un café. Vous serez séduit par la transparence qui laisse apparaître toute la douceur de votre boissons. Les lignes arrondies apportent une touche délicate relevée par de fines poignées qui vous faciliteront la prise en main. /n",
    "caracteristiques": {
      "Couleur": "Transparent",
      "Composition": "Verre borosilicate",
      "Hauteur": "12,5 cm",
      "Largeur": "16 cm"
    },
    "categorie": "tasse",
    "id": 7
  },
  {
    "photo": "https://www.alinea.com/fstrz/r/s/www.alinea.com/dw/image/v2/BCKM_PRD/on/demandware.static/-/Sites-ali_master/default/dw7e695083/images/26508382/TASSE-TARA-26508382-F-1.jpg?sw=982&sh=982&sm=fit&sfrm=png&bgcolor=eef1eb&frz-v=75",
    "prix": "7.00",
    "titre": "Tara Tasse et sous-tasse en porcelaine qualité hôtelière 18 cl",
    "full_description": "Design et sobriété /n Pour des repas placés sous le signe du raffinement, on opte pour cette tasse et sous-tasse en porcelaine qualité hôtelière qui se distingue par un design travaillé et soigné. La sous-tasse vous propose un bord relevé plus haut sur une partie pour casser la monotonie de la ligne et sa forme ovale surprend. Son toucher texturé apporte une note authentique à votre présentation et vous pourrez déposer une petite douceur dans la sous-tasse pour accompagner votre café. /n",
    "caracteristiques": {
      "Couleur": "Noir",
      "Composition": "Porcelaine",
      "Hauteur": "7 cm",
      "Largeur": "18 cm"
    },
    "categorie": "tasse",
    "id": 8
  },
  {
    "photo": "https://www.alinea.com/fstrz/r/s/www.alinea.com/dw/image/v2/BCKM_PRD/on/demandware.static/-/Sites-ali_master/default/dw05a1cd89/images/27376683/TASSE-27CL-MARIN-27376683-F-1.jpg?sw=982&sh=982&sm=fit&sfrm=png&bgcolor=eef1eb&frz-v=75",
    "prix": "7.00",
    "titre": "Marin Tasse en verre transparent 27cl",
    "full_description": "Tasse inspirée des traditions /n Découvrez cette grande tasse en verre pressé, inspirée des traditionnels canots bretons. La tasse Marin exprime la rudesse naturelle de l'océan combinée à une pure authenticité. Parfaite pour servir vos boissons chaudes avec charme, cette tasse en verre transparent de 27 cl, est la vaisselle qu'il vous faut. Fabriquée en France, c'est une pièce de qualité, très résistante et adaptée au lave-vaisselle. /n",
    "caracteristiques": {
      "Couleur": "Transparent",
      "Composition": "Verre sodo-calcique",
      "Hauteur": "8,2 cm",
      "Largeur": "8,5 cm"
    },
    "categorie": "tasse",
    "id": 9
  },
  {
    "photo": "https://www.alinea.com/fstrz/r/s/www.alinea.com/dw/image/v2/BCKM_PRD/on/demandware.static/-/Sites-ali_master/default/dw9e000df6/images/27013700/tasse-expresso-CAFI-27013700-F-1.jpg?sw=982&sh=982&sm=fit&sfrm=png&bgcolor=eef1eb&frz-v=75",
    "prix": "1.60",
    "titre": "Café prestigieux /n Dégustez un savoureux café au soleil avec ces tasses à expresso. L'élégance et la noblesse de la porcelaine vous offrent une pause de douceur merveilleuse. Résistantes, ces tasses sont compatibles avec le lave-vaisselle et le four à micro-ondes. Un gris borie raffiné pour un service tendance. Idéales pour un délicieux café italien dans un esprit typiquement citadin et contemporain. /n",
    "full_description": "",
    "caracteristiques": {
      "Couleur": "Gris borie ",
      "Composition": "Porcelaine",
      "Hauteur": "6,2 cm",
      "Largeur": "6,2 cm"
    },
    "categorie": "tasse",
    "id": 10
  },
  {
    "photo": "https://www.alinea.com/fstrz/r/s/www.alinea.com/dw/image/v2/BCKM_PRD/on/demandware.static/-/Sites-ali_master/default/dwc8321c44/images/26513904/TASSE-SENANQUE-26513904-F-1.jpg?sw=982&sh=982&sm=fit&sfrm=png&bgcolor=eef1eb&frz-v=75",
    "prix": "4.00",
    "titre": "Senanque Tasse en porcelaine blanc légère qualité hôtelière 11cl ",
    "full_description": "Design subtil /n Une tasse en porcelaine blanche qualité hôtelière qui opte pour un style cubique pour créer une dynamique à table à l'heure du café. Grâce à l'introduction de magnésium à l'intérieur du kaolin, cette belle tasse vous assure une légèreté et une résistance accrue par rapport à une tasse en porcelaine traditionnelle. Pour un service à l'allure soignée, on opte pour la gamme de vaisselle Senanque qui convient aux particuliers comme aux professionnels avec son design minimaliste et empreint de douceur. /n",
    "caracteristiques": {
      "Couleur": "Blanc",
      "Composition": "Porcelaine",
      "Hauteur": "5 cm",
      "Largeur": "6,5 cm"
    },
    "categorie": "tasse",
    "id": 11
  },
  {
    "photo": "https://www.alinea.com/fstrz/r/s/www.alinea.com/dw/image/v2/BCKM_PRD/on/demandware.static/-/Sites-ali_master/default/dwebb5b945/images/27013427/tasse-expresso-CAFI-27013427-F-1.jpg?sw=982&sh=982&sm=fit&sfrm=png&bgcolor=eef1eb&frz-v=75",
    "prix": "1.60",
    "titre": "Cafi Tasses à expresso - bleu figuerolles 9cl ",
    "full_description": "Dégustez un savoureux café au soleil avec ces tasses à expresso. L'élégance et la noblesse de la porcelaine vous offrent une pause de douceur merveilleuse. Résistantes, ces tasses sont compatibles avec le lave-vaisselle et le four à micro-ondes. Un bleu qui souffle un air marin du votre table et vous emporte au coeur de la calanque de Figuerolles. Idéales pour un délicieux café italien dans un esprit typiquement méditerranéen.",
    "caracteristiques": {
      "Couleur": "Bleu figuerolles ",
      "Composition": "Porcelaine",
      "Hauteur": "6,2 cm",
      "Largeur": "6,2 cm"
    },
    "categorie": "tasse",
    "id": 12
  },
  {
    "photo": "https://www.alinea.com/fstrz/r/s/www.alinea.com/dw/image/v2/BCKM_PRD/on/demandware.static/-/Sites-ali_master/default/dw54894dc5/images/27013465/tasse-expresso-CAFI-27013465-F-1.jpg?sw=982&sh=982&sm=fit&sfrm=png&bgcolor=eef1eb&frz-v=75",
    "prix": "1.60",
    "titre": "Cafi Tasses à expresso - rouge 9cl",
    "full_description": "Café prestigieux :n Dégustez un savoureux café au soleil avec ces tasses à expresso. L'élégance et la noblesse de la porcelaine vous offrent une pause de douceur merveilleuse. Résistantes, ces tasses sont compatibles avec le lave-vaisselle et le four à micro-ondes. Un rouge chaleureux et raffiné pour un service tendance et coloré. Idéales pour un délicieux café italien dans un esprit typiquement méditerranéen /n ",
    "caracteristiques": {
      "Couleur": "Rouge",
      "Composition": "Porcelaine",
      "Hauteur": "6,2 cm",
      "Largeur": "6,2 cm"
    },
    "categorie": "tasse",
    "id": 13
  },
  {
    "photo": "https://www.alinea.com/fstrz/r/s/www.alinea.com/dw/image/v2/BCKM_PRD/on/demandware.static/-/Sites-ali_master/default/dwea13114f/images/27032947/Tasse-expresso-Cafi-27032947-F-1.jpg?sw=982&sh=982&sm=fit&sfrm=png&bgcolor=eef1eb&frz-v=75",
    "prix": "1.60",
    "titre": "Cafi Tasses à expresso - jaune argan 9cl ",
    "full_description": "Café prestigieux /n Dégustez un savoureux café au soleil avec ces tasses à expresso. L'élégance et la noblesse de la porcelaine vous offrent une pause de douceur merveilleuse. Résistantes, ces tasses sont compatibles avec le lave-vaisselle et le four à micro-ondes. Un jaune argant qui apporte une touche lumineuse et ensoleillée à votre service. Idéales pour un délicieux café italien dans un esprit typiquement méditerranéen. /n",
    "caracteristiques": {
      "Couleur": "Jaune argan",
      "Composition": "Porcelaine",
      "Hauteur": "6,2 cm",
      "Largeur": "6,2 cm"
    },
    "categorie": "tasse",
    "id": 14
  },
  {
    "photo": "https://www.alinea.com/fstrz/r/s/www.alinea.com/dw/image/v2/BCKM_PRD/on/demandware.static/-/Sites-ali_master/default/dwbc44c6e0/images/26513928/SOUS-TASE-SENANQUE-26513928-F-1.jpg?sw=982&sh=982&sm=fit&sfrm=png&bgcolor=eef1eb&frz-v=75",
    "prix": "4.00",
    "titre": "Senanque Sous-tasse en porcelaine légère qualité hôtelière ",
    "full_description": "Design subtil/n Une sous-tasse en porcelaine qualité hôtelière faite pour s'associer à la tasse de la gamme Senanque. Le procédé de fabrication intègre du magnésium à l'intérieur du kaolin ce qui apporte une excellente résistance et une grande légèreté à cette sous-tasse qui surprendra vos convives. Son design minimaliste et empreint de douceur lui permettra de créer une ambiance chaleureuse à l'heure du café. La légèreté de cette gamme de vaisselle représente son atout majeur qui lui permet de s'adapter à toutes les situations et de convenir aux particuliers comme aux professionnels de la restauration. /n",
    "caracteristiques": {
      "Couleur": "Blanc",
      "Composition": "Porcelaine",
      "Hauteur": "1,5 cm",
      "Diamètre": "12 cm"
    },
    "categorie": "tasse",
    "id": 15
  },
  {
    "photo": "https://www.alinea.com/fstrz/r/s/www.alinea.com/dw/image/v2/BCKM_PRD/on/demandware.static/-/Sites-ali_master/default/dw582ca7ae/images/26909073/Coffret-ALCENE-26909073-F-1.jpg?sw=982&sh=982&sm=fit&sfrm=png&bgcolor=eef1eb&frz-v=75",
    "prix": "3.00",
    "titre": "Alcene Lot de 2 tasses en verre transparent 20cl ",
    "full_description": "Chaleur conservée /n Une fois votre thé, café ou lait chaud préparé dans une théière ou un pot à lait, servez-le dans votre tasse en verre 20cl Alcene. Connu pour ses vertues de conservation de la température, le verre borosilicate double paroi vous fera apprécier d'autant plus votre boisson. /n",
    "caracteristiques": {
      "Couleur": "Transparent",
      "Composition": "Verre borosilicate ",
      "Largeur": "15,5 cm",
      "Hauteur": "12 cm"
    },
    "categorie": "tasse",
    "id": 16
  }
]