[
  {
    "photo": "https://www.cdiscount.com/pdt2/1/6/0/1/300x300/auc3701386700160/rw/paille-inox-novela-global-lot-de-8-avec-pochon-et.jpg",
    "prix": "18.00",
    "titre": "Paille Inox Novela Global lot de 8 avec pochon et goupillon",
    "full_description": "Conçues par la marques française Novela Global, ces 8 pailles en inox sont fournies avec une brosse de nettoyage et leur pochon. Avec elles, profitez à vie du plaisir de boire avec une paille sans polluer la planète ou risquer votre santé",
    "caracteristiques": {
      "Marque": "NOVELA GLOBAL",
      "Genre": "Mixte ",
      "Couleur": "Argent"
    },
    "categorie": "paille",
    "id": 0
  },
  {
    "photo": "https://www.cdiscount.com/pdt2/0/2/3/1/300x300/4260405987023/rw/la-vague-smoothie-party-ensemble-de-8-pailles-en-v.jpg",
    "prix": "12, 60",
    "titre": "LA VAGUE SMOOTHIE PARTY Ensemble de 8 pailles en verre droites et courbées réutilisables tons noirs et blancs",
    "full_description": " Élégant set de 8 pailles en verre coloré : 4 x droites + 4 x courbées + 2 brosses de nettoyage + 1 sac de rangement ; hauteur 20 cm, diamètre 0,8 cm • Idéal pour boissons chaudes/froides • Fabriqué en verre borosilicate de haute qualité, écologique",
    "caracteristiques": {
      "Marque": "La vague"
    },
    "categorie": "paille",
    "id": 1
  },
  {
    "photo": "https://www.cdiscount.com/pdt2/0/3/0/1/300x300/4260405987030/rw/la-vague-smoothie-party-ensemble-de-8-pailles-en-v.jpg",
    "prix": "15.99",
    "titre": "8pcs Paille en Acier Inoxydable Reutilisables + 2pcs Brosses de Nettoyage Ecologique",
    "full_description": "★Matériel de Paille: Acier inoxydable 304 ★Matériel de sac de rangement : Coton ★Taille de Paille Droite : 215 x 6 mm ★Taille de Paille Courbe : 205 x 6 mm ★Longueur de la brosse de nettoyage : 240 mm ★Facile à nettoyer ; Réutilisable et Durable",
    "caracteristiques": {
      "Matière": "Acier Inoxydable",
      "Matériel de sac de rangement": "Coton"
    },
    "categorie": "paille",
    "id": 2
  },
  {
    "photo": "https://www.cdiscount.com/pdt2/9/9/6/1/300x300/4260405986996/rw/la-vague-smoothie-party-ensemble-de-8-pailles-en-v.jpg",
    "prix": "12.99",
    "titre": "LA VAGUE SMOOTHIE PARTY Ensemble de 8 pailles en verre droites réutilisables multicolores",
    "full_description": "Élégant set de 8 pailles de verre droites colorées + 2 brosses de nettoyage + 1 sac de rangement ; 20 cm de haut, 0,8 cm de diamètre. • Idéal pour boissons chaudes/froides • Fabriqué en verre borosilicate de haute qualité, écologique, lavable au lave-vaisselle, réutilisable. • Convient pour les ouvertures de paille standard",
    "caracteristiques": {
      "Marque": "LA VAGUE"
    },
    "categorie": "paille",
    "id": 3
  },
  {
    "photo": "https://www.cdiscount.com/pdt2/0/0/9/1/300x300/4260405987009/rw/la-vague-smoothie-party-ensemble-de-8-pailles-en-v.jpg",
    "prix": "13.57",
    "titre": "LA VAGUE SMOOTHIE PARTY Ensemble de 8 pailles en verre courbées réutilisables multicolores",
    "full_description": "Ensemble élégant de 8 pailles de verre courbées et colorées + 2 brosses de nettoyage + 1 sac de rangement ; 20 cm de haut, 0,8 cm de diamètre. idéal pour boissons chaudes/froides, smoothies, cocktails, boissons glacées, shakes, café, thé glacé, etc. Fabriqué en verre borosilicate de haute qualité, écologique",
    "caracteristiques": {
      "Marque": "LA VAGUE"
    },
    "categorie": "paille",
    "id": 4
  },
  {
    "photo": "https://www.cdiscount.com/pdt2/0/1/6/1/300x300/4260405987016/rw/la-vague-smoothie-party-ensemble-de-8-pailles-en-v.jpg",
    "description": "description",
    "prix": "12.99",
    "titre": "LA VAGUE SMOOTHIE PARTY Ensemble de 8 pailles en verre droites et courbées réutilisables",
    "full_description": "Élégant set de 8 pailles en verre coloré : 4 x droites + 4 x courbées + 2 brosses de nettoyage + 1 sac de rangement ; hauteur 20 cm, diamètre 0,8 cm • Idéal pour boissons chaudes/froides, smoothies, cocktails, boissons glacées, shakes, café, thé glacé, etc. • Fabriqué en verre borosilicate de haute qualité, écologique",
    "caracteristiques": {
      "Marque": "LA VAGUE"
    },
    "categorie": "paille",
    "id": 5
  },
  {
    "photo": "https://www.cdiscount.com/pdt2/0/3/0/1/300x300/4260405987030/rw/la-vague-smoothie-party-ensemble-de-8-pailles-en-v.jpg",
    "prix": "12.60",
    "titre": "LA VAGUE SMOOTHIE PARTY Ensemble de 8 pailles en verre droites et courbées réutilisables tons pastels",
    "full_description": "Élégant set de 8 pailles en verre coloré : 4 x droites + 4 x courbées + 2 brosses de nettoyage + 1 sac de rangement ; hauteur 20 cm, diamètre 0,8 cmIdéal pour boissons chaudes/froides, smoothies, cocktails, boissons glacées, shakes, café, thé glacé, etc.Fabriqué en verre borosilicate de haute qualité, écologique",
    "caracteristiques": {
      "Marque": "LA VAGUE"
    },
    "categorie": "paille",
    "id": 6
  },
  {
    "photo": "https://www.cdiscount.com/pdt2/5/8/2/1/300x300/auc0792057490582/rw/8pcs-paille-en-acier-inoxydable-reutilisables-avec.jpg",
    "prix": "15.99",
    "titre": "8pcs Paille en Acier Inoxydable Reutilisables",
    "full_description": "★Matériel de Paille: Acier inoxydable 304 ★Matériel de sac de rangement : Coton ★Taille de Paille Droite : 215 x 6 mm ★Taille de Paille Courbe : 205 x 6 mm ★Longueur de la brosse de nettoyage : 240 mm ★Facile à nettoyer ; Réutilisable et Durable",
    "caracteristiques": {
      "Matière": "Acier Inoxydable",
      "Matériel de sac de rangement": "Coton"
    },
    "categorie": "paille",
    "id": 7
  },
  {
    "photo": "https://www.cdiscount.com/pdt2/2/9/8/1/300x300/nov2008431254298/rw/paille-inox-novela-global-lot-de-8-avec-pochon-et.jpg",
    "prix": "11,90",
    "titre": "Paille Inox Novela Global lot de 8 ARC avec pochon et goupillon",
    "full_description": "De marque Française, ces pailles en inox Novela Global arc-en-ciel sont garanties à vie. Elles sont en plus fournies avec un magnifique pochon en coton et un goupillon. Taille 215x6mm",
    "caracteristiques": {
      "Couleur": "Arc-en_ciel",
      "largeur": "0 g",
      "Genre": "Mixte",
      "Marque": "Novela Global"
    },
    "categorie": "paille",
    "id": 8
  },
  {
    "photo": "https://www.cdiscount.com/pdt2/6/2/7/1/300x300/nov3701386700627/rw/pailles-en-inox-bleu-droites-lot-de-8.jpg",
    "prix": "16.00",
    "titre": "Pailles en inox bleu droites lot de 8",
    "full_description": "Conçues par la marques française Novela Global, ces 8 pailles en inox sont fournies avec une brosse de nettoyage et leur pochon. Avec elles, profitez à vie du plaisir de boire avec une paille sans polluer la planète ou risquer votre santé",
    "caracteristiques": {
      "Couleur": "bleu ",
      "Marque": "Novela Global"
    },
    "categorie": "paille",
    "id": 9
  },
  {
    "photo": "https://www.cdiscount.com/pdt2/5/6/8/1/300x300/auc0781159327568/rw/8pcs-paille-en-acier-inoxydable-reutilisables-2p.jpg",
    "prix": "15.99",
    "titre": "Lot de 11 Pailles en Acier Inoxydable Reutilisables",
    "full_description": "set 10 pailles réutilisables special mason jar bocaux matiere pvc couleurs orange rose vert bleu jaune gris avec bloc paille pour qu'elle tienne sur la jar dimensions 17 x 1 cm  marque cmp normes ce",
    "caracteristiques": {
      "Matériel de Paille": "Acier inoxydable",
      "Matériel de sac de rangement": "Coton",
      "Longueur des deux brosses de nettoyage": "240 mm"
    },
    "categorie": "paille",
    "id": 10
  },
  {
    "photo": "https://www.cdiscount.com/pdt2/1/7/8/1/300x300/auc3561869019178/rw/set-10-paille-special-bocal-mason-jar-reutilisable.jpg",
    "prix": "9.80",
    "titre": "SET 10 PAILLE SPECIAL BOCAL MASON JAR REUTILISABLE COLORE PVC DECO",
    "full_description": "Set 10 pailles réutilisables special mason jar bocaux matiere pvc couleurs orange rose vert bleu jaune gris avec bloc paille pour qu'elle tienne sur la jar dimensions 17 x 1 cm  marque cmp normes ce",
    "caracteristiques": {
      "Poids": "0g",
      "Marque": "Aucune"
    },
    "categorie": "paille",
    "id": 11
  },
  {
    "photo": "https://www.cdiscount.com/pdt2/7/4/8/1/300x300/auc8711341798748/rw/pailles-en-acier-inoxydable-reutilisables-8pcs-de.jpg",
    "prix": "9.99",
    "titre": "Pailles en acier inoxydable réutilisables 8pcs de 20cm + 2 brosse de nettoyage",
    "full_description": "Paille réutilisable en acier inox, dites adieu aux nuisances de chimiques contenus dans pailles en plastiques, rendre la boisson plus agréable. ➤Ces pailles a adopté la certification de FDA, non-toxique, pas de goût de métal, sûr et sain, parfait po",
    "caracteristiques": {
      "Marque": "AUCUNE "
    },
    "categorie": "paille",
    "id": 12
  },
  {
    "photo": "https://www.cdiscount.com/pdt2/0/7/8/1/300x300/auc4028126291078/rw/4-pailles-droites-en-inox-avec-goupillon-21-cm.jpg",
    "prix": "16.80",
    "titre": "4 pailles droites en inox avec goupillon 21 cm",
    "caracteristiques": {
      "Diamètre ": "6 mm",
      "Poids": "60g",
      "longueur": "21 cm"
    },
    "categorie": "paille",
    "id": 13
  },
  {
    "photo": "https://www.cdiscount.com/pdt2/4/0/4/1/300x300/zol3336022122404/rw/zolux-paille-naturelle-240-l.jpg",
    "prix": "38.78",
    "titre": "Zolux Paille naturelle 240 L",
    "full_description": "Cage Rekord 4 de couleur Blanche et de la marque Ferplast. PROMOTION : Livré avec son support en plastique blanc afin de pouvoir poser votre cage. La cage Rekord 4 Ferplast est unecage à oiseaux de taille moyenne avec une base rectangulaire. Elle sera idéale pour les canaris, oiseaux exotiques et autres petits oiseaux.",
    "caracteristiques": {
      "Catégorie": "LITIÈRE VÉGÉTALE ",
      "Animal": "Oiseau exotique"
    },
    "categorie": "paille",
    "id": 14
  },
  {
    "photo": "https://www.cdiscount.com/pdt2/9/5/9/1/300x300/auc2008243040959/rw/200-pieces-de-pailles-en-plastique-de-8-pouces-de.jpg",
    "prix": "33.22",
    "titre": "200 pièces de pailles en plastique de 8 pouces de long rayé multicolore Bedable SET ACCESSOIRE CUISINE",
    "full_description": "Quantité: chaque paquet contient 200 pièces de pailles à rayures jetables en 4 couleurs, rouge, jaune, bleu et vert, différentes quantités pour chaque couleur, et les pailles sont suffisantes pour être utilisé par de nombreuses personnes Matériaux: la paille en plastique est en PP sans BPA, non toxique et sans odeur, convient aux adultes et aux enfants; contrairement aux pailles en papier, elles peuvent travailler pour les boissons froides en été ou les boissons chaudes en hiver",
    "caracteristiques": {
      "Poids": "88g",
      "Quantités": "200 pièces",
      "Couleurs": "Muticolore"
    },
    "categorie": "paille",
    "id": 15
  },
  {
    "photo": "https://www.cdiscount.com/pdt2/2/8/0/1/300x300/dlp3662034064280/rw/set-de-10-pailles-goupillon-dans-boite-metal-f.jpg",
    "prix": "8.00",
    "titre": "Set de 10 pailles (+ goupillon dans boîte) METAL Fruits",
    "caracteristiques": {
      "Marque": "DLP DERRIÈRE LA PORTE "
    },
    "categorie": "paille",
    "id": 16
  },
  {
    "photo": "https://www.cdiscount.com/pdt2/5/9/1/1/300x300/sod4894681195591/rw/paquet-de-10-pailles-reutilisables-de-couleur-en.jpg",
    "prix": "10.91",
    "titre": "Paquet de 10 - Pailles reutilisables de couleur en acier inoxydable",
    "full_description": "Nos pailles sont une alternative parfaite aux pailles en plastique - 2 pailles en cuivre, 2 pailles en argent, 2 pailles en arc-en-ciel, 2 pailles en or, reutilisables, vont au lave-vaisselle brosses pour assurer des pailles parfaitement propres apres chaque utilisation",
    "caracteristiques": {
      "Quantite": "10 pièces",
      "Taille": "21,5 x 0.6 cm",
      "longueur": "7,5cm"
    },
    "categorie": "paille",
    "id": 17
  },
  {
    "photo": "https://www.cdiscount.com/pdt2/9/1/3/1/300x300/tem3214690381913/rw/tempsa-8-pcs-paille-en-acier-inoxydable-avec-3pcs.jpg",
    "prix": "8.15",
    "titre": "TEMPSA 8 Pcs Paille en Acier Inoxydable Avec 3Pcs Brosse Nettoyage",
    "caracteristiques": {
      "Matière": "Acier inoxydable",
      "Couleur": "Argent",
      "Taille": "20,2 x 0.6 cm",
      "longueur": "7,5cm"
    },
    "categorie": "paille",
    "id": 18
  },
  {
    "photo": "https://www.cdiscount.com/pdt2/6/4/1/1/300x300/nov3701386700641/rw/pailles-en-bambou-lot-de-10-goupillon-inclus-s.jpg",
    "prix": "14.00",
    "titre": "Pailles en bambou lot de 10 | Goupillon inclus | sans BPA ",
    "full_description": "Les pailles sont complètement inodores et ne laisse pas d’arrière goût. Elles sont également sans colorants, produits chimiques ni plastiques et donc adaptées aux enfants. 💚 NETTOYAGE FACILE – Ces pailles sont très faciles à nettoyer avec le goupillon fourni, elles peuvent aussi être mis au lave-vaisselle si la temperature est inférieure à 45 degrés. 💚 DESIGN & QUALITÉ - Les pailles Novela Global sont issues d’un produit naturel, la couleur et la taille de chaque paille est unique. Le bambou est un matériel ultrarésistant, nos pailles sont donc plus solides que des pailles en verre et en plastique classiques. 💚 REUTILISABLES – Les pailles sont très résistantes, ne pourrissent et sont donc réutilisables. Elles aident donc à prévenir la pollution de nos océans par les tonnes de déchets plastiques générés chaque jour. 💚 ÉCOLOGIQUES ET DURABLES - Les pailles en bambou Novela Global sont 100% biodégradables et fabriquées à partir de bambou issu de l'agriculture biologique. Le bambou pousse très rapidement et est donc la solution durable aux pailles en plastique classiques",
    "caractéristique": {
      "Taille": "20 cm",
      "Diamètre intérieur": "6 mm",
      "Diamètre extérieur": "10 mm",
      "Poids totale": "119 g"
    },
    "categorie": "paille",
    "id": 19
  },
  {
    "photo": "https://www.cdiscount.com/pdt2/6/7/8/1/300x300/auc2008273072678/rw/paille-en-iinox-x4-avec-goupillon-25cm.jpg",
    "prix": "5.99",
    "titre": "Paille EN Iinox X4 Avec Goupillon 25cm",
    "full_description": "Ces 4 pailles en inox sont design, pratiques et réutilisables ! Elles seront parfaites pour vous accompagner lors de vos réceptions. - Goupillon inclus - Nettoyage facile",
    "caracteristiques": {
      "Marque": "AUCUNE"
    },
    "categorie": "paille",
    "id": 20
  },
  {
    "photo": "https://www.cdiscount.com/pdt2/5/6/8/1/300x300/auc0781159327568/rw/8pcs-paille-en-acier-inoxydable-reutilisables-2p.jpg",
    "prix": "15.99",
    "titre": "Lot de 11 Pailles en Acier Inoxydable Reutilisables, 2 Brosses de Nettoyage Ecologique",
    "caracteristiques": {
      "Matériel de Paille": "Acier inoxydable",
      "Matériel de sac de rangement ": "Coton",
      "Longueur des deux brosses de nettoyage ": "240 mm "
    },
    "categorie": "paille",
    "id": 21
  },
  {
    "photo": "https://www.cdiscount.com/pdt2/8/8/0/1/300x300/auc2008396482880/rw/10-pcs-pailles-reutilisables-en-inox-304-acier-ino.jpg",
    "prix": "9.99",
    "titre": "10 pcs Pailles Réutilisables en Inox,304 Acier inoxydable,0.6x20cm",
    "full_description": "10 pcs Pailles Réutilisables en Inox,304 Acier inoxydable,0.6x20cm -Matériau: 304 acier inoxydable -Emballage: Opp -Taille: tube de pliage environ 0,6 * 20 cm -Couleur: argent -Poids: environ 11 grammes",
    "caracteristiques": {
      "Marque": "AUCUNE "
    },
    "categorie": "paille",
    "id": 22
  },
  {
    "photo": "https://www.cdiscount.com/pdt2/1/3/7/1/300x300/auc0729257087137/rw/paille-acier-inoxydable-16pcs-metal-reutilisable-y.jpg",
    "prix": "27.98",
    "titre": "Paille Acier Inoxydable 16PCS Métal Réutilisable Yeti",
    "full_description": "★ MATÉRIAU SÛR, NON TOXIQUE ET DURABLE, SANS MÉTALLIQUE APRÈS LE GOÛT, SANS BPA./n Ces pailles métalliques à boire sont en acier inoxydable de qualité alimentaire, ce qui les rend résistantes à la rouille, à la corrosion et aux rayures. Ils sont durables et ne vont jamais se briser. Les pailles en métal ont une finition lisse sans bords tranchants pour les rendre plus sûres et plus confortables pour la bouche./n ★ RÉUTILISABLE & SAIN - Maintenant, il est temps de dire 'NON' aux pailles en plastique malsaines! Comme nous le savons, une fois que le plastique a atteint une température élevée, il libère des substances toxiques, toxiques pour notre corps. Au lieu de cela, la paille en métal réutilisable Fittidoll est non toxique, sans laque et sans cire, sûre et saine. Cette paille en acier inoxydable réutilisable est votre meilleur choix pour la consommation quotidienne!/n ★ SAUVEZ LA NATURE. SOLUTION ECO-FRIENDLY POUR REMPLACER DES PAILLONS EN PLASTIQUE JETABLES. Changez de paille en plastique jetable en paille durable en acier inoxydable et vous serez fier d'aider l'environnement et de protéger la vie marine en réduisant les déchets plastiques. Ce sera économique et plus sain pour votre famille./n ★ A NE PAS MANQUER ET FACILE À NETTOYER - 4 pailles de couleurs différentes pour vos smoothies, fraises, lait frappé, thé Bubble Pearl, jus d'orange, jus de mangue, jus de melon d'eau, jus de fraise, jus de kiwi, bière fraîche, eau. Paille de 10,5 pouces pour les gobelets de 20 oz et 30 oz. 2 pinceaux de nettoyage facilitent grandement le nettoyage de la paille./n ★ UTILISATION MULTIPLE ET CADEAU IDÉAL pour votre mère, votre fille, votre grand-mère, votre fils, votre soeur, un ami ou un collègue. Agissez pour l'environnement ensemble.Obtenez cet ensemble de 8 pailles en acier inoxydable (8 pailles droites et 8 pailles courbées), profitez de votre réunion de famille, soirée entre filles, cocktail, barbecue, pique-niques, cadeaux, activités de plein air./n Paille Acier Inoxydable 16PCS Métal Réutilisable. Ces pailles métalliques à boire sont en acier inoxydable de qualité alimentaire, ce qui les rend résistantes à la rouille, à la corrosion et aux rayures. Ils sont durables et ne vont jamais se briser. Les pailles en métal ont une finition lisse sans bords tranchants pour les rendre plus sûres et plus confortables pour la bouche./n",
    "caracteristiques": {
      "Marque": "Aucune"
    },
    "categorie": "paille",
    "id": 23
  }
]