[
  {
    "photo": "https://www.nordicnest.fr/assets/blobs/broste-copenhagen-coquetier-nordic-sea-65-cm-coquetiers/26734-01-01-c515b9f17f.jpg?preset=tiny&dpr=1.5",
    "prix": "5,90",
    "titre": "Broste Copenhagen Coquetier Nordic Sea, 6,5 cm",
    "full_description": "Le coquetier Nordic Sea de Broste Copenhagen est en grès émaillé et fait à la main. Il donnera à votre table un look très rustique qui se combinera parfaitement avec d'autres pièces de la même collection.",
    "caracteristique": {
      "Matériaux": "Grès",
      "Diamètre": "5 cm",
      "hauteur": "6,5cm"
    },
    "categorie": "coquetier",
    "id": 0
  },
  {
    "photo": "https://www.nordicnest.fr/assets/blobs/house-doctor-coquetier-rustic-10-cm-coquetiers/p_30559-01-01-3cc2e696f9.jpg?preset=tiny&dpr=1.5",
    "prix": "8",
    "titre": "House Doctor Coquetier Rustic, 10 cm",
    "full_description": "Le design du coquetier Rustic par House Doctor est superbe, chaque pièce est fabriquée en céramique à la main.",
    "caracteristique": {
      "Matériau": "Céramique",
      "Diamètre": "10 cm",
      "hauteur": "2 cm"
    },
    "categorie": "coquetier",
    "id": 1
  },
  {
    "photo": "https://www.nordicnest.fr/assets/blobs/muubs-coquetier-valley-nature-coquetiers/43137-01-01-49fbc8ba8a.jpg?preset=tiny&dpr=1.5",
    "prix": "12",
    "titre": "MUUBS Coquetier Valley, Nature",
    "caracteristique": {
      "Matériaux": "Pierre",
      "diamètre": "7 cm",
      "hauteur": "7 cm"
    },
    "categorie": "coquetier",
    "id": 2
  },
  {
    "photo": "https://www.nordicnest.fr/assets/blobs/lene-bjerre-coquetier-amera-65-cm-white-sands-coquetiers/500307-01_1_ProductImageMain-a089ed737c.jpg?preset=tiny&dpr=1.5",
    "prix": "6",
    "titre": "Lene Bjerre Coquetier Amera 6,5 cm, White sands",
    "caracteristique": {
      "Matériaux": "Céramique",
      "Diamètre": "4,5 cm",
      "Hauteur": "6,5cm"
    },
    "categorie": "coquetier",
    "id": 3
  },
  {
    "photo": "https://www.nordicnest.fr/assets/blobs/broste-copenhagen-coquetier-nordic-coal-65-cm-coquetiers/p_27926-01-01-dfce9d4801.jpg?preset=tiny&dpr=1.5",
    "prix": "5.90",
    "titre": "Broste Copenhagen Coquetier Nordic Coal, 6,5 cm",
    "full_description": "Le coquetier Nordic Coal de la marque danoise Broste Copenhagen est en grès émaillé. Son style rustique saura vous séduire et le fait que chaque produit de cette collection est fabriqué à la main, chaque produit sera donc unique sur votre table.",
    "caracteristique": {
      "Matériaux": "Grès",
      "Diamètre": "5 cm",
      "hauteur": "6,5cm"
    },
    "categorie": "coquetier",
    "id": 4
  },
  {
    "photo": "https://www.nordicnest.fr/assets/blobs/broste-copenhagen-salt-coquetier-35-cm-coquetiers/p_32038-01-01-6b5b21cf21.jpg?preset=tiny&dpr=1.5",
    "prix": "5.50",
    "titre": "Broste Copenhagen Salt coquetier, 3,5 cm",
    "caracteristique": {
      "Matière": "Porcelaine",
      "Diamètre": "4,5 cm",
      "Hauteur": "3,5 cm"
    },
    "categorie": "coquetier",
    "id": 5
  },
  {
    "photo": "https://www.nordicnest.fr/assets/blobs/aida-coquetier-raw-teak-lot-de-2-marron-coquetiers/41669-01-01-586b1103e7.jpg?preset=tiny&dpr=1.5",
    "prix": "11.00",
    "titre": "Aida Coquetier Raw teak Lot de 2, Marron",
    "caracteristique": {
      "Matériaux": "Teck",
      "Diamètre": "5 cm",
      "Hauteur": "4,3 cm"
    },
    "categorie": "coquetier",
    "id": 6
  },
  {
    "photo": "https://www.nordicnest.fr/assets/blobs/rorstrand-coquetier-swedish-grace-sno-blanc-coquetiers/p_26278-01-01-26ee8359de.jpg?preset=tiny&dpr=1.5",
    "prix": "11.00",
    "titre": "Rörstrand Coquetier Swedish Grace, snö (blanc)",
    "full_description": "Le coquetier Swedish Grace de Rörstrand se combinera parfaitement avec les autres pièces de la même collection la plus connue et la plus appréciée en Suède. Concu par Louise Adelborg en 1930, ce service n'a pas pris une ride grâce à son design intemporel et classique.",
    "caracteristique": {
      "Matière": "porcelaine",
      "Volume": "4 cl"
    },
    "categorie": "coquetier",
    "id": 7
  },
  {
    "photo": "https://www.nordicnest.fr/assets/blobs/zone-denmark-coquetiers-avec-support-zone-singles-mud-coquetiers/44519-01-01-6534456f54.jpg?preset=tiny&dpr=1.5",
    "prix": "33.00",
    "titre": "Zone Denmark Coquetiers avec support Zone Singles, Mud",
    "caracteristique": {
      "Matériaux": "Silicon, métal",
      "largeur": "7,5 cm",
      "hauteur": "9,5cm",
      "longueur": "11,2cm"
    },
    "categorie": "coquetier",
    "id": 8
  },
  {
    "photo": "https://www.nordicnest.fr/assets/blobs/broste-copenhagen-coquetier-sandvig-blanc-doux-coquetiers/38586-01-01-cc042cc7e1.jpg?preset=tiny&dpr=1.5",
    "prix": "5.50",
    "titre": "Coquetier Sandvig, Blanc doux",
    "caracteristique": {
      "Matériaux": "Porcelaine",
      "largeur": "4,5 cm",
      "hauteur": "3,5 cm",
      "longueur": "4,8 cm"
    },
    "categorie": "coquetier",
    "id": 9
  },
  {
    "photo": "https://www.nordicnest.fr/assets/blobs/rorstrand-coquetier-swedish-grace-ang-vert-clair-coquetiers/p_26278-03-01-814b4b1ca0.jpg?preset=tiny&dpr=1.5",
    "prix": "11.00",
    "titre": "Rörstrand Coquetier Swedish Grace, äng (vert clair)",
    "full_description": "Le coquetier Swedish Grace de Rörstrand se combinera parfaitement avec les autres pièces de la même collection la plus connue et la plus appréciée en Suède. Concu par Louise Adelborg en 1930, ce service n'a pas pris une ride grâce à son design intemporel et classique.",
    "caracteristique": {
      "Matière": "porcelaine",
      "Volume": "4 cl"
    },
    "categorie": "coquetier",
    "id": 10
  },
  {
    "photo": "https://www.nordicnest.fr/assets/blobs/tove-adman-coquetier-tove-adman-lot-de-4-beton-lot-de-4-coquetiers/p_12245-01-01-4b7c72046b.jpg?preset=tiny&dpr=1.5",
    "prix": "40.00",
    "titre": "Tove Adman Coquetier Tove Adman lot de 4, béton lot de 4",
    "full_description": "Ces coquetiers fournis par lot de 4 sont fabriqués en béton, un matériau inhabituel. La forme rappelle les coquetiers typiques des années 1950 qui autrefois, étaient souvent fabriqués en plastique. Ces objets pour l'intérieur conçus en béton sont signés Tove Adman et sont coulés sur l'île de Gotland. Ce mode de fabrication ne fait donc aucun compromis sur la qualité et renforce aussi l'activité économique de Gotland.",
    "caracteristique": {
      "Matières": "béton ",
      "Hauteur": "3 cm",
      "longueur": "8,5cm"
    },
    "categorie": "coquetier",
    "id": 11
  },
  {
    "photo": "https://www.nordicnest.fr/assets/blobs/rosendahl-coquetier-grand-cru-verre-lot-de-2-lot-de-2-coquetiers/26243-01-01-6f9a4b5a41.jpg?preset=tiny&dpr=1.5",
    "prix": "20.00",
    "titre": "Rosendahl Coquetier Grand Cru Verre Lot de 2, Lot de 2",
    "full_description": "full description",
    "caracteristique": {
      "Matériaux": "Verre",
      "Diamètre": "14 cm"
    },
    "categorie": "coquetier",
    "id": 12
  },
  {
    "photo": "https://www.nordicnest.fr/assets/blobs/rorstrand-coquetier-mon-amie-lot-de-2-blanc-bleu-coquetiers/47242-01-01-3a02023afa.jpg?preset=tiny&dpr=1.5",
    "prix": "28.00",
    "titre": "Rörstrand Coquetier Mon Amie Lot de 2, Blanc-bleu",
    "full_description": "full description",
    "caracteristique": {
      "Matériaux": "Porcelaine dure",
      "Diamètre haut": "7 cm",
      "Diamètre bas": "3 cm",
      "Hauteur": "3,8 cm"
    },
    "categorie": "coquetier",
    "id": 13
  },
  {
    "photo": "https://www.nordicnest.fr/assets/blobs/rorstrand-coquetier-swedish-grace-pierre-gris-fonce-coquetiers/p_26278-04-01-487007e3a1.jpg?preset=tiny&dpr=1.5",
    "prix": "11.00",
    "titre": "Rörstrand Coquetier Swedish Grace, pierre (gris foncé)",
    "full_description": "Le coquetier Swedish Grace de Rörstrand se combinera parfaitement avec les autres pièces de la même collection la plus connue et la plus appréciée en Suède. Concu par Louise Adelborg en 1930, ce service n'a pas pris une ride grâce à son design intemporel et classique.",
    "caracteristique": {
      "Matière": "Porcelaine",
      "Volume": "4  cl"
    },
    "categorie": "coquetier",
    "id": 14
  },
  {
    "photo": "https://www.nordicnest.fr/assets/blobs/rorstrand-coquetier-ostindia-floris-lot-de-2-bleu-blanc-coquetiers/42205-01-01-6507e0d1df.jpg?preset=tiny&dpr=1.5",
    "prix": "29.00",
    "titre": "Rörstrand Coquetier Ostindia Floris Lot de 2, Bleu-blanc",
    "caracteristique": {
      "Matériaux": "Porcelaine dure",
      "Volume": "4  cl"
    },
    "categorie": "coquetier",
    "id": 15
  },
  {
    "photo": "https://www.nordicnest.fr/assets/blobs/broste-copenhagen-coquetier-nordic-sand-65-cm-coquetiers/p_26726-01-01-80d3c7b8c1.jpg?preset=tiny&dpr=1.5",
    "prix": "5.90",
    "titre": "Broste Copenhagen Coquetier Nordic Sand, 6,5 cm",
    "full_description": "Le coquetier Nordic Sand de Broste Copenhagen est en grès émaillé d'une belle couleur inspirée du sable que l'on trouve dans la nature nordique. La couleur et l'apparence varient d'un coquetier à l'autre, ce qui fait partie du charme de la série Nordic Sand. N'hésitez pas à associer le coquetier à d'autres pièces de Nordic Sand ou à tout autre article de table de Broste Copenhagen.",
    "caracteristique": {
      "Matériaux": "Grès",
      "Diamètre": "5 cm",
      "hauteur": "6,5cm"
    },
    "categorie": "coquetier",
    "id": 16
  },
  {
    "photo": "https://www.nordicnest.fr/assets/blobs/villeroy-boch-coquetier-newwave-blanc-coquetiers/41161-01-01-b0b2ca2cad.jpg?preset=tiny&dpr=1.5",
    "prix": "22.00",
    "titre": "Villeroy & Boch Coquetier NewWave, Blanc",
    "full_description": "full description",
    "caracteristique": {
      "Matériaux": "porcelaine",
      "largeur": "10 cm",
      "hauteur": "3 cm",
      "longueur": "13 cm"
    },
    "categorie": "coquetier",
    "id": 17
  },
  {
    "photo": "https://www.nordicnest.fr/assets/blobs/lene-bjerre-coquetier-amera-gris-coquetiers/40465-01-01-62550fa7c9.jpg?preset=tiny&dpr=1.5",
    "prix": "5.00",
    "titre": "Lene Bjerre Coquetier Amera, Gris",
    "full_description": "full description",
    "caracteristique": {
      "Matériaux": "Céramique",
      "Hauteur": "5cm",
      "Diamètre": "6 cm"
    },
    "categorie": "coquetier",
    "id": 18
  },
  {
    "photo": "https://www.nordicnest.fr/assets/blobs/by-on-coquetier-dottie-noir-blanc-coquetiers/35844-01-01-c7c99d478f.jpg?preset=tiny&dpr=1.5",
    "prix": "11",
    "titre": "Coquetier Dottie, Noir-blanc",
    "full_description": "full description",
    "caracteristique": {
      "Matériaux ": "Grès",
      "largeur": "7,5 cm",
      "hauteur": "7,5cm",
      "longueur": "7,5cm"
    },
    "categorie": "coquetier",
    "id": 19
  },
  {
    "photo": "https://www.nordicnest.fr/assets/blobs/bitz-coquetier-bitz-lot-de-4-ensemble-1-coquetiers/36814-01-01-19487dbf50.jpg?preset=tiny&dpr=1.5",
    "prix": "28",
    "titre": "Bitz Coquetier Bitz lot de 4, Ensemble 1",
    "caracteristique": {
      "largeur": "15 cm",
      "hauteur": "2,5cm",
      "longueur": "15 cm"
    },
    "categorie": "coquetier",
    "id": 20
  },
  {
    "photo": "https://www.nordicnest.fr/assets/blobs/muubs-coquetier-muubs-teak-nature-coquetiers/41448-01-01-7d48552c3a.jpg?preset=tiny&dpr=1.5",
    "prix": "7",
    "titre": "MUUBS Coquetier Muubs teak, Nature",
    "caracteristique": {
      "Matériaux": "Teck",
      "Diamètre": "5 cm",
      "Hauteur": "5cm"
    },
    "categorie": "coquetier",
    "id": 21
  },
  {
    "photo": "https://www.nordicnest.fr/assets/blobs/broste-copenhagen-coquetier-esrum-night-65-cm-coquetiers/p_26744-01-01-4dbef8c174.jpg?preset=tiny&dpr=1.5",
    "prix": "5.90",
    "titre": "Broste Copenhagen Coquetier Esrum night, 6,5 cm",
    "full_description": "Le coquetier Esrum de Broste Copenhagen a un design classique et élégant. Fait de grès émaillé, il se combinera parfaitement avec d'autres pièces de la même collection.",
    "caracteristique": {
      "Matière": "Grès émaillé",
      "Diamètre": "5 cm",
      "Hauteur": "6,5cm"
    },
    "categorie": "coquetier",
    "id": 22
  },
  {
    "photo": "https://www.nordicnest.fr/assets/blobs/lene-bjerre-coquetier-amera-white-sands-coquetiers/40465-02-01-0fbad07518.jpg?preset=tiny&dpr=1.5",
    "prix": "5.00",
    "titre": "Lene Bjerre Coquetier Amera, White sands",
    "caracteristique": {
      "Matériaux": "Céramique",
      "Diamètre": "6 cm",
      "Hauteur": "5 cm"
    },
    "categorie": "coquetier",
    "id": 23
  },
  {
    "photo": "https://www.nordicnest.fr/assets/blobs/muubs-coquetier-organic-lot-de-4-nature-coquetiers/41460-01-01-957bdf3b32.jpg?preset=tiny&dpr=1.5",
    "prix": "44.00",
    "titre": "MUUBS Coquetier Organic Lot de 4, Nature",
    "caracteristique": {
      "Matériaux": "Teck",
      "Largeur": "9,5 cm",
      "Hauteur": "2 cm",
      "Longueur": "11,5cm"
    },
    "categorie": "coquetier",
    "id": 24
  },
  {
    "photo": "https://www.nordicnest.fr/assets/blobs/ernst-coquetier-ernst-gris-coquetiers/39191-01-01-36d6009e8d.jpg?preset=tiny&dpr=1.5",
    "prix": "8.00",
    "titre": "ERNST Coquetier Ernst, Gris",
    "caracteristique": {
      "Matériaux": "grès",
      "Diamètre": "9 cm",
      "hauteur": "2,5cm"
    },
    "categorie": "coquetier",
    "id": 25
  },
  {
    "photo": "https://www.nordicnest.fr/assets/blobs/serax-coquetier-peking-duck-foot-blanc-coquetiers/42824-01-01-5b90e08491.jpg?preset=tiny&dpr=1.5",
    "prix": "75.00",
    "titre": "Serax Coquetier Peking Duck Foot, Blanc",
    "caracteristique": {
      "Matériaux": "porcelaine",
      "Largeur": "5 cm",
      "Hauteur": "9 cm",
      "Longueur": "10 cm"
    },
    "categorie": "coquetier",
    "id": 26
  },
  {
    "photo": "https://www.nordicnest.fr/assets/blobs/ernst-coquetier-avec-citation-ernst-blanc-9-cm-coquetiers/38209-01-01-7d71c6d622.jpg?preset=tiny&dpr=1.5",
    "prix": "8.00",
    "titre": "ERNST Coquetier avec citation Ernst blanc, 9 cm",
    "caracteristique": {
      "Matériaux": "Grès",
      "Diamètre": "9 cm",
      "hauteur": "2,5cm"
    },
    "categorie": "coquetier",
    "id": 27
  },
  {
    "photo": "https://www.nordicnest.fr/assets/blobs/alessi-coquetier-roost-lot-de-2-aluminium-coquetiers/p_30883-01-01-395d80c6ed.jpg?preset=tiny&dpr=1.5",
    "prix": "34.00",
    "titre": "Alessi Coquetier Roost Lot de 2, Aluminium",
    "caracteristique": {
      "Matériaux": "aluminium",
      "largeur": "4,5 cm",
      "hauteur": "4,5cm",
      "longueur": "4,5cm"
    },
    "categorie": "coquetier",
    "id": 28
  },
  {
    "photo": "https://www.nordicnest.fr/assets/blobs/by-on-coquetier-benedict-blanc-coquetiers/43244-01-01-d68cc034e0.jpg?preset=tiny&dpr=1.5",
    "prix": "11.00",
    "titre": "By On Coquetier Benedict, Blanc",
    "caracteristique": {
      "Matériaux": "Porcelaine",
      "Diamètre": "12,5 cm",
      "hauteur": "1,5cm"
    },
    "categorie": "coquetier",
    "id": 29
  },
  {
    "photo": "https://www.nordicnest.fr/assets/blobs/lene-bjerre-coquetier-amera-65-cm-grey-coquetiers/500308-01_1_ProductImageMain-ce9f587698.jpg?preset=tiny&dpr=1.5",
    "prix": "6.00",
    "titre": "Lene Bjerre Coquetier Amera 6,5 cm, Grey",
    "caracteristique": {
      "Matériaux": "Céramique",
      "Diamètre": "4,5 cm",
      "hauteur": "6,5cm"
    },
    "categorie": "coquetier",
    "id": 30
  },
  {
    "photo": "https://www.nordicnest.fr/assets/blobs/rorstrand-coquetier-swedish-grace-rose-coquetiers/p_26278-05-01-dcd4f7a746.jpg?preset=tiny&dpr=1.5",
    "prix": "11.00",
    "titre": "Rörstrand Coquetier Swedish Grace, rose",
    "full_description": "Le coquetier Swedish Grace de Rörstrand se combinera parfaitement avec les autres pièces de la même collection la plus connue et la plus appréciée en Suède. Concu par Louise Adelborg en 1930, ce service n'a pas pris une ride grâce à son design intemporel et classique.",
    "caracteristique": {
      "Matière": "Porcelaine",
      "Volume": "4 cl"
    },
    "categorie": "coquetier",
    "id": 31
  },
  {
    "photo": "https://www.nordicnest.fr/assets/blobs/le-creuset-coquetier-le-creuset-soleil-coquetiers/40246-03-01-fce6b2c1ba.jpg?preset=tiny&dpr=1.5",
    "prix": "14.00",
    "titre": "Le Creuset Coquetier Le Creuset, Soleil",
    "caracteristique": {
      "matériaux": "grès",
      "hauteur": "5,9 cm"
    },
    "categorie": "coquetier",
    "id": 32
  },
  {
    "photo": "https://www.nordicnest.fr/assets/blobs/sagaform-coquetier-coffee-more-jaune-coquetiers/39320-02-01-1f2a30ec85.jpg?preset=tiny&dpr=1.5",
    "prix": "9.00",
    "titre": "Sagaform Coquetier Coffee & More, Jaune",
    "caracteristique": {
      "Matériaux": "Grès",
      "Diamètrer": "5,7 cm",
      "hauteur": "5,7 cm"
    },
    "categorie": "coquetier",
    "id": 33
  },
  {
    "photo": "https://www.nordicnest.fr/assets/blobs/iittala-raami-coquetier-lot-de-2-blanc-coquetiers/35477-01-01-b31d21407f.jpg?preset=tiny&dpr=1.5",
    "prix": "33.00",
    "titre": "Iittala Raami coquetier lot de 2, Blanc",
    "full_description": "Le lot de 2 coquetiers Raami dispose d’un design intemporel pour un petit-déjeuner décontracté. La collection Raami par Iittala a été conçue par le designer britannique Jasper Morrison. Raami signifie cadre en finnois, et la philosophie derrière ce design épuré est que la collection encadre la décoration plutôt que d’en être le centre. Les formes épurées laissent donc place à l’atmosphère, la nourriture, les boissons et l’imagination. La collection Raami est fabriquée à partir de porcelaine vitrifiée, qui dispose d’un ton plus chaud que la porcelaine dure.",
    "caracteristique": {
      "Matériaux": "Porcelaine vitro",
      "Diamètre ": "12 cm"
    },
    "categorie": "coquetier",
    "id": 34
  },
  {
    "photo": "https://www.nordicnest.fr/assets/blobs/rorstrand-coquetier-ostindia-4-cl-lot-de-2-coquetiers/p_15080-01-01-7d0198a6d9.jpg?preset=tiny&dpr=1.5",
    "prix": "29.00",
    "titre": "RörstranLe coquetier Ostindia Floris de la marque Rörstrand est présenté ici dans un beau design classique qui trouve sa place dans n´importe quel style de cuisine. Ce coquetier est vendu en lot de 2.",
    "caracteristique": {
      "Matériaux": "Porcelaine dure",
      "Volume ": "4 cl"
    },
    "categorie": "coquetier",
    "id": 35
  },
  {
    "photo": "https://www.nordicnest.fr/assets/blobs/bloomingville-coquetier-plateau-acacia-nature-coquetiers/42441-01-01-91dc280b77.jpg?preset=tiny&dpr=1.5",
    "prix": "19.90",
    "titre": "Bloomingville Coquetier-Plateau Acacia, Nature",
    "caracteristique": {
      "Matériaux": "Acacia",
      "Largeur": "11 cm",
      "Hauteur": "2,5cm",
      "Longueur": "15cm"
    },
    "categorie": "coquetier",
    "id": 36
  },
  {
    "photo": "https://www.nordicnest.fr/assets/blobs/broste-copenhagen-bol-eli-5-cm-caramel-brown-coquetiers/44749-01-01-d08fd70a8b.jpg?preset=tiny&dpr=1.5",
    "prix": "6.90",
    "titre": "Broste Copenhagen Bol Eli Ø5 cm, Caramel brown",
    "caracteristique": {
      "Matériaux": "grès",
      "Diamètre": "5 cm",
      "hauteur": "3,5cm"
    },
    "categorie": "coquetier",
    "id": 37
  },
  {
    "photo": "https://www.nordicnest.fr/assets/blobs/rorstrand-coquetier-swedish-grace-is-bleu-ciel-coquetiers/p_26278-02-01-90c9c8ff26.jpg?preset=tiny&dpr=1.5",
    "prix": "11.00",
    "titre": "Coquetier Swedish Grace bleu ciel",
    "full_description": "Le coquetier Swedish Grace de Rörstrand se combinera parfaitement avec les autres pièces de la même collection la plus connue et la plus appréciée en Suède. Concu par Louise Adelborg en 1930, ce service n'a pas pris une ride grâce à son design intemporel et classique.",
    "caracteristique": {
      "Matière": "Porcelaine",
      "Volume": "4 cl"
    },
    "categorie": "coquetier",
    "id": 38
  },
  {
    "photo": "https://www.nordicnest.fr/assets/blobs/lyngby-porceln-coquetiers-rhombe-lot-de-2-blanc-coquetiers/35922-01-01-057cc98a57.jpg?preset=tiny&dpr=1.5",
    "prix": "28.00",
    "titre": "Lyngby Porcelæn Coquetiers Rhombe, lot de 2, blanc",
    "full_description": "full description",
    "caracteristique": {
      "Matériaux ": "Porcelaine",
      "Hauteur": "4,5cm"
    },
    "categorie": "coquetier",
    "id": 39
  },
  {
    "photo": "https://www.nordicnest.fr/assets/blobs/marimekko-coquetier-rasymatto-lot-de-2-lot-de-2-coquetiers/p_15557-01-01-5e7384bfe4.jpg?preset=tiny&dpr=1.5",
    "prix": "29.00",
    "titre": "Marimekko Coquetier Räsymatto lot de 2, lot de 2",
    "full_description": "Les coquetiers Räsymatto de Marimekko mettent de la joie sur la table du petit déjeuner ! Maija Louekari a créé le motif donnant un air rétro á la collection. Ils se combineront parfaitement aux mugs, bols et soucoupes de la même collection.",
    "caracteristique": {
      "Matière": "Grès",
      "Diamètre": "4,7 cm"
    },
    "categorie": "coquetier",
    "id": 40
  },
  {
    "photo": "https://www.nordicnest.fr/assets/blobs/rorstrand-coquetier-swedish-grace-bleu-nuit-coquetiers/p_26278-06-01-75edaf3714.jpg?preset=tiny&dpr=1.5",
    "prix": "11.00",
    "titre": "Rörstrand Coquetier Swedish Grace, bleu nuit",
    "full_description": "Le coquetier Swedish Grace de Rörstrand se combinera parfaitement avec les autres pièces de la même collection la plus connue et la plus appréciée en Suède. Concu par Louise Adelborg en 1930, ce service n'a pas pris une ride grâce à son design intemporel et classique.",
    "caracteristique": {
      "Matière": "Porcelaine",
      "Volume": "4 cl"
    },
    "categorie": "coquetier",
    "id": 41
  }
]