[
  {
    "photo": "https://cdn.laredoute.com/products/6/d/9/6d94f0e776b4fc5429b6cdbb60f35251.jpg?imgopt=twic&twic=v1/cover=400x400",
    "prix": "31.99",
    "titre": "Bialetti Cafetière italienne Moka Express",
    "full_description": "La cafetière italienne Moka Express de Bialetti : la cafetière de référence pour préparer de délicieux café… dans les règles de l’art ! /n La véritable cafetière italienne de Bialetti vous offre à la fois un design inimitable et un grand confort d’utilisation : esprit fonctionnel, prise en main ergonomique, utilisation simple et sûre. /n Caractéristiques de la cafetière italienne Moka Express de BIALETTI : /n  •  Corps en aluminium, bouton et poignée en bakélite. /n  •  Valve de sécurité. /n  •  Lave-vaisselle déconseillé. /n  •  Compatible tous feux sauf induction. /n  •  4 tailles : 3 tasses, 6 tasses, 9 tasses et 12 tasses. /n",
    "categorie": "cafetiere_italienne",
    "id": 0
  },
  {
    "photo": "https://cdn.laredoute.com/products/f/e/2/fe2e2c76156628cbdafd878583e403a6.jpg?imgopt=twic&twic=v1/cover=400x400",
    "prix": "74.99",
    "titre": "Bodum Cafetière italienne Chambord",
    "full_description": "Le design iconique CHAMBORD dans sa version italienne /n Faite à l’italienne ! Grâce à la cafetière espresso CHAMBORD BODUM, utilisez une plaque chauffante pour faire un espresso délicieux de façon rapide, pratique et branchée - sans mettre le prix dans une machine à espresso. /n",
    "categorie": "cafetiere_italienne",
    "id": 1
  },
  {
    "photo": "https://cdn.laredoute.com/products/d/d/3/dd30c0f226fc0e134f128d869e12710f.jpg?imgopt=twic&twic=v1/cover=400x400",
    "prix": "66.99",
    "titre": "Bialetti Cafetière Italienne Induction Musa",
    "full_description": "Compatible tous feux dont induction, la cafetière italienne Musa de Bialetti est la cafetière de référence pour préparer de délicieux café… dans les règles de l’art ! /n La véritable cafetière italienne Musa de Bialetti vous offre à la fois un design inimitable et un grand confort d’utilisation : esprit fonctionnel, prise en main ergonomique, utilisation simple et sûre. /n Caractéristiques de la cafetière italienne Musa de Bialetti : /n  •  Corps en acier inoxydable, bouton et poignée en bakélite. /n  •  Soupape de sécurité exclusive brevetée Bialetti. /n  •  Entretien facile : peut passer au lave-vaisselle. /n  •  Compatibles tous feux dont induction /n",
    "categorie": "cafetiere_italienne",
    "id": 2
  },
  {
    "photo": "https://cdn.laredoute.com/products/7/2/d/72d75e7af4037688a3d3246f68a864dc.jpg?imgopt=twic&twic=v1/cover=250x250",
    "prix": "44.99",
    "titre": "Bialetti Cafetière Italienne Moka Inductiob",
    "full_description": "Moka Induction est la première Moka également utilisable sur les plaques de cuisson à induction. /n Descriptif produit /n L'union fonctionnelle des matériaux rend cette cafetière à la fois unique et inimitable : le récipient en aluminium de forme octogonale représente la tradition et la continuité historique de la Moka Express, tandis que la chaudière en acier en forme de cône tronqué permet également son utilisation sur les plaques de cuisson à induction. /n Partie supérieure colorée et brillante chaudière en acier inoxydable. / n Bouton soft touch /n Nouvelle poignée ergonomique avec finition soft touch /nNouvelle couleur grise premium bouton et poignée. /n",
    "categorie": "cafetiere_italienne",
    "id": 3
  },
  {
    "photo": "https://cdn.laredoute.com/products/5/6/4/56430ebef8c72bb3576cd376b7388483.jpg?imgopt=twic&twic=v1/cover=250x250",
    "prix": "34.10",
    "titre": "Livoo cafetière italienne ou à piston ",
    "full_description": "La cafetière DOD117 de LIVOO est conçue pour profiter d'une qualité de café exceptionnelle qui plaira sans aucun doute aux passionnés de café ! Design : Laissez-vous séduire par son design élégant au coloris rouge et noir. Capacité : Cette cafetière d'une capacité de 0,3 litre vous permettra de réaliser jusqu'à 6 tasses de café. Praticité : Pour un plus grand confort d'utilisation elle dispose d'un Socle pivotant. Profitez d'un interrupteur marche/arrêt avec témoin lumineux pour vous guider. Maintien au chaud : Le système de maintien au chaud vous permettra de conserver votre café à bonne température. ",
    "caracteristiques": {
      "Connecté": "Non",
      "Capacité du réservoir": "0,3L",
      "Nombre de tasses": "6",
      "Couleurs": "Rouge"
    },
    "categorie": "cafetiere_italienne",
    "id": 4
  },
  {
    "photo": "https://cdn.laredoute.com/products/b/f/9/bf98f89676bf5fd195e8ef4a897e54d2.jpg?imgopt=twic&twic=v1/cover=250x250",
    "prix": "37.90",
    "titre": "BIALETTI Cafetière venus inductions 4 tasses 17cl",
    "full_description": "Nouvelle technologie anti oxydation. valve de sécurité autonettoyante - brevetée bialetti. nouveau bec anti-goutte pour faciliter le service du café.",
    "caracteristiques": {
      "Matière ": "Inox ",
      "Couleur ": "Argent ",
      "hauteur": "17 cm ",
      "Diamètre": "9.5 cm",
      "Capacité": "17 cl"
    },
    "categorie": "cafetiere_italienne",
    "id": 5
  },
  {
    "photo": "https://cdn.laredoute.com/products/8/6/8/8687cbf222c91e704944a2429f86cf00.jpg?imgopt=twic&twic=v1/cover=550x550",
    "prix": "51.20",
    "titre": "BIALETTI Cafetière New Venus",
    "full_description": " Cafetière new venus inox BIALETTI /n Une élégance intemporelle, une qualité encore plus poussée /n Descriptrif produit /n Destinée aux amateurs de café et de design, Venus est une cafetière 100 % acier inoxydable, pensée pour durer. /n Son style essentiel, ses formes harmonieuses et le soin des détails témoignent une fois de plus de l’expérience de Bialetti dans l’union du goût pour le design et de la passion du café. Ce modèle est adapté à toutes les plaques de cuisson sauf l’induction. /n Nouvelle poignée : ergonomique et finition antidérapant pour une hadhérence plus confort /n Logo sur poignée /n Nouvelle Chaudièrec avec épaisseur augmentée de + 20% /n Une robustesse et une solidité accrue, garantissant la plus haute qualité /n Le gout du vrai café MOKA italien encore + sublimé /n Nouveau bec verseur pour une coulée parfaite /n",
    "categorie": "cafetiere_italienne",
    "id": 6
  },
  {
    "photo": "https://cdn.laredoute.com/products/1/e/e/1ee41fd4f527893ac0e76deb7927a6a5.jpg?imgopt=twic&twic=v1/cover=550x550",
    "description": "description",
    "prix": "54.00",
    "titre": "BIALETTI Cafetière italienne Rainbow",
    "full_description": "full description",
    "caracteristiques": {
      "Matière": "Aluminium",
      "Nombre de tasses maximum": "6",
      "Couleur": "ROUGE",
      "Type de chauffe": "Tous feux sauf induction"
    },
    "categorie": "cafetiere_italienne",
    "id": 7
  },
  {
    "photo": "https://cdn.laredoute.com/products/0/2/c/02cd98960b60f5b69467ab2ac8c38c20.jpg?imgopt=twic&twic=v1/cover=250x250",
    "prix": "50.28",
    "titre": "ARIETE Cafetière italienne 4 tasses",
    "full_description": "La cafetière Moka Elettrica Ariete 1358, de 2 ou 4 tasses, avec son design original et accrocheur est idéale pour la maison et pour le bureau. Moka Aroma Elettrica garantit un café à l?arôme et au goût incomparable. C?est l?alliée idéale pour les consommateurs de café.",
    "caracteristiques": {
      "Puissance ": "480W",
      "Capacité ": " 2/4 tasses",
      "Fonction garde chaud": "30 mn",
      "Dimensions ": "21 x 13,5 x 25"
    },
    "categorie": "cafetiere_italienne",
    "id": 8
  },
  {
    "photo": "https://cdn.laredoute.com/products/c/2/8/c2839a83e07bc3c032e7262dd037c055.jpg?imgopt=twic&twic=v1/cover=250x250",
    "prix": "49.00",
    "titre": "VALIRA Cafetière italienne 6 tasses inox",
    "full_description": "Cafetière italienne Isabella Valira 1181.Préparez et dégustez un délicieux café intense très facilement !Placez votre cafetière sur le feu, en chauffant, l'eau du compartiment inférieur va s'évaporer en emportant le café. Vous obtenez un café de qualité dans le compartiment supérieur. L'appareil est pratique, il sert pour la préparation et pour le service. Vous pourrez préparer jusqu'à 6 tasses de café en une seule fois. Poignée et bouton de couvercle en bakélite noire isolante.",
    "caracteristiques": {
      "Matière ": "Inox",
      "Capacité ": "6 tasses",
      "Diamètre ": "12 cm",
      "Largeur poignée comprise": "14 cm",
      "Hauteur": "20 cm",
      "Poids ": "1 Kg"
    },
    "categorie": "cafetiere_italienne",
    "id": 9
  },
  {
    "photo": "https://cdn.laredoute.com/products/b/8/d/b8daf1d3a6b4e164f5782e3830f29e7d.jpg?imgopt=twic&twic=v1/cover=250x250",
    "prix": "22.90",
    "titre": "TREND UP Cafetière Inox 18/8 induction 9 tasses",
    "full_description": "full description",
    "caracteristiques": {
      "Matière ": "Inox ",
      "Couleur ": "argent",
      "Hauteur ": "21 cm",
      "Diamètre": "11,5cm",
      "Capacité": "1100 cl"
    },
    "categorie": "cafetiere_italienne",
    "id": 10
  },
  {
    "photo": "https://cdn.laredoute.com/products/b/a/6/ba6a97bd40e47190427c784257a49f9d.jpg?imgopt=twic&twic=v1/cover=250x250",
    "prix": "15.90",
    "titre": "TREND UP Cafetière moka alu 9 tasses",
    "full_description": "full description",
    "caracteristiques": {
      "Matière ": "Aluminium ",
      "Couleur ": "Argent ",
      "Hauteur": "22,5cm",
      "Diamètre": "10,4cm"
    },
    "categorie": "cafetiere_italienne",
    "id": 11
  },
  {
    "photo": "https://cdn.laredoute.com/products/6/4/f/64fe16425ad583cb2c2ec1b7d560e60d.jpg?imgopt=twic&twic=v1/cover=250x250",
    "description": "description",
    "prix": "84.90",
    "titre": "BODUM Cafetière italienne Chambord",
    "full_description": "Faite à l’italienne ! Grâce à la cafetière espresso CHAMBORD BODUM, utilisez une plaque chauffante pour faire un espresso délicieux de façon rapide, pratique et branchée - sans mettre le prix dans une machine à espresso.",
    "categorie": "cafetiere_italienne",
    "id": 12
  },
  {
    "photo": "https://cdn.laredoute.com/products/2/8/a/28a566d5843df5c8deae53570d356379.jpg?imgopt=twic&twic=v1/cover=250x250",
    "prix": "47.90",
    "titre": "GEFU Machine a espresso 6 tasse",
    "full_description": "Avec la cafetière de GEFU vous préparez un expresso délicieux et aromatique en un tour de main. La cafetière moderne et effilée en inox est équipée d'une poignée noire isolante. Verser tout simplement de l'eau, remplir avec le café moulu, refermer et faire bouillir sur la cuisinière jusqu'à ce que l'expresso à l'odeur exquise soit passé. Il ne vous reste plus qu'à savourer !",
    "caracteristiques": {
      "Garantie ": "5 ans",
      "Matière principale": " Acier inoxydable de haute qualité"
    },
    "categorie": "cafetiere_italienne",
    "id": 13
  },
  {
    "photo": "https://cdn.laredoute.com/products/0/3/e/03ea3a68a56a1babffc687802ac24ff3.jpg?imgopt=twic&twic=v1/cover=250x250",
    "prix": "28.90",
    "titre": "GEFU cafetière expresso 3 tasses",
    "full_description": "Avec la cafetière de GEFU vous préparez un expresso délicieux et aromatique en un tour de main. La cafetière octogonale en aluminium est équipée d'une poignée noire isolante. Verser tout simplement l'eau dans la cafetière, remplir avec le café moulu, refermer et faire bouillir sur la cuisinière jusqu'à ce que l'expresso à l'odeur exquise soit passé. Il ne vous reste plus qu'à savourer !",
    "caracteristiques": {
      "Garantie ": "5 ans",
      "Matière principale": " Aluminium"
    },
    "categorie": "cafetiere_italienne",
    "id": 14
  },
  {
    "photo": "https://cdn.laredoute.com/products/9/3/9/9393006105fcbf66208d2a0f3ac7c3f5.jpg?imgopt=twic&twic=v1/cover=250x250",
    "prix": "95.90",
    "titre": "GEFU Machine à espresso 4 tasses",
    "full_description": "Un expresso fraichement préparé de manière classique dans une belle cafetière italienne moderne qui fait bonne figure sur toutes les cuisinières.",
    "caracteristiques": {
      "Garantie ": "5 ans",
      "Matière principale": " Acier inoxydable de haute qualité"
    },
    "categorie": "cafetiere_italienne",
    "id": 15
  },
  {
    "photo": "https://cdn.laredoute.com/products/f/a/c/fac23237e3307652f377e1469a8080ac.jpg?imgopt=twic&twic=v1/cover=250x250",
    "prix": "99.90",
    "titre": "BODUM Cafetière italienne",
    "full_description": "Faite à l’italienne ! Grâce à la cafetière espresso CHAMBORD BODUM®, utilisez une plaque chauffante pour faire un espresso délicieux de façon rapide, pratique et branchée - sans mettre le prix dans une machine à espresso. ",
    "caracteristiques": {
      "Capacité": "0,350 L",
      "Largeur": "15,4 cm",
      "Hauteur": "23 cm",
      "Profondeur": "10,4 cm"
    },
    "categorie": "cafetiere_italienne",
    "id": 16
  },
  {
    "photo": "https://cdn.laredoute.com/products/d/a/7/da78d0b1f29a5e15a44ee7ecd706f267.jpg?imgopt=twic&twic=v1/cover=250x250",
    "prix": "39.90",
    "titre": "CRISTEL Cafetière italienne Adria",
    "full_description": "Cafetière italienne Adria en inox 18/10 finition brillante sélectionnée par CRISTEL. Deux capacités : 6 et 10 tasses, basées sur des tasses à expresso de 6 cl. /n Cafetière italienne Adria : /n - Bouton de couvercle et poignée noirs /n - Inox 18/10 - finition brillante /n - Induction (depuis 1991) /n - Gaz /n - Vitro céramique /n - Électrique /n",
    "categorie": "cafetiere_italienne",
    "id": 17
  },
  {
    "photo": "https://cdn.laredoute.com/products/9/d/d/9dd824eca4da89e68c345049bf05b602.jpg?imgopt=twic&twic=v1/cover=250x250",
    "prix": "59.90",
    "titre": "CRISTEL Cafetière italeinne Capri",
    "full_description": "Cafetière italienne Capri en inox 18/10 finition brillante sélectionnée par CRISTEL. Deux capacités : 6 et 10 tasses, basées sur des tasses à expresso de 6 cl. /n Cafetière italienne Capri : /n - Poignée en inox massif /n - Inox 18/10 - finition brillante /n - Induction (depuis 1991) /n - Gaz /n - Vitro céramique /n - Électrique /n",
    "categorie": "cafetiere_italienne",
    "id": 18
  },
  {
    "photo": "https://cdn.laredoute.com/products/4/3/7/437ea3378df448206f6f46cf93c109dd.jpg?imgopt=twic&twic=v1/cover=250x250",
    "prix": "69.90",
    "titre": "Cafetière italienne Palmero",
    "full_description": "Cafetière italienne Palermo en inox 18/10 finition brossée sélectionnée par CRISTEL. Deux capacités : 6 et 10 tasses, basées sur des tasses à expresso de 6 cl. /n Cafetière italienne Palermo : /n - Bouton de couvercle et poignée noirs /n - Inox 18/10 - finition brossée /n- Induction (depuis 1991) /n - Gaz /n - Vitro céramique /n - Électrique /n",
    "categorie": "cafetiere_italienne",
    "id": 19
  },
  {
    "photo": "https://cdn.laredoute.com/products/1/d/7/1d7de7b9ad3b00062f4740ea56cef13f.jpg?imgopt=twic&twic=v1/cover=250x250",
    "prix": "124.90",
    "titre": "Cafetière italienne Milano Inox Brossé",
    "full_description": "Cafetière italienne Milano en inox 18/10 finition brossée sélectionnée par CRISTEL. Deux capacités : 6 et 10 tasses, basées sur des tasses à expresso de 6 cl. /n Cafetière italienne Milano : /n - Inox 18/10 - finition brossée /n - Induction (depuis 1991) /n - Gaz /n - Vitro céramique /n - Électrique /n",
    "categorie": "cafetiere_italienne",
    "id": 20
  },
  {
    "photo": "https://cdn.laredoute.com/products/9/f/6/9f6f923d34929ef75bbe6a100f4c44ac.jpg?imgopt=twic&twic=v1/cover=250x250",
    "prix": "51.81",
    "titre": "BIALETTI cafetière italienne 6 tasses italia",
    "full_description": "Cafetière italienne Moka Express Bialetti 0005323. La seule et l'originelle. Bialetti invente le café italien : le cérimonie quotidienne par excellence à s'offrir ou à partager comme geste d'hospitalité. Une habitude adorable pour commencer la journée, pour une pause agréable ou pour conclure les repas avec le goût de la tradition. Avec la cafetière Moka Express, Bialetti est protagoniste de tous ces précieux moments.",
    "caracteristiques": {
      "Matière ": "Aluminium",
      "Capacité ": "6 tasses",
      "Volume ": "0,3l",
      "Coloris ": "Italia",
      "Largeur": "21,5 cm",
      "Hauteur": "12 cm",
      "Longueur": "16 cm"
    },
    "categorie": "cafetiere_italienne",
    "id": 21
  },
  {
    "photo": "https://cdn.laredoute.com/products/5/7/2/572d7259c067ba9a18c98ee7c3b0bce8.jpg?imgopt=twic&twic=v1/cover=250x250",
    "prix": "15.90",
    "titre": "TREND UP Cafetière Inox 18/8 induction 4 tasses",
    "full_description": "full description",
    "caracteristiques": {
      "Collection": "Cafétito",
      "Matière": "Inox",
      "Couleur": "Argent",
      "Hauteur": "16,5 cm",
      "Diamètre": "9 cm"
    },
    "categorie": "cafetiere_italienne",
    "id": 22
  },
  {
    "photo": "https://cdn.laredoute.com/products/f/f/9/ff90691846a8c4a16c2ac08f75b5c0b6.jpg?imgopt=twic&twic=v1/cover=250x250",
    "prix": "28;60",
    "titre": "TREND UP Cafetière 14 tasses italiennes express",
    "full_description": "Table Passion Cafetière italienne 14 tasses",
    "caracteristiques": {
      "Collection": "Express ",
      "Matière": "Aluminium ",
      "Couleur": "Argent",
      "Hauteur": "27 cm",
      "Diamètre": "12,5 cm"
    },
    "categorie": "cafetiere_italienne",
    "id": 23
  },
  {
    "photo": "https://cdn.laredoute.com/products/d/1/7/d175b5b883ff9fd03e4f213604aa7a40.jpg?imgopt=twic&twic=v1/cover=250x250",
    "prix": "142.70",
    "titre": "BIALETTI Cafetière italienne électrique 3 tasses inox",
    "full_description": "Cafetière italienne BIALETTI 0006092. /n Matière : inox. /n Couleur : inox. /n Ecran a LED haute définition : oui. /n Capacité : 3 tasses. /n Maintient au chaud : 30 minutes. /n Epaisseur de la base : 4 cm. /n Niveaux de sonnerie : 3 (polyphonique). /n Base froide pour poser la cafetière sans risque. /n Valve de sécurité : breveté Bialetti. /n Verseuse isotherme: Non. /n Broyeur intégré: Non. /n Départ différé: Oui. /n Type: Cafetière italienne. /n Sélecteur d'arômes: Non. /n ",
    "categorie": "cafetiere_italienne",
    "id": 24
  },
  {
    "photo": "https://cdn.laredoute.com/products/0/9/2/092aa05b1eee031263dae19365b6378b.jpg?imgopt=twic&twic=v1/cover=250x250",
    "prix": "120.25",
    "titre": "ARIETE station petit-déjeuner",
    "full_description": "Station petit-déjeuner Ariete 1344.Complété de 5 sachet de thé en coton de la collection Colonial par La Via del Tea : la prestigieuse maison de thé Italienne , Arieteprésente sa 'Station petit-déjeuner? 3 en 1. Cette station vous permettra de préparer vos mokas, cappuccinos et autres thés.Découvrez comment préparer de délicieuses boissons chaudes ou froides pour le petit-déjeuner.",
    "caracteristiques": {
      "Poids ": "2,3 kg",
      "Capacité ": "2 à 4 tasses"
    },
    "categorie": "cafetiere_italienne",
    "id": 25
  },
  {
    "photo": "https://cdn.laredoute.com/products/0/b/6/0b60c7f1d7402707b1f7f0d8969f0ebc.jpg?imgopt=twic&twic=v1/cover=250x250",
    "prix": "42.50",
    "titre": "VALIRA Cafetière italienne 4 tasses",
    "full_description": "Cafetière italienne Isabella Valira 1180/ pour préparer jusqu'à 4 tasses de café en une seule fois. Préparez et dégustez un délicieux café intense très facilement ! Placez votre cafetière sur le feu, en chauffant, l'eau du compartiment inférieur va s'évaporer en emportant le café Vous obtenez un café de qualité dans le compartiment supérieur. L'appareil est pratique, il sert pour la préparation et pour le service. Poignée et bouton de couvercle en bakélite noire isolante.",
    "caracteristiques": {
      "Coloris ": "Inox",
      "Matériau ": "Acier inoxydable",
      "Type de feux": "Tous feux dont induction",
      "Longueur": "13 cm",
      "Largeur": "11 cm",
      "Hauteur": "18 cm",
      "Poids": "0,8 kg"
    },
    "categorie": "cafetiere_italienne",
    "id": 26
  },
  {
    "photo": "https://cdn.laredoute.com/products/b/8/d/b8daf1d3a6b4e164f5782e3830f29e7d.jpg?imgopt=twic&twic=v1/cover=250x250",
    "prix": "17.90",
    "titre": "Cafetière Inox 18/8 induction 6 tasses",
    "full_description": "full description",
    "caracteristiques": {
      "Collection ": "Cafetito ",
      "Matière ": "Inox",
      "Couleur": "Argent",
      "Hauteur": "19 cm",
      "Diamètre": "10,2 cm"
    },
    "categorie": "cafetiere_italienne",
    "id": 27
  }
]