[
  {
    "photo": "https://cdn.laredoute.com/products/6/c/3/6c32384a15a4f88c55be4c1cde1a1262.jpg?imgopt=twic&twic=v1/cover=400x400",
    "prix": "24.99",
    "titre": "LA REDOUTE INTERIEURS Lot de 4 verres striés",
    "full_description": "Ce lot de 4 verres striés et délicatement soulignés d'un liseré doré apportera une touche d'élégance et de style à votre table de repas ! /n Description /n  •  En verre strié, souligné d'un liseré doré /n Entretien /n  •  Incompatible lave-vaisselle et micro-ondes /n Dimensions /n  •  Ø6,7 x H11 cm /n",
    "categorie": "set_de_verrerie",
    "id": 0
  },
  {
    "photo": "https://cdn.laredoute.com/products/4/9/9/49968ff8decaba15aa0df55c5ef8ae09.jpg?imgopt=twic&twic=v1/cover=400x400",
    "prix": "24.99",
    "titre": "LA REDOUTE INTERIEURS Lot 4 verres à vin",
    "full_description": "Ce lot de 4 verres à vin striés et délicatement soulignés d'un liseré doré apportera une touche d'élégance et de style à votre table de repas ! /n Description  /n •  En verre strié, souligné d'un liseré doré  /n Entretien  /n  •  Incompatible lave-vaisselle et micro-ondes /n Dimensions  /n  •  Diamètre : 7,4 cm /n  •  Hauteur : 23 cm /n ",
    "categorie": "set_de_verrerie",
    "id": 1
  },
  {
    "photo": "https://cdn.laredoute.com/products/1/6/9/169487b38561fa530a43928d4fec23d3.jpg?imgopt=twic&twic=v1/cover=400x400",
    "prix": "25.99",
    "titre": "LA REDOUTE INTERIERUS Lot 4 flûtes à champagne",
    "full_description": "Les 4 flûtes à champagne au design cubique pour dresser une table au style contemporain. /n Description •  Flûte à champagne :n  •  Forme cubique /n  •  Dimensions : 5 x 24 cm /n  •  Compatible lave-vaisselle /n",
    "categorie": "set_de_verrerie",
    "id": 2
  },
  {
    "photo": "https://cdn.laredoute.com/products/3/b/f/3bf3170de6bad2153fb796468683dac4.jpg?imgopt=twic&twic=v1/cover=250x250",
    "prix": "31.99",
    "titre": "LA REDOUTE INTERIEURS Lot 4 verres à eau",
    "full_description": "Lot de 4 verres à eau transparent AMMANE. Délicatement soulignés d’un liseré doré, ces verres feront honneur à votre table. /n Description /n  •  Verres à eau en borosilicate transparent soulignés d’un liseré gold  /n  •  Entretien : Incompatible micro-onde et lave-vaisselle /n  •  Hauteur : 9 cm  /n  •  Vendus par lot de 4 /n ",
    "categorie": "set_de_verrerie",
    "id": 3
  },
  {
    "photo": "https://cdn.laredoute.com/products/0/b/5/0b5081d17121027b8ac4dd0c4423f049.jpg?imgopt=twic&twic=v1/cover=250x250",
    "prix": "25.00",
    "titre": "AMP.PM Lot de 4 verres à eau",
    "full_description": "Le design épuré du verre à eau Tupia est relevé par de délicates stries qui rappellent le cristal. En verre transparent ou gris fumé, il s'impose par son raffinement et sublime les tables de fêtes. /n Description /n  •  En verre, motif strié /n  •  Vendus par lot de 4 /n Dimensions /n  •  Diamètre : 9,5 cm /n  •  Hauteur : 7,3 cm /n  •  Contenance : 26,5 cl /n Entretien /n  •  Compatibles lave-vaisselle /n",
    "categorie": "set_de_verrerie",
    "id": 4
  },
  {
    "photo": "https://cdn.laredoute.com/products/a/7/a/a7aadf5dbc65884103b8e7d952d39a80.jpg?imgopt=twic&twic=v1/cover=250x250",
    "prix": "32.99",
    "titre": "LA REDOUTE INTERIEURS Lot de 4 verres",
    "full_description": "Une texture bullée réalisée dans la matière, une forme tout en rondeur qui mêle de jolies tonalités passant d'une transparence cristalline aux teintes plus contemporaines, on craque ! Ce lot de 4 verres à eau de qualité apporte du pep's à la table. /n Description :n  •  Verre bullé /n  •  Lot de 4 /n Entretien : /n  •  Compatible lave-vaisselle /n  •  incompatible micro-ondes /n Dimensions /n  •  Diamètre haut : 7,8 cm /n  •  Diamètre bas : 6 cm /n  •  Hauteur : 9,7 cm /n  •  Contenance 320 ml /n ",
    "categorie": "set_de_verrerie",
    "id": 5
  },
  {
    "photo": "https://cdn.laredoute.com/products/a/5/4/a54265e2722288d9b99d7dd6f5132dee.jpg?imgopt=twic&twic=v1/cover=250x250",
    "prix": "39.00",
    "titre": "Lot de 6 verres à eau Gimani",
    "full_description": "Les 6 verres à eau Gimani. /n Description /n •  En verre recyclé soufflé à la bouche /n  •  Travail artisanal, chaque pièce est unique /n  •  Contenance 25 cl /n  •  Compatibles lave-vaisselle /n  •  Non compatibles micro-ondes /n  •  Les reflets turquoises du produit lui viennent du verre recyclé utilisé pour sa fabrication. 100% du verre utilisé provient du recyclage. /n ",
    "categorie": "set_de_verrerie",
    "id": 6
  },
  {
    "photo": "https://cdn.laredoute.com/products/8/f/9/8f9d6d707e8e9d3c7cb836ced2ae388e.jpg?imgopt=twic&twic=v1/cover=250x250",
    "prix": "24.99",
    "titre": "LA REDOUTE INTERIEURS Lot de 4 verres à eau striés",
    "full_description": "Ce lot de 4 verres à eau striés et délicatement soulignés d'un liseré doré apportera une touche d'élégance et de style à votre table de repas ! /n Description  /n  •  En verre strié, souligné d'un liseré doré  /n Entretien /n  •  Incompatible lave-vaisselle et micro-ondes /n Dimensions /n  •  Diamètre : 6,5 cm /n  •  Hauteur :15 cm /n",
    "categorie": "set_de_verrerie",
    "id": 7
  },
  {
    "photo": "https://cdn.laredoute.com/products/5/9/d/59db39a613c15590c66e1a608c623c29.jpg?imgopt=twic&twic=v1/cover=250x250",
    "prix": "25.99",
    "titre": "LA REDOUTE INTERIEURS Lot 4 verres à vin",
    "full_description": "Les 4 verres à vin Coblace au design cubique pour dresser une table au style contemporain./n Description /n  •  Verre à vin /n  •  Forme cubique /n  •  Dimensions : 7 x 17,5 cm /n  •  Compatible lave-vaisselle /n ",
    "categorie": "set_de_verrerie",
    "id": 8
  },
  {
    "photo": "https://cdn.laredoute.com/products/d/a/0/da0352de04ff32c672d01b29ea186944.jpg?imgopt=twic&twic=v1/cover=250x250",
    "prix": "19.99",
    "titre": "LA REDOUTE INTERIEURS Lot de 4 verres à whysky",
    "full_description": "Magnifiquement réalisé dans un verre richement sculpté, ce lot de 4 verres à whisky dit tumbler (verre droit à fond épais et de large diamètre) sublimera votre single malt avec élégance. Un cadeau à offrir ou à s'offrir./n Description  /n  •  Verre ciselé /n •  Lot de 4 /n Entretien : /n  •  Compatible lave-vaisselle et incompatible micro-ondes /n Dimensions  /n  •  Diamètre : 8 cm /n  •  Hauteur : 9 cm /n",
    "categorie": "set_de_verrerie",
    "id": 9
  },
  {
    "photo": "https://cdn.laredoute.com/products/1/f/f/1ffd337a13f75b6190f947b8f20050d0.jpg?imgopt=twic&twic=v1/cover=250x250",
    "prix": "34.99",
    "titre": "LA REDOUTE INTERIEURS Lot de 6 verres à eau",
    "full_description": "Ce lot de 6 verres Staklo forme gobelet apporte une touche rétro à votre table. A vous les soirées entre amis ! /n Description /n  •  En verre fumé /n  •  Vendus par lot de 6 /n Dimensions /n  •  Diamètre : 7,3 cm  /n  •  Hauteur : 9,7 cm /n Entretien /n  •  Compatibles lave-vaisselle et incompatibles micro-ondes /n",
    "categorie": "set_de_verrerie",
    "id": 10
  },
  {
    "photo": "https://cdn.laredoute.com/products/1/1/5/1156ac65818c08d8cfd39ee29abea575.jpg?imgopt=twic&twic=v1/cover=250x250",
    "prix": "24.99",
    "titre": "LA REDOUTE INTERIEURS Lot de 4 verres",
    "full_description": "L'heure est à la sobriété pour ces 4 verres à eau réalisés en verre recyclé...  /n Description /n  •  En verre /n Entretien /n  •  Compatible lave-vaisselle. /n  •  Ne pas passer au micro-onde. /n Dimensions  /n  •  Ø9 x H9 cm /n ",
    "categorie": "set_de_verrerie",
    "id": 11
  },
  {
    "photo": "https://cdn.laredoute.com/products/7/b/f/7bf970687fda11aeea666eb114f97daa.jpg?imgopt=twic&twic=v1/cover=250x250",
    "prix": "59.00",
    "titre": "AM.PM Lot 4 verres à eau",
    "full_description": "Portant la griffe de Stefan Boxy, en collaboration avec Serax, ce lot de 4 verres à eau, Take Time design Stephan Boxy bleu Cobalt évoque, dans nos souvenirs, les grands hôtels d’autrefois et notamment le Ritz et ses services à liseré bleu. /n Ce lot de verres à eau Boxy’s est issu de la collection Take Time. /n Description /n  •  En verre /n  •  Vendus en lot de 4 /n Dimensions /n  •  Diamètre : 8,5 cm /n  •  Hauteur: 7,5 cm /n  •  Contenance : 20 cl /n Entretien  /n  •  Compatibles lave-vaisselle /n Dimensions et poids du colis /n  •  1 colis /n  •  L22,5 x H22,1 x P13,1 cm,  0 kg. /n ",
    "categorie": "set_de_verrerie",
    "id": 12
  },
  {
    "photo": "https://cdn.laredoute.com/products/4/a/a/4aa2cc0ec19ce2fe081d88a13493eb82.jpg?imgopt=twic&twic=v1/cover=250x250",
    "prix": "19.99",
    "titre": "LA REDOUTE INTERIEURS Lot de 4 verres à whisky",
    "full_description": "Réalisé en verre transparent ciselé, cet élégant lot de 4 verres à whisky dit tumbler, (verre droit à fond épais et de large diamètre) fera ressortir les arômes de votre single malt favori. Un cadeau à offrir ou à s'offrir./n Description  /n  •  Verre ciselé /n  •  Lot de 4 /n Entretien : /n  •  Compatible lave-vaisselle et incompatible micro-ondes /n Dimensions  /n  •  Diamètre : 8 cm /n  •  Hauteur : 9 cm /n",
    "categorie": "set_de_verrerie",
    "id": 13
  },
  {
    "photo": "https://cdn.laredoute.com/products/b/9/f/b9f64d84e77d6933568ed37160468dca.jpg?imgopt=twic&twic=v1/cover=250x250",
    "prix": "34.99",
    "titre": "LA REDOUTE INTERIEURS Lot de 6 verres à pied",
    "full_description": "Ce lot de 6 verres à pied Staklo apporte une touche rétro à votre table. A vous les soirées entre amis ! /n Description /n  •  En verre fumé /n  •  Vendus par lot de 6 /n Dimensions /n •  Diamètre : 7,7 cm /n  •  Hauteur : 12,5 cm /n Entretien /n  •  Compatibles lave-vaisselle et incompatibles micro-ondes /n",
    "categorie": "set_de_verrerie",
    "id": 14
  },
  {
    "photo": "https://cdn.laredoute.com/products/5/0/a/50aa6773eac58cb5545e2d1e9fd4fcee.jpg?imgopt=twic&twic=v1/cover=250x250",
    "prix": "42.99",
    "titre": "LA REDOUTE INTERIEURS Lot de 6 verres à pied bullé",
    "full_description": "Une texture bullée réalisée dans la matière, une forme tout en rondeur, on craque ! Ce lot de 6 verres à pied de qualité apporte du pep's à la table. /n Description /n  •  En verre bullé /n Dimensions /n  •  Diamètre : 8 cm /n  •  Hauteur : 14 cm /n Entretien  /n  •  Compatibles lave-vaisselle et incomptaibles micro-ondes /n",
    "categorie": "set_de_verrerie",
    "id": 15
  },
  {
    "photo": "https://cdn.laredoute.com/products/4/8/a/48ab98b633ce34ea347eb8c9170ebc51.jpg?imgopt=twic&twic=v1/cover=250x250",
    "prix": "39.99",
    "titre": "Lot 6  verres à vin décor abeilles",
    "full_description": "Les 6 verres à vin en verre, décor abeilles : élégance d'un verre travaillé pour une table raffinée. /n  Description /n  •  Verre pressé, très résistant /n  •  Décoré de 4 abeilles /n  •  Contenance 24 cl /n  •  Diamètre 9 x Hauteur 14,10 cm /n  •  Compatible avec le lave-vaisselle /n  •  Fabrication française /n ",
    "categorie": "set_de_verrerie",
    "id": 16
  },
  {
    "photo": "https://cdn.laredoute.com/products/d/d/6/dd69bf3790d94c64066014272df8e0d1.jpg?imgopt=twic&twic=v1/cover=250x250",
    "prix": "27.99",
    "titre": "LA REDOUTE INTERIEURS lot de 4 verres empilables",
    "full_description": "4 verres pour apporter de la gaieté à vos rafraîchissements ! /n Description/n  •  En verre /n  •  Empilables /n Entretien : /n  •  Compatible lave-vaisselle. /n  •  Ne pas passer au micro-ondes  /n Dimensions  /n  •  Ø9 x H10 cm /n  •  Capacité : 300 ml /n",
    "categorie": "set_de_verrerie",
    "id": 17
  },
  {
    "photo": "https://cdn.laredoute.com/products/8/7/b/87b0588149c1ada6bd0838b8ff99edbd.jpg?imgopt=twic&twic=v1/cover=250x250",
    "prix": "59.99",
    "titre": "LA REDOUTE INTERIEURS Lot de 6 verres à vin",
    "full_description": "Les 6 verres à vin Rigato adoptent le raffinement d'un motif strié.Description /n  •  En verre strié /n  •  Vendus par lot de 6 /n Dimensions /n  •  Diamètre : 8,5 cm /n  •  Hauteur : 16 cm /n  •  Contenance : 30 cl /n Entretien /n  •  Compatibles lave-vaisselle /n ",
    "categorie": "set_de_verrerie",
    "id": 18
  },
  {
    "photo": "https://cdn.laredoute.com/products/9/8/5/985842d793eec8d0efe09383acd6126d.jpg?imgopt=twic&twic=v1/cover=250x250",
    "prix": "32.99€",
    "titre": "LA REDOUTE INTERIEURS Lot de 6 verres à whisky reliéfé",
    "full_description": "Lot de 6 gobelets en verre reliéfé pour faire ressortir les meilleurs malts... /n Description /n  •  En verre reliefé /n  •  Vendues par lot de 6 /n Dimensions /n  •  Daimètre : 8 cm /n  •  Hauteur : 12,8 cm /n  •  Contenance : 34 cl /n Entretien  /n  •  Compatibles lave-vaisselle /n",
    "categorie": "set_de_verrerie",
    "id": 19
  },
  {
    "photo": "https://cdn.laredoute.com/products/1/e/f/1efa7fa8a1253d336a73ec2ad473242a.jpg?imgopt=twic&twic=v1/cover=250x250",
    "prix": "49,00",
    "titre": "AM.PM Lot de 6 verres à vin trapèze",
    "full_description": "Les 6 verres à vin Albédo. /n Caractéristiques  •  Forme trapèze et pied épais /n  •  Compatibles lave-vaisselle /n  •  Non compatibles micro-ondes /n  •  Dimensions : Ø8,5 x H10 cm /n  •  Contenance 25 cl /n",
    "categorie": "set_de_verrerie",
    "id": 20
  },
  {
    "photo": "https://cdn.laredoute.com/products/9/3/6/936dbb578a2598c90750cdeb8fba69bd.jpg?imgopt=twic&twic=v1/cover=250x250",
    "prix": "45.00",
    "titre": "Lot de 6 verres à jus",
    "full_description": "Motif nid d'abeille pour ces 6 verres à jus Abelha. /n Description /n  •  En verre, motif nid d'abeille /n  •  Vendus par lot de 6 /n Dimensions /n  •  Diamètre : 9 cm /n  •  Hauteur : 15 cm /n  •  Contenance : 50 cl  /n Entretien  /n  •  Compatibles lave-vaisselle et micro-ondes  /n Dimensions et poids des colis /n 1 colis   /n  •  L34 x H23,5 x P27 cm. 5,96 kg. /n",
    "categorie": "set_de_verrerie",
    "id": 21
  },
  {
    "photo": "https://cdn.laredoute.com/products/b/1/a/b1a5165a014d446698c2d9dc89c3c4c6.jpg?imgopt=twic&twic=v1/cover=250x250",
    "prix": "32.99",
    "titre": "LA REDOUTE INTERIEURS Lot de 6 gobelets à eau",
    "full_description": "Sobres et intemporels. Les 6 gobelets à eau Manille s’invitent sur toutes les tables, en toutes circonstances. Et si on trinquait ? /n Description /n  •  En verre /n  •  Vendus par lot de 6 /n Dimensions /n  •  Diamètre : 6,3 cm /n  •  Hauteur : 10,4 cm /n Entretien /n  •  Compatibles lave-vaisselle et incompatibles micro-ondes/n ",
    "categorie": "set_de_verrerie",
    "id": 22
  },
  {
    "photo": "https://cdn.laredoute.com/products/1/3/9/139e5ad1e396718f47ad0473dd8b6c73.jpg?imgopt=twic&twic=v1/cover=250x250",
    "prix": "65.00",
    "titre": "Lot 4 verres M, Table nomade design",
    "full_description": "Issus de la collection Table nomade de Paola Navone. Lot de 4 verres M, Table nomade design Paola Navone en verre recyclé dans lequel sont emprisonnées de petites bulles d’air. Ils reflètent à merveille l’art verrier turque. /n Une création artisanale du designer pour Serax. Chaque pièce est unique.  /n Description /n  •  En verre recyclé /n  •  Fabrication artisanale /n  •  Vendus en lot de 4 /n Dimensions /n  •  Diamètre : 9,5 cm /n  •  Hauteur : 11,5 cm /n  •  Contenance : 25 cl /n Entretien  /n  •  Compatibles lave-vaisselle /n Dimensions et poids du colis /n  •  1 colis /n  •  L25,3 x H24,8 x P16,9 cm,  0 kg. /n",
    "categorie": "set_de_verrerie",
    "id": 23
  },
  {
    "photo": "https://cdn.laredoute.com/products/3/1/8/318b10c89cd70f31989477929a579249.jpg?imgopt=twic&twic=v1/cover=250x250",
    "prix": "79.00",
    "titre": "AM.PM Lot 4 verres à vin",
    "full_description": "Portant la griffe de Stefan Boxy, en collaboration avec Serax, ce lot de 4 verres à vin, Take Time design Stephan Boxy évoque, dans nos souvenirs, les grands hôtels d’autrefois et leur standing indémodable. /n Ce lot de verres à vin rouge Boxy’s est issu de la collection Take Time. /nDescription /n  •  En verre /n  •  Vendus en lot de 4 /n Dimensions /n  •  Diamètre : 9,5 cm /n  •  Hauteur : 13 cm /n  •  Contenance : 25 cl /n Entretien  /n  •  Compatibles lave-vaisselle /n Dimensions et poids du colis /n  •  1 colis /n  •  L24,5 x H24,1 x P18,9 cm,  0 kg. /n",
    "categorie": "set_de_verrerie",
    "id": 24
  },
  {
    "photo": "https://cdn.laredoute.com/products/7/a/3/7a3d259c02e104ed2d68eb8e48d25470.jpg?imgopt=twic&twic=v1/cover=250x250",
    "prix": "89.00",
    "titre": "AM.PM Lot de  6 verres à Whisky",
    "full_description": "Cet ensemble de 6 verres à Whisky Quaderni est fabriqué en Italie. Toutes en finesse, les lignes blanches s'entremêlent et s'assemblent à la manière des échiquiers.  /n Visuels, ces verres apportent élégance et sophistication aux tables de fêtes. /n Description /n  •  En verre, motif fantaisie /n  •  Vendus par lot de 6 /n Dimensions /n  •  Diamètre : 28 cm /n  •  Hauteur : 8,5 cm /n  •  Contenance : 29 cl /n",
    "categorie": "set_de_verrerie",
    "id": 25
  },
  {
    "photo": "https://cdn.laredoute.com/products/0/b/6/0b6ff3d031d2bddc452be3d23f6d738e.jpg?imgopt=twic&twic=v1/cover=250x250",
    "prix": "49.99",
    "titre": "LA REDOUTE INTERIEURS Lot  de 6 verres",
    "full_description": "Les 6 verres Rigato adoptent le raffinement d'un motif strié. /n Description /n  •  En verre strié /n  •  Vendus par lot de 6 /n Dimensions /n  •  Diamètre : 7,4 cm /n •  Hauteur : 10 cm /n  •  Contenance : 23 cl /n Entretien /n  •  Compatibles lave-vaisselle /n",
    "categorie": "set_de_verrerie",
    "id": 26
  },
  {
    "photo": "https://cdn.laredoute.com/products/b/f/0/bf0e493f74a271ebbe57fa459f8bf3ea.jpg?imgopt=twic&twic=v1/cover=250x250",
    "prix": "32.99",
    "titre": "LA REDOUTE INTERIEURS Lot de 2 coupes à champagne",
    "full_description": "Les 2 coupes à champagne Rigato adoptent le raffinement d'un motif strié. /n Description /n  •  En verre strié /n  •  Vendus par lot de 2 /n Dimensions /n  •  Diamètre : 11 cm /n  •  Hauteur : 14 cm /n  •  Contenance : 23 cl /n Entretien /n  •  Compatibles lave-vaisselle /n",
    "categorie": "set_de_verrerie",
    "id": 27
  },
  {
    "photo": "https://cdn.laredoute.com/products/7/1/5/715b7f954bfb389fe76e2dcd406b9ac2.jpg?imgopt=twic&twic=v1/cover=250x250",
    "prix": "29.99",
    "titre": "LA REDOUTE INTERIEURS Lot de 6 verres à whisky en verre Alivio",
    "full_description": "Des gobelets à whisky en verre reliefé rien de tel pour mettre en valeur vos meilleurs malts ! /n Description /n  •  En verre reliefé /n  •  Vendues par lot de 6 /n Dimensions /n  •  Diamètre : 8 cm /n  •  Hauteur : 10 cm /n  •  Contenance : 30 cl /n Entretien  /n  •  Compatibles lave-vaisselle /n",
    "categorie": "set_de_verrerie",
    "id": 28
  },
  {
    "photo": "https://cdn.laredoute.com/products/e/9/7/e975e9b883d027ff04ee9106df92f302.jpg?imgopt=twic&twic=v1/cover=250x250",
    "prix": "25.99",
    "titre": "LA REDOUTE INTERIEURS Lot 4 verres à base tressée",
    "full_description": "Le lot de 4 verres à eau La Redoute Intérieurs. Surfez sur la tendance 100% nature avec ces 4 verres Qualimna au superbe aspect authentique./n Description /n  •  Tressage naturel amovible /n  •  Entretien : retirer la base en tressage avant de passer le verre au lave-vaisselle /n Dimensions /n  •  8 x 9,5 cm /n •  Capacité : 250 ml /n",
    "categorie": "set_de_verrerie",
    "id": 29
  },
  {
    "photo": "https://cdn.laredoute.com/products/f/e/6/fe697d7465c74e4605851e7c8a3c23ae.jpg?imgopt=twic&twic=v1/cover=250x250",
    "prix": "24.99",
    "titre": "LA REDOUTE INTERIEURS Lot 4 verres à cognac",
    "full_description": "Sobres, épurés, contemporains. Les verres Alak aiment autant les apéritifs entre amis que les repas quotidiens. /n     Description /n  •  En verre  /n  •  Vendus par lot de 4 /n Dimensions /n  •  Largeur : 6 cm /n  •  Hauteur : 13 cm /n  •  Contenance : 40 cl  /n Entretien  /n Compatibles lave-vaisselle et incompatibles micro-ondes /n",
    "categorie": "set_de_verrerie",
    "id": 30
  },
  {
    "photo": "https://cdn.laredoute.com/products/3/5/4/354f963b1d840d406a759937d7933be3.jpg?imgopt=twic&twic=v1/cover=250x250",
    "prix": "35.99",
    "titre": "LA REDOUTE INTERIEURS Lot 6 verres à eau alvéoles",
    "full_description": "Les 6 verres à eau, décor alvéoles, Cohani : élégance d'un verre travaillé pour une table raffinée. /n Description /n  •  Verre pressé, très résistant /n  •  Décor alvéoles en relief /n  •  Contenance 31,5 cl /n  •  Diamètre 8,3 x Hauteur 12,6 cm /n  •  Compatible avec le lave-vaisselle /n  •  Fabrication française /n",
    "categorie": "set_de_verrerie",
    "id": 31
  },
  {
    "photo": "https://cdn.laredoute.com/products/c/e/2/ce26b0247bd015fd38d921a72f88042e.jpg?imgopt=twic&twic=v1/cover=250x250",
    "prix": "22.99",
    "titre": "LA REDOUTE INTERIEURS Lot de 4 verres à liqueur",
    "full_description": "Sobres, épurés, contemporains. Les verres Alak aiment autant les apéritifs entre amis que les repas quotidiens. /n Description /n  •  En verre /n  •  Vendus par lot de 4 /n Dimensions /n  •  Diamètre : 4.2 cm /n  •  Hauteur : 7.1 cm /n  •  Contenance : 00 cl  /n Entretien  /n  •  Compatible lave-vaisselle et incompatible micro-ondes /n ",
    "categorie": "set_de_verrerie",
    "id": 32
  },
  {
    "photo": "https://cdn.laredoute.com/products/3/4/0/340797b63e12cb9297e9a8024ddeaf31.jpg?imgopt=twic&twic=v1/cover=250x250",
    "prix": "39.99",
    "titre": "LA REDOUTE INTERIEURS Lot 6 verres à eau décor",
    "full_description": "Les 6 verres à eau en verre, décor abeilles : élégance d'un verre travaillé pour une table raffinée. /n Description /n  •  Verre pressé, très résistant :n  •  Décoré de 4 abeilles :n  •  Contenance 27 cl /n  •  Diamètre 9 x Hauteur 10,30 cm /n  •  Compatible avec le lave-vaisselle /n  •  Fabrication française /n",
    "categorie": "set_de_verrerie",
    "id": 33
  },
  {
    "photo": "https://cdn.laredoute.com/products/2/1/4/2141fe1367f694bc4e59b801da87acbe.jpg?imgopt=twic&twic=v1/cover=250x250",
    "prix": "39.99",
    "titre": "LA REDOUTE INTERIEURS Lot de 6 verres",
    "full_description": "Les 6 verres à eau en verre, décor abeilles : élégance d'un verre travaillé pour une table raffinée.  /n Fabriqués en France. /n Description /n  •  Verre pressé, très résistant /n  •  Décoré de 4 abeilles /n Entretien /n  •  Compatible lave-vaisselle /n  •  incompatible micro-ondes /n Dimensions /n  •  Diamètre : 9 cm /n  •  Hauteur : 10,3 cm /n  •  Contenance 270 ml /n ",
    "categorie": "set_de_verrerie",
    "id": 34
  },
  {
    "photo": "https://cdn.laredoute.com/products/2/c/4/2c4766af5090f25a564c29f83a8a8702.jpg?imgopt=twic&twic=v1/cover=250x250",
    "prix": "37.99",
    "titre": "LA REDOUTE INTERIEURS Lot de 6 verres",
    "full_description": "Pure merveille pour ces verres à eau gravés de plis verticaux. Design intemporel et verre transparent, ils subliment toutes les tables ! Description /n  •  Verre transparent /n  •  Verre gravé de plis verticaux /n  •  Lot de 6 /n Entretien : /n  •  Compatible lave-vaisselle :n  •  incompatible micro-ondes /n Dimensions /n  •  Diamètre : 7,8 cm  /n  •  Hauteur : 9,8 cm /n  •  Contenance 260 ml /n",
    "categorie": "set_de_verrerie",
    "id": 35
  },
  {
    "photo": "https://cdn.laredoute.com/products/1/c/c/1cc72541d367308445b0955e48965aa9.jpg?imgopt=twic&twic=v1/cover=250x250",
    "prix": "44.99",
    "titre": "LA REDOUTE INTERIEURS Lot 6 flutes",
    "full_description": "Joliement gravé. Avec son motif élégant, frais et original, Eulalie apportera une touche de fantaisie à votre table. Une création La Redoute Intérieurs. /n Description /n  •  En verre /n  •  3 motifs différents /n Dimensions /n  •  Diamètre : 4.7 cm /n  •  Hauteur : 24 cm /n Entretien /n  •  Compatibles lave-vaisselle et incompatible micro-ondes /n",
    "categorie": "set_de_verrerie",
    "id": 36
  },
  {
    "photo": "https://cdn.laredoute.com/products/6/0/a/60a91d3181539042a5731d7be774b611.jpg?imgopt=twic&twic=v1/cover=250x250",
    "prix": "39.99",
    "titre": "LA REDOUTE INTERIEURS Lot de 4 verres à whisky",
    "full_description": "Ligne classique et élégante, verre transparent, motif ciselé... ce lot de 6 verres est idéal pour déguster whisky et alcools. /n Description /n  •  Verre ciselé /n  •  Vendus en lot de 4 /n Dimensions /n  •  Diamètre : 8,5 cm  /n  •  Hauteur : 10 cm /n Entretien  /n  •  Compatibles lave-vaisselle, incompatibles micro-ondes /n",
    "categorie": "set_de_verrerie",
    "id": 37
  },
  {
    "photo": "https://cdn.laredoute.com/products/4/3/6/436c6f90d0dbbc81f1df67cb0aa56ffe.jpg?imgopt=twic&twic=v1/cover=250x250",
    "prix": "36.99",
    "titre": "LA REDOUTE INTERIEURS Lot de 6 verres à pied",
    "full_description": "Sobres et intemporels. Les 6 verres à pied Manille s’invitent sur toutes les tables, en toutes circonstances. Et si on trinquait ? /n Description /n  •  En verre /n  •  Vendus par lot de 6 /n Dimensions /n  •  Diamètre : 8 cm /n  •  Hauteur : 10 cm /n Entretien /n  •  Compatibles lave-vaisselle et incompatibles micro-ondes /n",
    "categorie": "set_de_verrerie",
    "id": 38
  },
  {
    "photo": "https://cdn.laredoute.com/products/1/c/a/1caa1295c6fe84e02b51c4613f725268.jpg?imgopt=twic&twic=v1/cover=250x250",
    "prix": "29,99€",
    "titre": "LA REDOTE INTERIEURS Lot de 4 verres à bière 25cl",
    "full_description": "Sobres, épurés, contemporains. Les verres Alak aiment autant les apéritifs entre amis que les repas quotidiens.",
    "caracteristiques": {
      "Diamètre": "7.2 cm",
      "hauteur": "11 cm",
      "Contenance": "25cm"
    },
    "categorie": "set_de_verrerie",
    "id": 39
  }
]