[
  {
    "photo": "https://www.alinea.com/fstrz/r/s/www.alinea.com/dw/image/v2/BCKM_PRD/on/demandware.static/-/Sites-ali_master/default/dw8a7be9d3/images/27177242/PLATEAU-ESTUBA-27177242-F-1.jpg?sw=982&sh=982&sm=fit&sfrm=png&bgcolor=eef1eb&frz-v=75",
    "prix": "40.00",
    "titre": "Estuba Plateau en manguier L43cm - multicolore ",
    "full_description": "Plateau coloré /n Savourez un moment de douceur et de partage autour de ce plateau. Sa structure en manguier revêtue d'un émail multicolore avec ses jolis motifs en fait une belle pièce de déco robuste. Tendresse et délicatesse seront au rendez-vous pour un instant cocooning avec ce plateau repas. /n",
    "caracteristiques": {
      "Couleur": "Bleu",
      "Composition": "Bois de manguier et émail.",
      "Largeur": "32 cm",
      "Longueur": "43 cm"
    },
    "categorie": "plateau",
    "id": 0
  },
  {
    "photo": "https://www.alinea.com/fstrz/r/s/www.alinea.com/dw/image/v2/BCKM_PRD/on/demandware.static/-/Sites-ali_master/default/dwf5ac8a57/images/26509129/PLATEAU-SEGUR-26509129-F-1.jpg?sw=982&sh=982&sm=fit&sfrm=png&bgcolor=eef1eb&frz-v=75",
    "prix": "12.00",
    "titre": "Segur Plateau en bois 27 cm",
    "full_description": "Douce teinte /n Ce plateau en bois clair sera idéal pour un moment de détente sur votre canapé. Il vous invite à un moment de répit et de calme. Vous pourrez profiter d'un plateau repas dans une ambiance douce et chaleureuse. Vous pourrez aussi détourner son usage et vous en servir pour disposer des bougies en décoration. /n",
    "caracteristiques": {
      "Couleur": "Bois",
      "Composition": "Bois clair",
      "Largeur": "27 cm",
      "Longueur": "20 cm"
    },
    "categorie": "plateau",
    "id": 1
  },
  {
    "photo": "https://www.alinea.com/fstrz/r/s/www.alinea.com/dw/image/v2/BCKM_PRD/on/demandware.static/-/Sites-ali_master/default/dwc4a29243/images/27317440/PLATEAU-SAULE-27317440-F-1.jpg?sw=982&sh=982&sm=fit&sfrm=png&bgcolor=eef1eb&frz-v=75",
    "prix": "28.00",
    "titre": "Saule Plateau carré en bois L39xl39cm - noir ",
    "full_description": "Design naturel et chic /n Un plateau carré en bois de saule et de couleur noire qui dévoile un style naturel et empreint d'élégance. Il vous sera utile pour servir vos boissons et plats à table ou le petit-déjeuner au lit. Ses anses intégrées vous permettent de jouir d'une meilleure prise en main. Ce plateau opte pour un design tout en rondeurs pour une note de charme. Vous pouvez la poser sur la table afin d'embellir votre déco et le détourner de sa fonction en y déposant des bocaux d'épices, sel et poivre par exemple. /n ",
    "caracteristiques": {
      "Couleur": "Noir",
      "Composition": "Bois de saule",
      "Largeur": "39 cm",
      "Longueur": "39 cm"
    },
    "categorie": "plateau",
    "id": 2
  },
  {
    "photo": "https://www.alinea.com/fstrz/r/s/www.alinea.com/dw/image/v2/BCKM_PRD/on/demandware.static/-/Sites-ali_master/default/dwa4f4d667/images/27317679/PLATEAU-SAULE-27317679-F-1.jpg?sw=982&sh=982&sm=fit&sfrm=png&bgcolor=eef1eb&frz-v=75",
    "prix": "30.00",
    "titre": "Saule Plateau rectangle en bois L45xl36cm - naturel ",
    "full_description": "Design naturel et chic /n Un plateau en bois de saule arborant un coloris naturel et qui présente un style empreint d'élégance et de charme. Il est pratique pour servir vos boissons et plats à table ou le petit-déjeuner au lit. Ses anses intégrées vous permettent de le prendre en main aisément. Ce plateau affiche un design tout en rondeurs et plein de douceur. Posé dans votre cuisine, il apportera une touche de déco à la pièce. La gamme Saule se compose de plusieurs pièces, afin de créer un bel ensemble. Ce plateau existe en blanc et en noir. /n",
    "caracteristiques": {
      "Couleur": "Naturel",
      "Composition": "Bois de saule",
      "Largeur": "36 cm",
      "Longueur": "45 cm"
    },
    "categorie": "plateau",
    "id": 3
  },
  {
    "photo": "https://www.alinea.com/fstrz/r/s/www.alinea.com/dw/image/v2/BCKM_PRD/on/demandware.static/-/Sites-ali_master/default/dwcf683a1a/images/26509044/PLATEAU-VAISON-26509044-F-1.jpg?sw=982&sh=982&sm=fit&sfrm=png&bgcolor=eef1eb&frz-v=75",
    "prix": "40.00",
    "titre": "Vaison Plateau en bois noir 35,6x50,8cm ",
    "full_description": "Design naturel /n Un plateau rectangulaire en bois noir qui dévoile un style naturel et empreint de délicatesse et qui vous permettra de servir vos boissons à table ou le petit-déjeuner au lit. Avec ses anses intégrées pour une meilleure prise en main, ce plateau opte pour un design tout en rondeurs pour une note de charme. Placé sur la table il enrichit votre décoration et vous pourrez le détourner de sa fonction en y déposant des bocaux d'épices, sel et poivre par exemple. /n",
    "caracteristiques": {
      "Couleur": "Noir",
      "Composition": "Bois",
      "Largeur": "50.8 cm",
      "Longueur": "35,6 cm"
    },
    "categorie": "plateau",
    "id": 4
  },
  {
    "photo": "https://www.alinea.com/fstrz/r/s/www.alinea.com/dw/image/v2/BCKM_PRD/on/demandware.static/-/Sites-ali_master/default/dw3d4c708c/images/27317693/PLATEAU-SAULE-27317693-F-1.jpg?sw=982&sh=982&sm=fit&sfrm=png&bgcolor=eef1eb&frz-v=75",
    "prix": "35.00",
    "titre": "Saule Plateau en bois L44xl33cm - naturel ",
    "full_description": "Design naturel et chic /n Optez pour ce joli plateau en bois de saule de couleur naturelle et empreint d'élégance. Il est pratique pour servir vos boissons et plats à table ou le petit-déjeuner au lit. Ses anses intégrées vous permettent de le prendre en main aisément et ses bords relevés permettent une stabilité de ce que vous y poserez. Ses bords lui procurent aussi un aspect unique et design. Posé dans votre cuisine, ce plateau apportera une vraie touche de déco à la pièce. /n ",
    "caracteristiques": {
      "Couleur": "Naturel",
      "Composition": "Bois de saule ",
      "Largeur": "33,5 cm cm",
      "Longueur": "44,5  cm"
    },
    "categorie": "plateau",
    "id": 5
  },
  {
    "photo": "https://www.alinea.com/fstrz/r/s/www.alinea.com/dw/image/v2/BCKM_PRD/on/demandware.static/-/Sites-ali_master/default/dw57f43386/images/26990620/plateau-KARNAK-26990620-F-1.jpg?sw=982&sh=982&sm=fit&sfrm=png&bgcolor=eef1eb&frz-v=75",
    "prix": "20.00",
    "titre": "Karnak Plateau rectangulaire en grès - jaune 36x22xH2cm  ",
    "full_description": "Nuance solaire /n Ce plateau en grès nous transporte au coeur d'un désert Egyptien pour faire entrer le soleil de l'été dans vos intérieurs. Sa couleur lumineuse apporte de la chaleur sur votre table de repas. Vos aliments seront mis en valeur par l'authenticité et la naturalité de cette gamme Karnak. Ce joli plateau teinté d'exostime fera de votre décoration de table, une déco harmonieuse et chaleureuse. Vous pourrez l'associer aux assiettes et coupelles pour completer et embellir votre table. /n",
    "caracteristiques": {
      "Couleur": "Jaune",
      "Composition": "Grès",
      "Largeur": "26 cm",
      "Longueur": "36  cm"
    },
    "categorie": "plateau",
    "id": 6
  },
  {
    "photo": "https://www.alinea.com/fstrz/r/s/www.alinea.com/dw/image/v2/BCKM_PRD/on/demandware.static/-/Sites-ali_master/default/dwfa636ea4/images/27317686/PLATEAU-SAULE-27317686-F-1.jpg?sw=982&sh=982&sm=fit&sfrm=png&bgcolor=eef1eb&frz-v=75",
    "prix": "35.00",
    "titre": "Saule Plateau ovale en bois L46xl41cm - naturel ",
    "full_description": "Design naturel et chic /n Découvrez ce plateau ovale en bois de saule présentant un coloris naturel et arborant un style naturel et empreint d'élégance. Il est pratique pour servir vos boissons et plats à table ou le petit-déjeuner au lit. Ses anses intégrées vous permettent de facilement le prendre en main. Ce plateau affiche un design tout en rondeurs pour une note de charme unique. Détournez sa fonction en y déposant des bocaux d'épices, sel et poivre et posez-le dans votre cuisine, il apportera une touche de déco à la pièce. Ce plateau existe dans d'autres coloris. /n",
    "caracteristiques": {
      "Couleur": "Naturel",
      "Composition": "Grès",
      "Largeur": "41 cm",
      "Longueur": "46  cm"
    },
    "categorie": "plateau",
    "id": 7
  },
  {
    "photo": "https://www.alinea.com/fstrz/r/s/www.alinea.com/dw/image/v2/BCKM_PRD/on/demandware.static/-/Sites-ali_master/default/dwb9a71748/images/27317495/PLATEAU-SAULE-27317495-F-1.jpg?sw=982&sh=982&sm=fit&sfrm=png&bgcolor=eef1eb&frz-v=75",
    "prix": "Saule Plateau rectangle en bois L45xl36cm - blanc ",
    "titre": "30.00",
    "full_description": "Design naturel et chic /n Un plateau en bois de saule arborant un coloris blanc et qui présente un style empreint d'élégance et de charme. Il est pratique pour servir vos boissons et plats à table ou le petit-déjeuner au lit. Ses anses intégrées vous permettent de le prendre en main aisément. Ce plateau affiche un design tout en rondeurs et plein de douceur. Posé dans votre cuisine, il apportera une touche de déco à la pièce. La gamme Saule se compose de plusieurs pièces, afin de créer un bel assortiment. Ce plateau existe dans deux autres coloris. /n",
    "caracteristiques": {
      "Couleur": "Blanc",
      "Composition": "Bois de saule",
      "Largeur": "36 cm",
      "Longueur": "45  cm"
    },
    "categorie": "plateau",
    "id": 8
  },
  {
    "photo": "https://www.alinea.com/fstrz/r/s/www.alinea.com/dw/image/v2/BCKM_PRD/on/demandware.static/-/Sites-ali_master/default/dw4564e1a8/images/27317556/Plateau-DORO-27317556-F-1.jpg?sw=982&sh=982&sm=fit&sfrm=png&bgcolor=eef1eb&frz-v=75",
    "prix": "15.00",
    "titre": "Doro Plateau en bois - naturel 20x32cm ",
    "full_description": "Plateau en bois /n Ce grand plateau en bois est un accessoire de charme pour votre salle de bain. L'hévéa, une essence aux fines veinures et à la teinte claire, est creusé pour créer des espaces. Placez sur un meuble de votre choix afin de poser délicatement et compartimenter vos accessoires et produits d'hygiène. Avec le plateau en bois Doro, obtenez un rangement supplémentaire qui s'avère aussi être un bel élément de déco pour votre douche /n",
    "caracteristiques": {
      "Couleur": "Bois clair ",
      "Composition": "100% bois hévéa",
      "Largeur": "20 cm",
      "Longueur": "32  cm"
    },
    "categorie": "plateau",
    "id": 9
  },
  {
    "photo": "https://www.alinea.com/fstrz/r/s/www.alinea.com/dw/image/v2/BCKM_PRD/on/demandware.static/-/Sites-ali_master/default/dw6a1f5b7f/images/26628158/PLATEAU-CARRE-FLORA-26628158-F-1.jpg?sw=982&sh=982&sm=fit&sfrm=png&bgcolor=eef1eb&frz-v=75",
    "prix": "15.00",
    "titre": "Flora Plateau carré en bois de noyer - marron 20x20cm ",
    "full_description": "Bois sombre /n Par habitude, les plateaux sont de bois clair. Sortez de l'ordinaire avec le plateau carré en bois de noyer foncé. Utilisez le comme plateau TV, plateau à fruits ou simplement en objet de décoration. /n",
    "caracteristiques": {
      "Couleur": "Marron noisette",
      "Composition": "Bois de noyer",
      "Largeur": "20 cm",
      "Longueur": "20 cm"
    },
    "categorie": "plateau",
    "id": 10
  },
  {
    "photo": "https://www.alinea.com/fstrz/r/s/www.alinea.com/dw/image/v2/BCKM_PRD/on/demandware.static/-/Sites-ali_master/default/dw3a6c1905/images/27317488/PLATEAU-SAULE-27317488-F-1.jpg?sw=982&sh=982&sm=fit&sfrm=png&bgcolor=eef1eb&frz-v=75",
    "prix": "32.00",
    "titre": "Saule Plateau en bois L44xl33cm - blanc ",
    "full_description": "Design naturel et chic /n Optez pour ce joli plateau en bois de saule de couleur blanche et empreint d'élégance. Il est pratique pour servir vos boissons et plats à table ou le petit-déjeuner au lit. Ses anses intégrées vous permettent de facilement le prendre en main et ses bords relevés permettent de bien stabiliser ce que vous y poserez. Ses bords lui procurent aussi un aspect unique et design.Dans votre cuisine, ce plateau trouvera aisément sa place sera un bel élément de déco pour la pièce. /n",
    "caracteristiques": {
      "Couleur": "Blanc",
      "Composition": "Bois de saule",
      "Largeur": "34 cm",
      "Longueur": "44,5 cm"
    },
    "categorie": "plateau",
    "id": 11
  },
  {
    "photo": "https://www.alinea.com/fstrz/r/s/www.alinea.com/dw/image/v2/BCKM_PRD/on/demandware.static/-/Sites-ali_master/default/dw17f0cbe6/images/27317457/PLATEAU-SAULE-27317457-F-1.jpg?sw=982&sh=982&sm=fit&sfrm=png&bgcolor=eef1eb&frz-v=75",
    "prix": "32.00",
    "titre": "Saule Plateau en bois L44xl33cm - noir ",
    "full_description": "Design naturel et chic /n Optez pour ce joli plateau en bois de saule de couleur noire et empreint d'élégance. Il est pratique pour servir vos boissons et plats à table ou le petit-déjeuner au lit. Ses anses intégrées vous permettent de facilement le prendre en main et ses bords relevés permettent de bien stabiliser ce que vous y poserez. Ses bords lui procurent aussi un aspect unique et design. Posé dans votre cuisine, ce plateau apportera d'une couleur intemporelle s'avère être une vraie touche de déco pour la pièce. /n",
    "caracteristiques": {
      "Couleur": "Noir",
      "Composition": "Bois de saule",
      "Largeur": "33,5 cm",
      "Longueur": "44,5 cm"
    },
    "categorie": "plateau",
    "id": 12
  },
  {
    "photo": "https://www.alinea.com/fstrz/r/s/www.alinea.com/dw/image/v2/BCKM_PRD/on/demandware.static/-/Sites-ali_master/default/dw2a760935/images/27317471/PLATEAU-SAULE-27317471-F-1.jpg?sw=982&sh=982&sm=fit&sfrm=png&bgcolor=eef1eb&frz-v=75",
    "prix": "32.00",
    "titre": "Saule Plateau ovale en bois L46xl41cm - noir ",
    "full_description": "Design naturel et chic /n Un plateau ovale en bois de saule arborant un coloris noir et qui présente un style naturel et empreint d'élégance. Il est pratique pour servir vos boissons et plats à table ou le petit-déjeuner au lit. Ses anses intégrées vous permettent de le prendre en main aisément. Ce plateau affiche un design tout en rondeurs pour une note de charme unique. Détournez sa fonction en y déposant des bocaux d'épices, sel et poivre et posez-le dans votre cuisine, il apportera une touche de déco à la pièce. /n",
    "caracteristiques": {
      "Couleur": "Noir",
      "Composition": "Bois de saule",
      "Largeur": "41 cm",
      "Longueur": "46 cm"
    },
    "categorie": "plateau",
    "id": 13
  },
  {
    "photo": "https://www.alinea.com/fstrz/r/s/www.alinea.com/dw/image/v2/BCKM_PRD/on/demandware.static/-/Sites-ali_master/default/dwc6ad2cbd/images/27317464/PLATEAU-SAULE-27317464-F-1.jpg?sw=982&sh=982&sm=fit&sfrm=png&bgcolor=eef1eb&frz-v=75",
    "prix": "30.00",
    "titre": "Saule Plateau rectangle en bois L45xl36cm - noir ",
    "full_description": "Design naturel et chic /n Un plateau en bois de saule arborant un coloris noir et qui présente un style naturel et empreint d'élégance. Il est pratique pour servir vos boissons et plats à table ou le petit-déjeuner au lit. Ses anses intégrées vous permettent de le prendre en main aisément. Ce plateau affiche un design tout en rondeurs pour une note de charme unique. Posé dans votre cuisine, il apportera une touche de déco à la pièce. /n",
    "caracteristiques": {
      "Couleur": "Noir",
      "Composition": "Bois de saule",
      "Largeur": "45 cm",
      "Longueur": "36 cm"
    },
    "categorie": "plateau",
    "id": 14
  },
  {
    "photo": "https://www.alinea.com/fstrz/r/s/www.alinea.com/dw/image/v2/BCKM_PRD/on/demandware.static/-/Sites-ali_master/default/dw86b612f3/images/27235522/PLATEAU-STECCU-27235522-A-1.jpg?sw=982&sh=982&sm=fit&sfrm=png&bgcolor=eef1eb&frz-v=75",
    "prix": "36.00",
    "titre": "Steccu Plateau de présentation rond en acacia - marron D27cm",
    "full_description": "Plateau de présentation chic/n Lors de repas ou moments de partage avec vos proches, vous préparez un apéritif avec de savoureuses mises en bouche. Bien que délicieux, il est essentiel de les mettre en valeur afin d'éveiller l'appétit de vos convives. Cette planche de présentation en acacia accompagnée de sa cloche en verre est donc le plat idéal à cet effet. Sa matière et son coloris lui procurent un charme naturel. La cloche tout en transparence laisse apparaître ce qui est proposé et permet aussi de conserver les aliments. Régalez les papilles et les pupilles de vos invités. /n",
    "caracteristiques": {
      "Couleur": "Marron",
      "Composition": "Bois d'acacia",
      "Hauteur": "17,5 cm",
      "Diamètre": "27 cm"
    },
    "categorie": "plateau",
    "id": 15
  },
  {
    "photo": "https://www.alinea.com/fstrz/r/s/www.alinea.com/dw/image/v2/BCKM_PRD/on/demandware.static/-/Sites-ali_master/default/dw4b1d080c/images/27235744/PLANCHE-BOSCU-27235744-F-1.jpg?sw=982&sh=982&sm=fit&sfrm=png&bgcolor=eef1eb&frz-v=75",
    "prix": "18.00",
    "titre": "Boscu plateau de présentation en bois de manguier - marron 30,5x29cm",
    "full_description": "Plateau de présentation naturelle  /n Afin de mettre en valeur vos préparations culinaires telles que les mignardises lors d'apéritifs, optez pour cette belle planche de présentation en bois de manguier. Vous pouvez bien évidemment, aussi vous en servir pour présenter vos plats. Ainsi, vous éveillerez l'appétit de vos convives en leur présentant votre repas avec charme. Un délice pour les yeux et les papilles./n ",
    "caracteristiques": {
      "Couleur": "Marron",
      "Composition": "Bois de manguier",
      "Longueur": "29 cm",
      "Largeur": "30,5 cm"
    },
    "categorie": "plateau",
    "id": 16
  },
  {
    "photo": "https://www.alinea.com/fstrz/r/s/www.alinea.com/dw/image/v2/BCKM_PRD/on/demandware.static/-/Sites-ali_master/default/dw1802efc6/images/26628134/PLATEAU-RECTANGLE-FLORA-26628134-F-1.jpg?sw=982&sh=982&sm=fit&sfrm=png&bgcolor=eef1eb&frz-v=75",
    "prix": "25.00",
    "titre": "Flora Plateau en bois de chêne 35cm",
    "full_description": "Collection rustique /n La collection Flora a ce petit côté rustique ressortant au travers le bois de chêne. Mélanger ce plateau rectangulaire au petit plateau rond et à la boite ovale pour une parfaite harmonie. /n",
    "caracteristiques": {
      "Couleur": "Bois clair",
      "Composition": "Bois de chêne",
      "Longueur": "35 cm",
      "Largeur": "15 cm"
    },
    "categorie": "plateau",
    "id": 17
  }
]