[
  {
    "photo": "https://www.alinea.com/fstrz/r/s/www.alinea.com/dw/image/v2/BCKM_PRD/on/demandware.static/-/Sites-ali_master/default/dwc5ba89e4/images/27299906/SET-SARGAN-27299906-F-1.jpg?sw=982&sh=982&sm=fit&sfrm=png&bgcolor=eef1eb&frz-v=75",
    "prix": "10.00",
    "titre": "Sargan Lot de 2 sets de table moti",
    "full_description": "Ce lot de deux sets de table en coton est idéal pour amener une touche de nature et de verdure dans votre cuisine ou votre salle à manger. Joliment disposés sur une nappe blanche, ils donneront du relief à votre dressage grâce à leurs motifs qui représentent des feuilles d'agave, une plante grasse qui poussent sous des climats très chauds comme ceux de l'île Minorque. Pour look épuré qui rappelle les paysages splendides des Baléares, cet archipel au large de l'Espagne en pleine Méditerranée, posez-les directement sur une grande table en bois.",
    "caractersitque": {
      "Couleur": "Vert",
      "Composition": "100% coton",
      "Longueur": "35 cm",
      "Largeur": "48 cm"
    },
    "categorie": "serviette_de_table",
    "id": 0
  },
  {
    "photo": "https://www.alinea.com/fstrz/r/s/www.alinea.com/dw/image/v2/BCKM_PRD/on/demandware.static/-/Sites-ali_master/default/dwc67a996e/images/26767963/SET-DE-TABLE-MEDINE-26767963-A-1.jpg?sw=982&sh=982&sm=fit&sfrm=png&bgcolor=eef1eb&frz-v=75",
    "prix": "50.40",
    "titre": "Medine de table en coton blanc et noir 36x48 cm",
    "full_description": "Jouez de l'effet d'optique retranscrit par ce set de table en coton. Les fines lignes noires brodées créées un effet de grandeur pour mettre en avant un bon plat fait maison. Restez dans les ces couleurs essentielles ou brisez ce classique en choisissant une vaisselle éclatante de couleur.",
    "caractersitque": {
      "Couleur": "Blanc",
      "Composition": "100% coton",
      "Longueur": "36 cm",
      "Largeur": "48 cm"
    },
    "categorie": "serviette_de_table",
    "id": 1
  },
  {
    "photo": "https://www.alinea.com/fstrz/r/s/www.alinea.com/dw/image/v2/BCKM_PRD/on/demandware.static/-/Sites-ali_master/default/dwf96baadb/images/27320419/SET-MALINI-27320419-F-1.jpg?sw=982&sh=982&sm=fit&sfrm=png&bgcolor=eef1eb&frz-v=75",
    "prix": "5.00",
    "titre": "Set de table en coton à motif floral blanc 35 x 48 cm",
    "full_description": "Ce joli set de table composé à 100% de coton habille votre table avec originalité. Sa douce teinte blanche et ses motifs floraux noirs mettent à l'honneur la nature et apportent du relief à votre intérieur. Il convient parfaitement pour créer une ambiance à la fois champêtre et élégante qui saura ravir vos convives et vos proches au quotidien tout protégeant votre meuble en bois ou en verre des tâches et des projections lors des repas. Délicatement disposé sur votre table, il apporte fraîcheur et originalité à votre décoration.",
    "caractersitque": {
      "Couleur": "Blanc",
      "Composition": "100% coton",
      "Longueur": "35 cm",
      "Largeur": "48 cm"
    },
    "categorie": "serviette_de_table",
    "id": 2
  },
  {
    "photo": "https://www.alinea.com/fstrz/r/s/www.alinea.com/dw/image/v2/BCKM_PRD/on/demandware.static/-/Sites-ali_master/default/dw8c36d2bf/images/27316658/SET-MALON-27316658-F-1.jpg?sw=982&sh=982&sm=fit&sfrm=png&bgcolor=eef1eb&frz-v=75",
    "prix": "6.00",
    "titre": "Malon Set de table en lin et coton 35x48 cm - vert ",
    "full_description": "Set de table de charme /n Un set de table en lin et coton qui dévoile un design empreint de douceur avec un coloris vert et un bel imprimé de thuya. On l'associe au chemin de table et aux serviettes de table de la même gamme pour créer un bel ensemble de linge de table tout en harmonie. Cette collection de textile est idéal pour créer une ambiance légère et généreuse lors de vos repas en famille ou entre amis et pour compléter avec charme votre dressage de table. Cette sélection convient particulièrement pour les fêtes de Noël. /n",
    "caractersitque": {
      "Couleur": "Vert",
      "Composition": "50% lin 50% coton",
      "Longueur": "35 cm",
      "Largeur": "48 cm"
    },
    "categorie": "serviette_de_table",
    "id": 3
  },
  {
    "photo": "https://www.alinea.com/fstrz/r/s/www.alinea.com/dw/image/v2/BCKM_PRD/on/demandware.static/-/Sites-ali_master/default/dw645b45ff/images/26600406/SET-DE-TABLE-VIGNE-26600406-F-1.jpg?sw=982&sh=982&sm=fit&sfrm=png&bgcolor=eef1eb&frz-v=75",
    "prix": "36.00",
    "titre": "Vigne Set de table en pvc rouge sumac 36x48 cm",
    "full_description": "Tendance unie /n On aime la couleur profonde et riche de ce set de table qui dévoile une teinte rouge sumac et un tressage original qui varie sur les bords. Son esthétique unie lui permet de mettre en valeur vos assiettes et on opte pour des assiettes plates à motifs pour dynamiser la décoration de table. Ce set de table se décline dans une palette de teintes très riches pour s'accorder à toutes vos envies. /n",
    "caractersitque": {
      "Couleur": "Rouge sumac",
      "Composition": "100% polyvinyl",
      "Longueur": "48 cm",
      "Largeur": "36 cm"
    },
    "categorie": "serviette_de_table",
    "id": 4
  },
  {
    "photo": "https://www.alinea.com/fstrz/r/s/www.alinea.com/dw/image/v2/BCKM_PRD/on/demandware.static/-/Sites-ali_master/default/dw3d2712db/images/26600345/SET-DE-TABLE-VIGNE-26600345-F-1.jpg?sw=982&sh=982&sm=fit&sfrm=png&bgcolor=eef1eb&frz-v=75",
    "prix": "38.40",
    "titre": "Vigne Set de table en pvc blanc nougat 36x48cm",
    "full_description": "https://www.alinea.com/fstrz/r/s/www.alinea.com/dw/image/v2/BCKM_PRD/on/demandware.static/-/Sites-ali_master/default/dw3d2712db/images/26600345/SET-DE-TABLE-VIGNE-26600345-F-1.jpg?sw=982&sh=982&sm=fit&sfrm=png&bgcolor=eef1eb&frz-v=75",
    "caractersitque": {
      "Couleur": "Blanc Nougat",
      "Composition": "100% polyvinyl",
      "Longueur": "48 cm",
      "Largeur": "36 cm"
    },
    "categorie": "serviette_de_table",
    "id": 5
  },
  {
    "photo": "https://www.alinea.com/fstrz/r/s/www.alinea.com/dw/image/v2/BCKM_PRD/on/demandware.static/-/Sites-ali_master/default/dw0c7230c9/images/27312742/SET-SUDHA-27312742-F-1.jpg?sw=982&sh=982&sm=fit&sfrm=png&bgcolor=eef1eb&frz-v=75",
    "prix": "Sudha Set de table en coton à motif - bleu 35x48 cm",
    "titre": "5.00",
    "full_description": "Set de table à motif /n Sudha est un set de table en coton. Il présente un beau coloris bleu, orné de quelques losanges blancs, créant un motif irrégulier et charmant inspiré de l'Inde. Ce set de table bleu permet de donner du caractère à votre table tout en la protégeant. Il peut s'utiliser seul, ou bien être combiné à une nappe et un chemin de table. Ce linge de table de 35x48 cm passe aisément en machine : le point fort des sets de table en tissu ! /n",
    "caractersitque": {
      "Couleur": "Bleu",
      "Composition": "100% coton",
      "Longueur": "35 cm",
      "Largeur": "48 cm"
    },
    "categorie": "serviette_de_table",
    "id": 6
  },
  {
    "photo": "https://www.alinea.com/fstrz/r/s/www.alinea.com/dw/image/v2/BCKM_PRD/on/demandware.static/-/Sites-ali_master/default/dwefc9491b/images/27312643/SET-MALINI-27312643-F-1.jpg?sw=982&sh=982&sm=fit&sfrm=png&bgcolor=eef1eb&frz-v=75",
    "prix": "5.00",
    "titre": "Malini Set de table en coton à motif floral - vleu 35x48 cm",
    "full_description": "Une table d'inspiration nature  /n Ce joli set de table composé à 100% de coton habille votre table avec originalité. Sa douce teinte bleue et ses motifs floraux blancs mettent à l'honneur la nature et apportent du relief à votre intérieur. Il convient parfaitement pour créer une ambiance à la fois champêtre et élégante qui saura ravir vos convives et vos proches au quotidien tout protégeant votre meuble en bois ou en verre des tâches et des projections lors des repas. Délicatement disposé sur votre table, il apporte fraîcheur et originalité à votre décoration. /n",
    "caractersitque": {
      "Couleur": "Bleu",
      "Composition": "100% coton",
      "Longueur": "35 cm",
      "Largeur": "48 cm"
    },
    "categorie": "serviette_de_table",
    "id": 7
  },
  {
    "photo": "https://www.alinea.com/fstrz/r/s/www.alinea.com/dw/image/v2/BCKM_PRD/on/demandware.static/-/Sites-ali_master/default/dw14544075/images/27312667/SET-SHILA-27312667-F-1.jpg?sw=982&sh=982&sm=fit&sfrm=png&bgcolor=eef1eb&frz-v=75",
    "prix": "5.00",
    "titre": "Shila Set de table en coton à motif abstrait - blanc 35 x 48 cm",
    "full_description": "Style et originalité sur la table /n Apportez une touche de minéralité grâce à ce set de table en coton. Avec son coloris blanc parsemé de petits motifs abstraits dans les tons bleus avec une pointe de vert. Il donne à votre dressage du relief et de l'originalité. Un élément de linge de maison qui ajoute du style à votre table tout en étant très pratique. Vous pouvez l'associer à une belle vaiselle pour savourer un agréable repas en famille et avec vos invités. /n",
    "caractersitque": {
      "Couleur": "Blanc",
      "Composition": "100% coton",
      "Longueur": "35 cm",
      "Largeur": "48 cm"
    },
    "categorie": "serviette_de_table",
    "id": 8
  },
  {
    "photo": "https://www.alinea.com/fstrz/r/s/www.alinea.com/dw/image/v2/BCKM_PRD/on/demandware.static/-/Sites-ali_master/default/dw13415773/images/27300541/SET-SANAS-27300541-F-1.jpg?sw=982&sh=982&sm=fit&sfrm=png&bgcolor=eef1eb&frz-v=75",
    "prix": "20.00",
    "titre": "Sanas Lot de 4 sets de table ronds, en jute - naturel 34 cm",
    "full_description": "Sets de table ronds en jute /n Avec ce lot prêt à l'emploi, décorez votre table de salle à manger de 4 sets de table en jute. La fibre naturelle a été tressée à la main puis cousue pour donner vie à ce set de table rond. Décoratif, c'est aussi un excellent moyen de protéger votre table à manger. Déposés dessus, les assiettes et les couverts ne risquent pas de rayer la table en-dessous.  Ces sets de table naturels apportent du charme et de la chaleur à votre décoration. Tendance, le jute s'inscrit dans tous les styles : industriel, cottage, rustique... Un parfait allié pour un intérieur accueillant et fonctionnel. /n",
    "caractersitque": {
      "Couleur": "Naturel",
      "Composition": "100% coton",
      "Diamètre": "34 cm"
    },
    "categorie": "serviette_de_table",
    "id": 9
  },
  {
    "photo": "https://www.alinea.com/fstrz/r/s/www.alinea.com/dw/image/v2/BCKM_PRD/on/demandware.static/-/Sites-ali_master/default/dwfd2dde97/images/26600383/SET-DE-TABLE-VIGNE-26600383-F-1.jpg?sw=982&sh=982&sm=fit&sfrm=png&bgcolor=eef1eb&frz-v=75",
    "prix": "36.00",
    "titre": "Vigne Set de table en pvc brun ombre 36x48",
    "full_description": "Tendance unie /n Un set de table qui dévoile une teinte sombre et élégante et un tressage original pour une décoration de table simple mais efficace. Son esthétique lui permet de mettre en valeur de belles assiettes plates et on se laisse séduire par les autres couleurs de ce set de table que l'on mixe selon les envies pour une décoration de table qui s'accorde et se métamorphose chaque jour. /n",
    "caractersitque": {
      "Couleur": "Brun ombre",
      "Composition": "100% Polyvinyl",
      "Largeur": "36 cm",
      "Longueur": "48 cm"
    },
    "categorie": "serviette_de_table",
    "id": 10
  }
]