[
  {
    "photo": "https://raja.scene7.com/is/image/Raja/products/serviette-blanche_OFF_FR_1092.jpg?template=withpicto&$image=M_60400G_S_FR&$picto=ALL_planet&hei=300&wid=300",
    "prix": "14.35",
    "titre": "Serviette blanche",
    "full_description": "Fabriquée en pure ouate de cellulose, qualité 1 pli aspect gaufré./n Économique./n Convient au contact alimentaire indirect/n",
    "categorie": "serviette_en_papier",
    "id": 0
  },
  {
    "photo": "https://raja.scene7.com/is/image/Raja/products/serviette-recycl-e_PDT232580.jpg?template=withpicto&$image=M_7001_O_G3_0211_F&$picto=ALL_planet&hei=300&wid=300",
    "prix": "0.79",
    "titre": "Serviette recyclée",
    "full_description": "    Fabriqués à partir de matières recyclées non blanchies./n    Convient au contact alimentaire indirect./n    4 modèles, 3 qualités.",
    "categorie": "serviette_en_papier",
    "id": 1
  },
  {
    "photo": "https://raja.scene7.com/is/image/Raja/products/serviette-cocktail_OFF_FR_428.jpg?image=M_3256_A_FR$default$&hei=300&wid=300",
    "prix": "1.87",
    "titre": "Serviette cocktail",
    "full_description": "    Fabriquée en pure ouate de cellulose, qualité 2 plis./n    Épaisse et absorbante./n    Bonne tenue./n    Convient au contact alimentaire indirect./n",
    "categorie": "serviette_en_papier",
    "id": 2
  },
  {
    "photo": "https://raja.scene7.com/is/image/Raja/products/serviette-couleur_OFF_FR_1526.jpg?template=withpicto&$image=M_72090_N_FR&$picto=ALL_planet&hei=300&wid=300",
    "prix": "1.45",
    "titre": "Serviette couleur",
    "full_description": "    Fabriquée en pure ouate de cellulose, qualité 2 plis./n     - Pliage facile./n     - Bonne tenue./n    Convient au contact alimentaire indirect.",
    "categorie": "serviette_en_papier",
    "id": 3
  },
  {
    "photo": "https://raja.scene7.com/is/image/Raja/products/mouchoirs-tork_OFF_FR_9610.jpg?template=withpicto&$image=M_135866_S_FR&$picto=ALL_planet&hei=300&wid=300",
    "prix": "1.60",
    "titre": "Mouchoirs TORK",
    "full_description": "    Douceur extrême et grande blancheur./n    En pure ouate de cellulose./n    épaisseurs enchevêtrées./n    En boîte rectangulaire ou cubique./n",
    "categorie": "serviette_en_papier",
    "id": 4
  },
  {
    "photo": "https://raja.scene7.com/is/image/Raja/products/serviette-aspect-tissu_OFF_FR_1848.jpg?template=withpicto&$image=M_8121F_N_FR&$picto=ALL_planet&hei=300&wid=300",
    "prix": "4.68",
    "titre": "Serviette aspect tissu",
    "full_description": "    Fabriquée en ouate sèche./n    Résistante et souple : aspect et toucher proche du tissu. Idéale pour une décoration de table de qualité./n    Très solide : non tissé Airlaid 55 g/m²./n    Grande capacité d’absorption./n Convient au contact alimentaire indirect./n",
    "categorie": "serviette_en_papier",
    "id": 5
  },
  {
    "photo": "https://raja.scene7.com/is/image/Raja/products/serviette-kangourou-aspect-tissu_OFF_FR_15092.jpg?template=withpicto&$image=M_22814_S_FR&$picto=ALL_planet&hei=300&wid=300",
    "prix": "5.80",
    "titre": "Serviette Kangourou aspect tissu",
    "full_description": "    Fabriquée en ouate sèche./n    Gain de temps : pliage 1/8 avec découpe pour glisser les couverts dans la serviette./n    Permet une préparation en amont du service.",
    "categorie": "serviette_en_papier",
    "id": 6
  },
  {
    "photo": "https://raja.scene7.com/is/image/Raja/products/rince-doigts_OFF_FR_15097.jpg?template=withpicto&$image=M_21399_S_FR&$picto=ALL_planet&hei=300&wid=300",
    "prix": "27.75",
    "titre": "Rince-doigt",
    "full_description": "    Fabriqué en cellulose qualité 50 g/m²./n     - Prêt à l’emploi : plié dans une pochette individuelle de 6,8 x 10 cm./n    - Pratique : livré en boîte distributrice/n",
    "categorie": "serviette_en_papier",
    "id": 7
  },
  {
    "photo": "https://raja.scene7.com/is/image/Raja/products/serviette-bo-distributrice-duni_OFF_FR_15095.jpg?template=withpicto&$image=M_174499_S1_FR&$picto=ALL_planet&hei=300&wid=300",
    "prix": "3.73",
    "titre": "Serviette en boite distributrice DUNI",
    "full_description": "    Fabriquée en ouate sèche, compostable industriellement./n    - Pratique et prête à l’emploi : se pose en libre-service sur les tables ou sur un comptoir./n    - Résistante et souple : aspect et toucher proche du tissu./n    - Grande capacité d’absorption./n     Convient au contact alimentaire indirect./n",
    "categorie": "serviette_en_papier",
    "id": 8
  },
  {
    "photo": "https://raja.scene7.com/is/image/Raja/products/set-table-ingraissable-100-recycl-duni_OFF_FR_15096.jpg?template=withpicto&$image=M_174475_A1_FR&$picto=ALL_planet&hei=300&wid=300",
    "prix": "24.20",
    "titre": "Set de table ingraissable 100% recyclé Duni",
    "full_description": "    Fabriqué en papier 100% recyclé brun laminé./n    - Polyvalent : pour une utilisation en set ou en cône alimentaire./n    - Esthétique : apporte une touche chaleureuse aux tables./n    - Résistant : résiste à l’humidité et aux graisses./n",
    "categorie": "serviette_en_papier",
    "id": 9
  },
  {
    "photo": "https://raja.scene7.com/is/image/Raja/products/lingette-rince-doigts-sinfectante_OFF_FR_925.jpg?image=M_EX1011_FRG031_21196$default$&hei=300&wid=300",
    "prix": "14.85",
    "titre": "Lingette rince-doigt désinfectante",
    "full_description": "Lingette imbibée de gel hydroalcoolique./n Prêt à l'emploi : plié dans une pochette individuelle de 7,5 x 9 cm./n Pratique : permet de se désinfecter les mains et les surfaces rapidement sans laisser de résidu./n Bactéricide : EN1276, fongicide EN 1650 et virucide EN 14476./n",
    "categorie": "serviette_en_papier",
    "id": 10
  },
  {
    "photo": "https://raja.scene7.com/is/image/Raja/products/serviettes-papier-xpressnap_OFF_FR_9611.jpg?image=M_27108_S3_FR$default$&hei=300&wid=300",
    "prix": "158.00",
    "titre": "Serviettes en papier Xpressnap",
    "full_description": "    Serviettes enchevêtrées pour distributeur N4, 2 plis, qualité pointe à pointe./n    Format : 21,3 x 16,5 cm. Coloris blanc./n    Paquet de 200 serviettes. Conditionné par 40./n    Moins de déchets pour l’environnement./n",
    "categorie": "serviette_en_papier",
    "id": 11
  }
]