[
  {
    "photo": "https://www.alinea.com/fstrz/r/s/www.alinea.com/dw/image/v2/BCKM_PRD/on/demandware.static/-/Sites-ali_master/default/dwa7f7b9d6/images/26699202/BOITE-A-PAIN-FOUGAS-26699202-F-1.jpg?sw=982&sh=982&sm=fit&sfrm=png&bgcolor=eef1eb&frz-v=75",
    "prix": "20.00",
    "titre": "Fougas boîte en bambou bleu niolon",
    "full_description": "Conserver votre pain dans une jolie boîte à pain en bambou couleur bleu niolon. Son couvercle couleur bois s'accorde parfaitement avec le bleu intense. Son côté très déco vous permettra de la disposer dans votre cuisine ou sur vos décorations de table avec facilité.",
    "caracteristiques": {
      "Couleur": "Bleu Niolon",
      "Composition": "Fibre de bambou couvercle en bambou",
      "Largeur": "40,3 cm",
      "Hauteur": "8,5 cm",
      "Profondeur": "12,8 cm"
    },
    "categorie": "corbeille",
    "id": 0
  },
  {
    "photo": "https://www.alinea.com/fstrz/r/s/www.alinea.com/dw/image/v2/BCKM_PRD/on/demandware.static/-/Sites-ali_master/default/dw6a603b9c/images/26698489/BOITE-A-PAIN-FOUGAS-26698489-F-1.jpg?sw=982&sh=982&sm=fit&sfrm=png&bgcolor=eef1eb&frz-v=75",
    "prix": "20.00",
    "titre": "FOUGAS Boîte en bambou rouge sumac",
    "full_description": "Conserver votre pain dans une jolie boîte à pain en bambou couleur rouge sumac. Son couvercle couleur bois s'accorde parfaitement avec ce rouge intense. Son côté très déco vous permettra de la disposer dans votre cuisine ou sur vos décorations de table avec facilité.",
    "caracteristiques": {
      "Couleur": "Rouge Sumac",
      "Composition": "Fibre de bambou couvercle en bambou",
      "Largeur": "40,3 cm",
      "Hauteur": "8,5 cm",
      "Profondeur": "12,8 cm"
    },
    "categorie": "corbeille",
    "id": 1
  },
  {
    "photo": "https://www.alinea.com/fstrz/r/s/www.alinea.com/dw/image/v2/BCKM_PRD/on/demandware.static/-/Sites-ali_master/default/dw41cad269/images/26479767/CORBEILLE-PAN-26479767-F-1.jpg?sw=982&sh=982&sm=fit&sfrm=png&bgcolor=eef1eb&frz-v=75",
    "prix": "35.00",
    "titre": "Pan Corbeille à fruits en métal tressé avec poignée en bois - 21 cm",
    "full_description": "Une belle corbeille à fruits en métal au tressage fin dotée d'une poignée en bois qui propose une alliance de matières parfaitement réussie. Une forme inspirée d'un panier, cette corbeille de 21cm de diamètre viendra se poser au centre de la table ou sur le plan de travail, ainsi les fruits de saison resteront à porter de main pour tous les gourmands de la maison.",
    "caracteristiques": {
      "Couleur": "Noir",
      "Composition": "Métal et bois",
      "Diamètre": "21 cm",
      "Hauteur": "19,5 cm"
    },
    "categorie": "corbeille",
    "id": 2
  },
  {
    "photo": "https://www.alinea.com/fstrz/r/s/www.alinea.com/dw/image/v2/BCKM_PRD/on/demandware.static/-/Sites-ali_master/default/dw2b208bd2/images/26479743/CORBEILLE-PAN-26479743-F-1.jpg?sw=982&sh=982&sm=fit&sfrm=png&bgcolor=eef1eb&frz-v=75",
    "prix": "35.00",
    "titre": "Pan Corbeille à fruits en métal tressé avec poignée en bois - 25 cm",
    "full_description": "Une jolie corbeille à fruits en métal au tressage fin dotée d'une poignée en bois qui offre une alliance de matières parfaitement réussie. Une forme inspirée d'un panier, cette corbeille viendra se poser au centre de la table ou sur le plan de travail, ainsi les fruits de saison resteront à porter de main pour tous les gourmands de la maison.",
    "caracteristiques": {
      "Couleur": "Noir",
      "Composition": "Métal et bois",
      "Diamètre": "25,2 cm",
      "Hauteur": "12,4 cm"
    },
    "categorie": "corbeille",
    "id": 3
  }
]