[
  {
    "photo": "https://www.alinea.com/fstrz/r/s/www.alinea.com/dw/image/v2/BCKM_PRD/on/demandware.static/-/Sites-ali_master/default/dw11d0bf31/images/26742281/VERRE-A-PIED-OPEN-UP-26742281-F-1.jpg?sw=360&sh=360&sm=fit&sfrm=png&bgcolor=eef1eb&frz-v=77",
    "prix": "9.00",
    "titre": "Open Up Verre à pied en kwarx - transparent 40cl",
    "full_description": "Charme à la française /n Un design élégant et intemporel pour cette gamme de verres en kwarx. Ses courbes généreuses se marient à une présentation de table raffinée. Ce service se compose de 3 modèles de verres à pied et de flûtes à champagne. Les verres se dotent d'une transparence absolue grâce à sa décoloration. Ils présentent également une brillance parfaite même après plusieurs lavages. D'une très belle qualité, cette vaisselle est de fabrication française. /n ",
    "caracteristiques": {
      "Couleur": "Transparent",
      "Composition": "Kwarx"
    },
    "categorie": "flute",
    "id": 0
  },
  {
    "photo": "https://www.alinea.com/fstrz/r/s/www.alinea.com/dw/image/v2/BCKM_PRD/on/demandware.static/-/Sites-ali_master/default/dw5aa09321/images/26742274/VERRE-A-PIED-OPEN-UP-26742274-F-1.jpg?sw=360&sh=360&sm=fit&sfrm=png&bgcolor=eef1eb&frz-v=77",
    "prix": "8.00",
    "titre": "Open Up Verre à pied en kwarx - transparent 37cl",
    "full_description": "Charme à la française /n Un design élégant et intemporel pour cette gamme de verres en kwarx. Ses courbes généreuses se marient à une présentation de table raffinée. Ce service se compose de 3 modèles de verres à pied et de flûtes à champagne. Les verres se dotent d'une transparence absolue grâce à sa décoloration. Ils présentent également une brillance parfaite même après plusieurs lavages. D'une très belle qualité, cette vaisselle est de fabrication française. /n",
    "caracteristiques": {
      "Couleur": "Transparent",
      "Composition": "Kwarx"
    },
    "categorie": "flute",
    "id": 1
  },
  {
    "photo": "https://www.alinea.com/fstrz/r/s/www.alinea.com/dw/image/v2/BCKM_PRD/on/demandware.static/-/Sites-ali_master/default/dwdce3d487/images/26742328/VERRE-A-PIED-OPEN-UP-26742328-F-1.jpg?sw=360&sh=360&sm=fit&sfrm=png&bgcolor=eef1eb&frz-v=77",
    "prix": "7.00",
    "titre": "Open Up Verre à pied en kwarx - transparent 32cl",
    "full_description": "Charme à la française /n Un design élégant et intemporel pour cette gamme de verres en kwarx. Ses courbes généreuses se marient à une présentation de table raffinée. Ce service se compose de 3 modèles de verres à pied et de flûtes à champagne. Les verres se dotent d'une transparence absolue grâce à sa décoloration. Ils présentent également une brillance parfaite même après plusieurs lavages. D'une très belle qualité, cette vaisselle est de fabrication française. /n ",
    "caracteristiques": {
      "Couleur": "Transparent",
      "Composition": "Kwarx"
    },
    "categorie": "flute",
    "id": 2
  },
  {
    "photo": "https://www.alinea.com/fstrz/r/s/www.alinea.com/dw/image/v2/BCKM_PRD/on/demandware.static/-/Sites-ali_master/default/dwec94f6b1/images/26742298/FLUTE-OPEN-UP-26742298-F-1.jpg?sw=360&sh=360&sm=fit&sfrm=png&bgcolor=eef1eb&frz-v=77",
    "prix": "8.00",
    "titre": "Open Up Flûte à champagne en kwarx - transparent 20cl",
    "full_description": "Charme à la française /n Un design élégant et intemporel pour cette gamme de verres en kwarx. Ses courbes généreuses se marient à une présentation de table raffinée. Ce service se compose de 3 modèles de verres à pied et de flûtes à champagne. Les verres se dotent d'une transparence absolue grâce à sa décoloration. Ils présentent également une brillance parfaite même après plusieurs lavages. D'une très belle qualité, cette vaisselle est de fabrication française. /n",
    "caracteristiques": {
      "Couleur": "Transparent",
      "Composition": "Kwarx"
    },
    "categorie": "flute",
    "id": 3
  },
  {
    "photo": "https://www.alinea.com/fstrz/r/s/www.alinea.com/dw/image/v2/BCKM_PRD/on/demandware.static/-/Sites-ali_master/default/dwe18c229b/images/26741543/VERRE-A-PIED-MACASSAR-26741543-F-1.jpg?sw=360&sh=360&sm=fit&sfrm=png&bgcolor=eef1eb&frz-v=77",
    "prix": "9.00",
    "titre": "Macassar Verre à pied en critallin 35cl",
    "full_description": "Service complet /n Découvrez ce service comprenant plusieurs pièces en cristallin pour recevoir vos convives au mieux. En effet, il se compose de deux sortes de verres à pied et de flûtes à champagne. Ces derniers viendront embellir votre dressage de table. Pour venir compléter ces verres, un seau à glace et une carafe à whisky vous sont proposés pour créer un bel ensemble. /n",
    "caracteristiques": {
      "Couleur": "Transparent",
      "Composition": "Cristallin"
    },
    "categorie": "flute",
    "id": 4
  },
  {
    "photo": "https://www.alinea.com/fstrz/r/s/www.alinea.com/dw/image/v2/BCKM_PRD/on/demandware.static/-/Sites-ali_master/default/dw903e9dfa/images/26741536/VERRE-A-PIED-MACASSAR-26741536-F-1.jpg?sw=360&sh=360&sm=fit&sfrm=png&bgcolor=eef1eb&frz-v=77",
    "prix": "8.00",
    "titre": "Macassar Verre à pied en cristallin 25cl",
    "full_description": "Service complet /n Découvrez ce service comprenant plusieurs pièces en cristallin pour recevoir vos convives au mieux. En effet, il se compose de deux sortes de verres à pied et de flûtes à champagne. Ces derniers viendront embellir votre dressage de table. Pour venir compléter ces verres, un seau à glace et une carafe à whisky vous sont proposés pour créer un bel ensemble. /n",
    "caracteristiques": {
      "Couleur": "Transparent",
      "Composition": "Cristallin"
    },
    "categorie": "flute",
    "id": 5
  },
  {
    "photo": "https://www.alinea.com/fstrz/r/s/www.alinea.com/dw/image/v2/BCKM_PRD/on/demandware.static/-/Sites-ali_master/default/dwec5a86d1/images/26741550/FLUTE-MACASSAR-26741550-F-1.jpg?sw=360&sh=360&sm=fit&sfrm=png&bgcolor=eef1eb&frz-v=77",
    "prix": "9.00",
    "titre": "Macassar flûte à champagne en cristallin 17cl",
    "full_description": "Service complet /n Découvrez ce service comprenant plusieurs pièces en cristallin pour recevoir vos convives au mieux. En effet, il se compose de deux sortes de verres à pied et de flûtes à champagne. Ces derniers viendront embellir votre dressage de table. Pour venir compléter ces verres, un seau à glace et une carafe à whisky vous sont proposés pour créer un bel ensemble. /n",
    "caracteristiques": {
      "Couleur": "Transparent",
      "Composition": "Cristallin"
    },
    "categorie": "flute",
    "id": 6
  },
  {
    "photo": "https://www.alinea.com/fstrz/r/s/www.alinea.com/dw/image/v2/BCKM_PRD/on/demandware.static/-/Sites-ali_master/default/dwee55d912/images/26741567/CARAFE-MACASSAR-26741567-F-1.jpg?sw=360&sh=360&sm=fit&sfrm=png&bgcolor=eef1eb&frz-v=77",
    "prix": "49.00",
    "titre": "Macassar Carafe à whysky en cristallin",
    "full_description": "Service complet /n Découvrez ce service comprenant plusieurs pièces en cristallin pour recevoir vos convives au mieux. En effet, il se compose de deux sortes de verres à pied et de flûtes à champagne. Ces derniers viendront embellir votre dressage de table. Pour venir compléter ces verres, un seau à glace et une carafe à whisky vous sont proposés pour créer un bel ensemble. /n",
    "caracteristiques": {
      "Couleur": "Transparent",
      "Composition": "Cristallin"
    },
    "categorie": "flute",
    "id": 7
  },
  {
    "photo": "https://www.alinea.com/fstrz/r/s/www.alinea.com/dw/image/v2/BCKM_PRD/on/demandware.static/-/Sites-ali_master/default/dwd280ed0d/images/26741574/SEAU-A-GLACON-MACASSAR-26741574-F-1.jpg?sw=360&sh=360&sm=fit&sfrm=png&bgcolor=eef1eb&frz-v=77",
    "prix": "35.00",
    "titre": "Macassar Seau à glaçons en cristallin transparent",
    "full_description": "Service complet /n Découvrez ce service comprenant plusieurs pièces en cristallin pour recevoir vos convives au mieux. En effet, il se compose de deux sortes de verres à pied et de flûtes à champagne. Ces derniers viendront embellir votre dressage de table. Pour venir compléter ces verres, un seau à glace et une carafe à whisky vous sont proposés pour créer un bel ensemble. /n",
    "caracteristiques": {
      "Couleur": "Transparent",
      "Composition": "Cristallin"
    },
    "categorie": "flute",
    "id": 8
  },
  {
    "photo": "https://www.alinea.com/fstrz/r/s/www.alinea.com/dw/image/v2/BCKM_PRD/on/demandware.static/-/Sites-ali_master/default/dwf8f30c0b/images/21426292/Verre-a-eau-Silhouette-21426292-F-1.jpg?sw=360&sh=360&sm=fit&sfrm=png&bgcolor=eef1eb&frz-v=77",
    "prix": "6.00",
    "titre": "Silhouette Service de verres de table en verre",
    "full_description": "Service de qualité /n Embellissez votre table de cet élégant pichet en verre transparent. De forme cylindrique, doté d'un bec verseur et d'une jolie poignée, il vous servira de carafe pouvant contenir 1 litre d'eau. Composé de verre borosilicate, cette carafe est particulièrement résistante face aux chocs de la vie quotidienne et aux changements de température. Lors de vos repas, il s'accompagne des différents verres de ce service vaisselle pour un dressage de table raffiné. En effet, cette gamme se compose de verres à vin, dont certains pour les grands crus, et de flûtes de champagne. De quoi accueillir vos convives dans les règles de l'art /n",
    "caracteristiques": {
      "Couleur": "Transparent",
      "Composition": "Verres en cristallin et carafe en verre"
    },
    "categorie": "flute",
    "id": 9
  },
  {
    "photo": "https://www.alinea.com/fstrz/r/s/www.alinea.com/dw/image/v2/BCKM_PRD/on/demandware.static/-/Sites-ali_master/default/dw93b97f73/images/21426315/Verre-a-vin-Silhouette-21426315-F-1.jpg?sw=360&sh=360&sm=fit&sfrm=png&bgcolor=eef1eb&frz-v=77",
    "prix": "6.00",
    "titre": "Silhouette Verre à vin en cristallin 32cl",
    "full_description": "Service de qualité /n Embellissez votre table de cet élégant pichet en verre transparent. De forme cylindrique, doté d'un bec verseur et d'une jolie poignée, il vous servira de carafe pouvant contenir 1 litre d'eau. Composé de verre borosilicate, cette carafe est particulièrement résistante face aux chocs de la vie quotidienne et aux changements de température. Lors de vos repas, il s'accompagne des différents verres de ce service vaisselle pour un dressage de table raffiné. En effet, cette gamme se compose de verres à vin, dont certains pour les grands crus, et de flûtes de champagne. De quoi accueillir vos convives dans les règles de l'art /n",
    "caracteristiques": {
      "Couleur": "Transparent",
      "Composition": "Verres en cristallin et carafe en verre"
    },
    "categorie": "flute",
    "id": 10
  },
  {
    "photo": "https://www.alinea.com/fstrz/r/s/www.alinea.com/dw/image/v2/BCKM_PRD/on/demandware.static/-/Sites-ali_master/default/dw010ec720/images/21426322/Verre-bordeaux-Silhouette-21426322-F-2.jpg?sw=360&sh=360&sm=fit&sfrm=png&bgcolor=eef1eb&frz-v=77",
    "prix": "6.00",
    "titre": "Silhouette Verre à bordeaux en cristallin 57cl",
    "full_description": "Service de qualité /n Embellissez votre table de cet élégant pichet en verre transparent. De forme cylindrique, doté d'un bec verseur et d'une jolie poignée, il vous servira de carafe pouvant contenir 1 litre d'eau. Composé de verre borosilicate, cette carafe est particulièrement résistante face aux chocs de la vie quotidienne et aux changements de température. Lors de vos repas, il s'accompagne des différents verres de ce service vaisselle pour un dressage de table raffiné. En effet, cette gamme se compose de verres à vin, dont certains pour les grands crus, et de flûtes de champagne. De quoi accueillir vos convives dans les règles de l'art /n",
    "caracteristiques": {
      "Couleur": "Transparent",
      "Composition": "Verres en cristallin et carafe en verre"
    },
    "categorie": "flute",
    "id": 11
  },
  {
    "photo": "https://www.alinea.com/fstrz/r/s/www.alinea.com/dw/image/v2/BCKM_PRD/on/demandware.static/-/Sites-ali_master/default/dw425f5881/images/21426346/Verre-bourgogne-Silhouette-21426346-F-1.jpg?sw=360&sh=360&sm=fit&sfrm=png&bgcolor=eef1eb&frz-v=77",
    "prix": "7.00",
    "titre": "Silhouette Verre à bourgogne en critallin 57cl",
    "full_description": "Service de qualité /n Embellissez votre table de cet élégant pichet en verre transparent. De forme cylindrique, doté d'un bec verseur et d'une jolie poignée, il vous servira de carafe pouvant contenir 1 litre d'eau. Composé de verre borosilicate, cette carafe est particulièrement résistante face aux chocs de la vie quotidienne et aux changements de température. Lors de vos repas, il s'accompagne des différents verres de ce service vaisselle pour un dressage de table raffiné. En effet, cette gamme se compose de verres à vin, dont certains pour les grands crus, et de flûtes de champagne. De quoi accueillir vos convives dans les règles de l'art /n",
    "caracteristiques": {
      "Couleur": "Transparent",
      "Composition": "Verres en cristallin et carafe en verre"
    },
    "categorie": "flute",
    "id": 12
  },
  {
    "photo": "https://www.alinea.com/fstrz/r/s/www.alinea.com/dw/image/v2/BCKM_PRD/on/demandware.static/-/Sites-ali_master/default/dwd4d79914/images/27049105/Broc-1-L-DONI-27049105-F-1.jpg?sw=360&sh=360&sm=fit&sfrm=png&bgcolor=eef1eb&frz-v=77",
    "prix": "10.00",
    "titre": "Silhouette Pichet en verre - 1L",
    "full_description": "Service de qualité /n Embellissez votre table de cet élégant pichet en verre transparent. De forme cylindrique, doté d'un bec verseur et d'une jolie poignée, il vous servira de carafe pouvant contenir 1 litre d'eau. Composé de verre borosilicate, cette carafe est particulièrement résistante face aux chocs de la vie quotidienne et aux changements de température. Lors de vos repas, il s'accompagne des différents verres de ce service vaisselle pour un dressage de table raffiné. En effet, cette gamme se compose de verres à vin, dont certains pour les grands crus, et de flûtes de champagne. De quoi accueillir vos convives dans les règles de l'art /n",
    "caracteristiques": {
      "Couleur": "Transparent",
      "Composition": "Verres en cristallin et carafe en verre"
    },
    "categorie": "flute",
    "id": 13
  },
  {
    "photo": "https://www.alinea.com/fstrz/r/s/www.alinea.com/dw/image/v2/BCKM_PRD/on/demandware.static/-/Sites-ali_master/default/dwa5a20ae4/images/26001722/VERRE-WATERFALL-26001722-F-1.jpg?sw=982&sh=982&sm=fit&sfrm=png&bgcolor=eef1eb&frz-v=77",
    "prix": "25.00",
    "titre": "Waterfall Lot de 6 flûte à champagne en cristallin transparent 19cl",
    "full_description": "Haute distinction /n Craquez pour ces belles flûtes à champagne en cristallin transparent qui vous permettront de servir votre meilleur champagne avec beaucoup d'élégance. Ornées de stries en relief, ces flûtes à champagne donneront une touche \"classic chi\" à votre table et vous pourrez les associer aux autres verres de la gamme pour des repas placés sous le signe de l'harmonie et du raffinement. /n ",
    "caracteristiques": {
      "Couleur": "Transparent",
      "Composition": "Cristallin",
      "Hauteur": "4,5 cm",
      "Largeur": "24 cm"
    },
    "categorie": "flute",
    "id": 14
  },
  {
    "photo": "https://www.alinea.com/fstrz/r/s/www.alinea.com/dw/image/v2/BCKM_PRD/on/demandware.static/-/Sites-ali_master/default/dw1983f146/images/26836881/B6-FLUTES-23-CL-LAL-LAL-26836881-F-1.jpg?sw=360&sh=360&sm=fit&sfrm=png&bgcolor=eef1eb&frz-v=77",
    "prix": "14.00",
    "titre": "Lal Coffret de flûtes à champagne en verre - transparent 23 cl",
    "full_description": "Gamme de verres sobres et chics /n Découvrez cette sélection de coffrets de verres en verre. Ils présentent un design épuré pour une allure chic. Cette belle vaisselle conviendra pour toutes les occasions. Ces verres viendront compléter avec charme votre dressage de table. Cette gamme se compose de gobelets à eau, verres à vin et flûtes à champagne. /n",
    "caracteristiques": {
      "Couleur": "Transparent",
      "Composition": "Verre"
    },
    "categorie": "flute",
    "id": 15
  },
  {
    "photo": "https://www.alinea.com/fstrz/r/s/www.alinea.com/dw/image/v2/BCKM_PRD/on/demandware.static/-/Sites-ali_master/default/dw00519413/images/22451354/COFFRET-6-FLUTES-SCENA-22451354-F-2.jpg?sw=982&sh=982&sm=fit&sfrm=png&bgcolor=eef1eb&frz-v=77",
    "prix": "24.00",
    "titre": "Scena - Coffret de 6 flûtes à champagne en cristallon - 180ml",
    "full_description": "Joli verre ! /n Un coffret de 6 flutes à champagne pour fêter la nouvelle année dans la joie et la gaité ! /n ",
    "caracteristiques": {
      "Couleur": "Transparent",
      "Composition": "Cristallin"
    },
    "categorie": "flute",
    "id": 16
  },
  {
    "photo": "https://www.alinea.com/fstrz/r/s/www.alinea.com/dw/image/v2/BCKM_PRD/on/demandware.static/-/Sites-ali_master/default/dw29f09d78/images/27274514/FLUTE-FAVOURITE-27274514-F-1.jpg?sw=982&sh=982&sm=fit&sfrm=png&bgcolor=eef1eb&frz-v=77",
    "prix": "5.00",
    "titre": "Favourite flûte à champagne en cristallin 17cl",
    "full_description": "Qualité supérieure /n Cette flûte à champagne se démarque grâce à deux aspects bien précis : un buvant fin et un cristallin de qualité supérieure. En effet, le buvant, représente le contour de l’ouverture ou du rebord de la partie supérieure du verre sur laquelle vous posez vos lèvres. Et la finesse du buvant est un gage de qualité. Cette coupe à champagne vous accompagnera lors de vos moments de convivialité et occasions spéciales. Découvrez aussi le reste de la gamme Favourite qui présente divers verres à pied, afin d'obtenir un joli assortiment. /n ",
    "caracteristiques": {
      "Couleur": "Transparent",
      "Composition": "Cristallin",
      "Hauteur": "20,8 cm",
      "Largeur": "5,8 cm"
    },
    "categorie": "flute",
    "id": 17
  },
  {
    "photo": "https://www.alinea.com/fstrz/r/s/www.alinea.com/dw/image/v2/BCKM_PRD/on/demandware.static/-/Sites-ali_master/default/dwcb4c4486/images/27362297/FLUTE-FRANCE-27362297-F-1.jpg?sw=982&sh=982&sm=fit&sfrm=png&bgcolor=eef1eb&frz-v=77",
    "prix": "5.00",
    "titre": "France flûte à champagne en cristallin - transparent 17cl",
    "full_description": "Intemporel ! /n Une gamme de verres à poser sur votre table pour lui apporter style et chic en un clin d'oeil ! Accompagnez cette flûte à champagne d'un verre à vin de la même gamme. /n ",
    "caracteristiques": {
      "Couleur": "Transparent",
      "Composition": "Cristallin",
      "Hauteur": "17,4 cm",
      "Largeur": "6,5 cm"
    },
    "categorie": "flute",
    "id": 18
  },
  {
    "photo": "https://www.alinea.com/fstrz/r/s/www.alinea.com/dw/image/v2/BCKM_PRD/on/demandware.static/-/Sites-ali_master/default/dwec5a86d1/images/26741550/FLUTE-MACASSAR-26741550-F-1.jpg?sw=982&sh=982&sm=fit&sfrm=png&bgcolor=eef1eb&frz-v=77",
    "prix": "9.00",
    "titre": "Macassar Fûte à champagne en cristallin 17cl",
    "full_description": "Innombrables facettes /n La gamme de verres Macassar dévoile ici une belle flûte à champagne en cristallin transparent qui accompagnera vos repas de fête avec beaucoup d'élégance et de raffinement. Véritable objet déco de votre table, cette flûte s'offre une silhouette élancée avec de multiples facettes qui offrent de subtils contrastes à table et dynamisent vos repas. Cette flûte à champagne charme par sa délicatesse et la finesse de ses détails. /n ",
    "caracteristiques": {
      "Couleur": "Transparent",
      "Composition": "Cristallin",
      "Hauteur": "23,3 cm",
      "Largeur": "6 cm"
    },
    "categorie": "flute",
    "id": 19
  },
  {
    "photo": "https://www.alinea.com/fstrz/r/s/www.alinea.com/dw/image/v2/BCKM_PRD/on/demandware.static/-/Sites-ali_master/default/dw98306fab/images/27362327/FLUTE-CONCEPT-27362327-F-1.jpg?sw=982&sh=982&sm=fit&sfrm=png&bgcolor=eef1eb&frz-v=77",
    "prix": "5.00",
    "titre": "Concept Flûte à champagne en cristallin - transparent 16cl ",
    "full_description": "Toute en finesse /n Découvrez Concept, une gamme de verres en cristallin fabriqués en Slovaquie qui apportera une touche d'élégance en plus à votre dressage de table. Ici, la flûte à champagne, fine et élégante, est idéale pour déguster vos meilleurs crus et faire plaisir à vos invités lors d'un moment festif. /n",
    "caracteristiques": {
      "Couleur": "Transparent",
      "Composition": "Cristallin",
      "Hauteur": "19,1 cm",
      "Largeur": "6,2 cm"
    },
    "categorie": "flute",
    "id": 20
  }
]