[
  {
    "photo": "https://www.alinea.com/fstrz/r/s/www.alinea.com/dw/image/v2/BCKM_PRD/on/demandware.static/-/Sites-ali_master/default/dw62b3a836/images/27168967/ASSIETTE-CALDU-27168967-F-1.jpg?sw=982&sh=982&sm=fit&sfrm=png&bgcolor=eef1eb&frz-v=77",
    "prix": "12.00",
    "titre": "Caldu Assiette de présentation en osier - d33xh2cm naturelle",
    "full_description": "Assiette déco /n Une élégante assiette de présentation en osier pour décorer votre table. Idéale pour mettre en valeur des fruits dans un plat chaleureux et convivial. Une assiette qui apporte une touche naturelle à votre décoration de cuisine ou de salle à manger. Vous apprécierez le motif dessiné par l'osier tressé, qui s'associe parfaitement à différents styles de déco. /n",
    "caracteristiques": {
      "Couleur": "Naturel",
      "Composition": "Osier et plastique",
      "Hauteur": "2 cm",
      "Diamètre": "33 cm"
    },
    "categorie": "presentation",
    "id": 0
  },
  {
    "photo": "https://www.alinea.com/fstrz/r/s/www.alinea.com/dw/image/v2/BCKM_PRD/on/demandware.static/-/Sites-ali_master/default/dw35ee426b/images/24667388/Assiette-Pizza-Eto-24667388-F-1.jpg?sw=982&sh=982&sm=fit&sfrm=png&bgcolor=eef1eb&frz-v=77",
    "prix": "11.00",
    "titre": "Eto Assiette à pizza en porcelaine qualité hôtelière",
    "full_description": "Épuré /n Une belle gamme de vaisselle de table qui se distingue par sa simplicité et par sa porcelaine de qualité hôtelière. Cette grande assiette ronde est délicatement ornée de rayures en ton sur ton, pour déguster de bonnes pizzas avec une note soignée. /n",
    "caracteristiques": {
      "Couleur": "Blanc",
      "Composition": "Gamme de vaisselle en porcelaine blanche",
      "Diamètre": "30,5 cm"
    },
    "categorie": "presentation",
    "id": 1
  },
  {
    "photo": "https://www.alinea.com/fstrz/r/s/www.alinea.com/dw/image/v2/BCKM_PRD/on/demandware.static/-/Sites-ali_master/default/dwe0b943a4/images/21318856/ASSIETTE-HOTESSE-QUEEN-21318856-B-1.jpg?sw=982&sh=982&sm=fit&sfrm=png&bgcolor=eef1eb&frz-v=77",
    "prix": "12.00",
    "titre": "Queen Assiette de présentation en porcelaine - blanc ",
    "full_description": "Contemporain chic ! /n Esprit japonisant et forme contemporaine pour cette assiette hôtesse blanche rectangulaire 32x24cm vraiment originale. /n",
    "caracteristiques": {
      "Couleur": "Blanc",
      "Composition": "Porcelaine",
      "Longueur": "32 cm",
      "Largeur": "24 cm"
    },
    "categorie": "presentation",
    "id": 2
  },
  {
    "photo": "https://www.alinea.com/fstrz/r/s/www.alinea.com/dw/image/v2/BCKM_PRD/on/demandware.static/-/Sites-ali_master/default/dw40625cd7/images/26513881/ASSIETTE-DE-PRESENTATION-SENANQUE-26513881-F-1.jpg?sw=982&sh=982&sm=fit&sfrm=png&bgcolor=eef1eb&frz-v=77",
    "prix": "15.00",
    "titre": "Senanque Assiette de présentation en porcelaine légère qualité hôtelière d30cm",
    "full_description": "Design subitl /n Grâce à l'introduction de magnésium à l'intérieur du kaolin, cette assiette de présentation en porcelaine vous assure une légèreté et une résistance accrue par rapport à une assiette en porcelaine traditionnelle. Son coloris blanc s'accordera avec le reste de votre vaisselle et vous pourrez ajouter des touches de couleur à votre table en optant pour une nappe à motifs ou des verres colorés par exemple. On craque pour cette gamme de vaisselle qui crée la surprise à table avec une allure soignée et raffinée assortie d'une légèreté certaine pour une note de douceur lors de vos repas. /n",
    "caracteristiques": {
      "Couleur": "Blanc",
      "Composition": "Porcelaine",
      "Hauteur": "2 cm",
      "Diamètre": "30 cm"
    },
    "categorie": "presentation",
    "id": 3
  },
  {
    "photo": "https://www.alinea.com/fstrz/r/s/www.alinea.com/dw/image/v2/BCKM_PRD/on/demandware.static/-/Sites-ali_master/default/dwbf7f7503/images/27180563/PLAT-LISE-27180563-B-1.jpg?sw=982&sh=982&sm=fit&sfrm=png&bgcolor=eef1eb&frz-v=77",
    "prix": "45.00",
    "titre": "Lise Assiette de présentation en faïence ovale l50xl37cm - blanc",
    "full_description": "Plat pour les grandes occasions /n Cette belle assiette de présentation est le plat idéal pour servir vos convives. Elle convient parfaitement pour des amuse-bouche, une entrée ou autres mets.Ce plat vient compléter avec finesse et élégance votre dressage de table. Au vu des détails qu'offre sa bordure, cette assiette est aussi une pièce déco, à sortir lors des grandes occasions tels que le repas de fêtes comme Noël. /n ",
    "caracteristiques": {
      "Couleur": "Blanc",
      "Composition": "Faïence",
      "Longueur": "50 cm",
      "Largeur": "37 cm",
      "Hauteur": "3,5 cm"
    },
    "categorie": "presentation",
    "id": 4
  },
  {
    "photo": "https://www.alinea.com/fstrz/r/s/www.alinea.com/dw/image/v2/BCKM_PRD/on/demandware.static/-/Sites-ali_master/default/dw63aa0cfb/images/27297162/ASSIETTE-MINORQUE-27297162-F-1.jpg?sw=982&sh=982&sm=fit&sfrm=png&bgcolor=eef1eb&frz-v=77",
    "prix": "30.00",
    "titre": "Minorque Assiette de présentation en grès - beige mat d30cm",
    "full_description": "Nature et authenticité /n Une assiette de présentation en grès, d'une douce teinte beige mat, idéal pour sublimer vos mets les plus savoureux sur votre belle table. En grès, elle offre un design épuré avec de légères irrégularités volontaires qui en font une pièce de vaisselle à la fois unique et originale pour un dressage à l'allure authentique et naturelle. Cette sous-assiette peut être assortie avec les autres éléments de la gamme Minorque pour une tablée joliement décorée qui ravira vos convives. /n ",
    "caracteristiques": {
      "Couleur": "Beige",
      "Composition": "Grès",
      "Hauteur": "5,8 cm",
      "Diamètre": "30 cm"
    },
    "categorie": "presentation",
    "id": 5
  },
  {
    "photo": "https://www.alinea.com/fstrz/r/s/www.alinea.com/dw/image/v2/BCKM_PRD/on/demandware.static/-/Sites-ali_master/default/dw7aff5877/images/27321737/ASSIETTE-SOLLER-27321737-F-1.jpg?sw=982&sh=982&sm=fit&sfrm=png&bgcolor=eef1eb&frz-v=77",
    "prix": "15.00",
    "titre": "Soller Assiette de présentation liseré terracotta en faïence - blanc d30cm",
    "full_description": "Assiette de présentation blanche /n Pour dresser une table selon les règles de l'art, rien de tel qu'une assiette de présentation. Cette dernière répond à deux besoins différents. Tout d'abord, elle peut se placer sous l'assiette plate afin de donner du volume et du cachet à votre table. Son rôle est ici uniquement esthétique. L'assiette de présentation Soller se démarque alors par son fin liseré terracotta, contrastant sur la faïence d'une blancheur éclatante. D'un autre côté, cette grande assiette en faïence peut aussi se placer au centre de la table pour présenter vos plats. Du saumon fumé, des légumes de saison, un poisson... Vos recettes sont alors mises en valeur sur la faïence brillante. Un élément de vaisselle à sortir lors du repas dominical ou des plus grandes occasions. /n ",
    "caracteristiques": {
      "Couleur": "Blanc",
      "Composition": "Faïence",
      "Hauteur": "4 cm",
      "Diamètre": "30 cm"
    },
    "categorie": "presentation",
    "id": 6
  },
  {
    "photo": "https://www.alinea.com/fstrz/r/s/www.alinea.com/dw/image/v2/BCKM_PRD/on/demandware.static/-/Sites-ali_master/default/dw53cd2c00/images/26987781/Assiette-Hotesse-VADIM-26987781-F-1.jpg?sw=982&sh=982&sm=fit&sfrm=png&bgcolor=eef1eb&frz-v=77",
    "prix": "7.00",
    "titre": "Vadim Assiette de présentation en faïence gris borie d30cm",
    "full_description": "Charme et simplicité /n Cette assiette de présentation vous permet de mettre en place un beau dressage de table lors de vos repas avec vos proches. Cette dernière sert à poser l'assiette dans laquelle vous servirez le plat. Choisissez du joli linge de table, des couverts et des verres raffinés pour accompagner le tout et obtenir un ensemble chic et harmonieux /n",
    "caracteristiques": {
      "Couleur": "Gris borie",
      "Composition": "Faïence",
      "Hauteur": "2 cm",
      "Diamètre": "30 cm"
    },
    "categorie": "presentation",
    "id": 7
  },
  {
    "photo": "https://www.alinea.com/fstrz/r/s/www.alinea.com/dw/image/v2/BCKM_PRD/on/demandware.static/-/Sites-ali_master/default/dwbbb0008f/images/26989587/Assiette-Hotesse-VADIM-26989587-F-1.jpg?sw=982&sh=982&sm=fit&sfrm=png&bgcolor=eef1eb&frz-v=77",
    "prix": "7.00",
    "titre": "Vadim Assiette de présentation en faïence blanc ventoux d30cm",
    "full_description": "Charme et simplicité /n Pour un joli dressage de table, optez pour cette belle assiette de présentation blanche. Vous pouvez l'associer avec une assiette à motifs ou colorée. Associez-le tout avec une jolie nappe et serviettes de table pour un rendu plein de charme. Vos convives seront séduits par votre dressage lors de vos repas et moments de partage. /n ",
    "caracteristiques": {
      "Couleur": "Blanc ventoux",
      "Composition": "Faïence",
      "Hauteur": "2 cm",
      "Diamètre": "30 cm"
    },
    "categorie": "presentation",
    "id": 8
  }
]