[
  {
    "photo": "https://raja.scene7.com/is/image/Raja/products/kit-couverts-bois_OFF_FR_11060.jpg?image=M_K042F0_S_FR$default$&hei=300&wid=300",
    "prix": "64.75",
    "titre": "Kit couverts en bois",
    "full_description": "Résistant./n Gain de temps : sachets prêts à l’emploi pour une distribution rapide./n Pratique : facilite les dégustations à emporter",
    "categorie": "couvert",
    "id": 0
  },
  {
    "photo": "https://raja.scene7.com/is/image/Raja/products/couvert-bois_OFF_FR_15058.jpg?template=withpicto&$image=M_FO165BOIS_G_FR&$picto=ALL_planet&hei=300&wid=300",
    "prix": "29.40",
    "titre": "Couvert en bois",
    "full_description": "Fabriqué en bois de bouleau./n ,Colis de 1000.",
    "categorie": "couvert",
    "id": 1
  },
  {
    "photo": "https://raja.scene7.com/is/image/Raja/products/brochette-bambou_PDT00855.jpg?template=withpicto&$image=M_VO11600_O_S_017_F&$picto=ALL_planet&hei=300&wid=300",
    "prix": "5.35",
    "titre": "Brochette en bambou",
    "full_description": "  Fabriqué en bambou./n    Très tendance : incontournable pour des réceptions originales.",
    "categorie": "couvert",
    "id": 2
  },
  {
    "photo": "https://raja.scene7.com/is/image/Raja/products/couvert-bambou_OFF_FR_15101.jpg?template=withpicto&$image=M_CB14801_fourchette_bambou_i-11412509&$picto=ALL_planet&hei=300&wid=300",
    "prix": "11.80",
    "titre": "Couvert en bambou",
    "full_description": "    Fabriqué en bambou./n    Élégant et robuste : résiste à l’humidité et aux graisses.",
    "categorie": "couvert",
    "id": 3
  },
  {
    "photo": "https://raja.scene7.com/is/image/Raja/products/couvert-carton_OFF_FR_0322.jpg?image=M_88065_S_FR$default$&hei=300&wid=300",
    "prix": "79.20",
    "titre": "Couvert en carton",
    "full_description": "Esthétique et résistant : incroyablement robuste, de structure lisse, sans goût./n Fabriqué en carton rigide",
    "categorie": "couvert",
    "id": 4
  },
  {
    "photo": "https://raja.scene7.com/is/image/Raja/products/kit-couverts-carton_OFF_FR_0323.jpg?image=M_207KIT4_ouvert_gauche_i-13237973$default$&hei=300&wid=300",
    "prix": "100.00",
    "titre": "Kit couverts en carton",
    "full_description": "Composé d’une fourchette, d’une cuillère, d’un couteau et d’une serviette en papier./n Esthétique et résistant : incroyablement robuste, de structure lisse, sans goût./n Fabriqué en carton rigide.",
    "categorie": "couvert",
    "id": 5
  },
  {
    "photo": "https://raja.scene7.com/is/image/Raja/products/baguettes-bambou_PDT00001.jpg?image=M_DINBAG3000_POTCART1000_FR$default$&hei=300&wid=300",
    "prix": "62.10",
    "titre": "Baguette en bambou",
    "full_description": "Fabriquées en bambou./n Longueur de 20 cm. /n Colis de 3000, sous-conditionné en sachet de 100.",
    "categorie": "couvert",
    "id": 6
  }
]