[
  {
    "photo": "https://cdn.shopify.com/s/files/1/0251/2073/5304/products/Perso-Alyson_1024x.jpg?v=1586446216",
    "prix": "29.99",
    "titre": "Bouteille personnalisable",
    "full_description": "Gourde sans BPA en acier inoxydable pour enfants. Incassable, totalement étanche et sans odeurs. Facilement nettoyable grâce à son ouverture. /n Paille intégrée pour que votre enfant puisse boire facilement et dans toutes les positions /n",
    "caracteristiques": {
      "Contenance": "500ml",
      "Matériau": "Acier inoxydable ",
      "Poids": "160 g",
      "Hauteur": "23,5 cm",
      "Largeur": "6,5 cm"
    },
    "categorie": "gourde",
    "id": 0
  },
  {
    "photo": "https://cdn.shopify.com/s/files/1/0251/2073/5304/products/Bouteille-animal-paille-collection-Gourde-Morning_1024x.jpg?v=1584296310",
    "prix": "21.99",
    "titre": "Bouteille animal à paille",
    "full_description": "♻ Gourde sans BPA en acier inoxydable pour enfants. Incassable, totalement étanche et sans odeurs. Facilement nettoyable grâce à son ouverture. /n 🧒 Paille intégrée pour que votre enfant puisse boire facilement et dans toutes les positions. /n",
    "caracteristiques": {
      "Contenance": "500ml",
      "Matériau": "Acier inoxydable",
      "Poids": "160 g",
      "Longueur": "23,5 cm",
      "Largeur": "6,5 cm"
    },
    "categorie": "gourde",
    "id": 1
  },
  {
    "photo": "https://cdn.shopify.com/s/files/1/0251/2073/5304/products/GourdeSpray500mlTurquoiseRoseViolet_1024x.jpg?v=1616782375",
    "prix": "27.99",
    "titre": "Bouteille Spray",
    "full_description": "Découvrez notre nouvelle collection de gourdes Spray qui vous fera craquer à coup sûr. /n Design en dégradé de deux ou trois couleurs pour vous faire fondre ! /n Honnêtement, comment ne pas tomber amoureux de cette collection, on vous le demande ? Et la réponse est : impossible ! Allez faites vous plaisir ! /n 🔥❄ Isotherme : 24h de froid et 12h de chaud /n ♻ En acier inoxydable 304 sans BPA /n 🚰 Lavage facile /n",
    "caracteristiques": {
      "Contenance": "500ml",
      "Poids": "350 g",
      "Largeur": "7 cm",
      "Matériau": " Acier inoxydable"
    },
    "categorie": "gourde",
    "id": 2
  },
  {
    "photo": "https://cdn.shopify.com/s/files/1/0251/2073/5304/products/Bouteille-Inox-Exotique-Wild-Gourde-Morning_1024x.jpg?v=1574683103",
    "prix": "27.99",
    "titre": "Bouteille Exotique",
    "full_description": "🤩 La bouteille Exotique va vous séduire avec son design ultra stylé. /n Ne vous sentez pas coupable, vous ne serez pas le premier ou la première à craquer ! Cette bouteille isotherme à double paroi en inox 304 maintiendra vos breuvages chauds pendant 12h et froids pendant 24h ! /n",
    "caracteristiques": {
      "Contenance": "500ml",
      "Matériau": "Acier inoxydable",
      "Poids": "350 g",
      "Hauteur": "27 cm",
      "Largeur": "7 cm"
    },
    "categorie": "gourde",
    "id": 3
  },
  {
    "photo": "https://cdn.shopify.com/s/files/1/0251/2073/5304/products/Bouteille-Randonne-Vert-Paysage-Gourde-Morning._1024x.jpg?v=1568010955",
    "prix": "24.99",
    "titre": "Gourde Randonnée (sans BPA)",
    "full_description": "La gourde Randonnée est la gourde ultime pour le sportif que vous êtes ! /n Elle vous accompagnera dans vos randonnées, joggings 🏃‍♂️, balades à vélo 🚴 ou à la salle de sport 🏋️‍♂️. Son bouchon sport à haut débit vous permet de boire rapidement entre deux foulées ou coups de pédales. /n La gourde Randonnée dispose d'un double système d'étanchéité pour éviter les fuites 💦 qui pourraient salir votre tout nouveau t-shirt (avouez que ça serait ballot). L'ouverture en un clic à une main est ultra simple et rapide. Elle est fournie avec un filtre infuseur, qui vous permettra de bloquer les glaçons ou les fruits que vous aurez décidé d'infuser (ou pas si vous êtes plutôt eau nature). /n Vous pourrez sortir votre gourde Randonnée en été comme en hiver puisqu'elle résiste à des très hautes et très basses températures (de -10° à 110°). A vous le Pôle Nord ❄️ et le désert 🌵 ! /n Côté fabrication, on est très bien puisqu'il s'agit d'une gourde sans BPA et fabriquée uniquement avec des matériaux sains et inodores labellisés pour l'alimentaire. Le revêtement en silicone assure une bonne prise en main avec un grip solide. /n",
    "caracteristiques": {
      "Matériau": "Tritan sans BPA",
      "Hauteur": "18,6 cm",
      "Largeur": "6,8 cm",
      "Contenance": "400 ml"
    },
    "categorie": "gourde",
    "id": 4
  },
  {
    "photo": "https://cdn.shopify.com/s/files/1/0251/2073/5304/products/Bouteille_Shiny_Acier_Gourde_Morning_1024x.jpg?v=1571313327",
    "prix": "24,99",
    "titre": "Bouteille Shiny",
    "full_description": "Jean-Michel, je vous présente la bouteille Shiny, un grand classique en version brillante du plus bel effet. /n - Dites m'en plus René, je suis intrigué. /n - C'est simple : il s'agit d'une bouteille isotherme à double paroi en acier inoxydable qui gardera votre boisson à température pendant 12 heures ! Son large goulot vous permettra même d'y insérer des glaçons ou des morceaux de fruits pour une eau aromatisée. /n - Mais c'est tout bonnement prodigieux. Je m'en vais la commander de ce pas. /n - Excellente idée Jean-Michel ! /n ",
    "caracteristiques": {
      "Contenance": "500ml",
      "Matériau": "Acier inoxydable",
      "Poids": "350 g",
      "Hauteur": "27 cm",
      "Largeur": "7 cm"
    },
    "categorie": "gourde",
    "id": 5
  },
  {
    "photo": "https://cdn.shopify.com/s/files/1/0251/2073/5304/products/Bouteille-animal-enfants-panda-Gourde-Morning_1024x.jpg?v=1569824927",
    "prix": "19.99",
    "titre": "Bouteille animal",
    "full_description": "➡ Bouteille de 500ml en aluminium et totalement étanche. L'ouverture est adaptée aux enfants pour qu'ils puissent boire facilement sans en mettre partout ! On pense à vous parce que l'on sait qui doit nettoyer derrière 😉.",
    "caracteristiques": {
      "Contenance": "500ml",
      "Matériau": "Acier inoxydable ",
      "Poids": "118 g",
      "Hauteur": "21 cm",
      "Largeur": "6,7 cm"
    },
    "categorie": "gourde",
    "id": 6
  },
  {
    "photo": "https://cdn.shopify.com/s/files/1/0251/2073/5304/products/BouteilleInoxIsothermeThermos-infuseur-bleu_1024x.jpg?v=1584352304",
    "prix": "27.99",
    "titre": "Bouteille Thermos Infuseur",
    "full_description": "Notre bouteille thermos avec infuseur bénéfice d'un design haut de gamme. Elle sera parfaite pour vos voyages d'affaires à New York, Sydney ou encore Dunkerque. /n Cette bouteille isotherme longue durée à double paroi gardera votre boisson au froid pendant 24h et au chaud pendant 12h. Elle est parfaitement étanche, de telle sorte que même à l'envers dans votre sac, rien ne s'écoulera sur votre ordinateur ou votre calepin. /n Elle a été conçue en acier inoxydable (inox) sans BPA. Un infuseur à thé est fourni avec. /n",
    "caracteristiques": {
      "Contenance": "450ml",
      "Matériau": "Acier inoxydable",
      "Poids": "300 g",
      "Hauteur": "23 cm",
      "Largeur": "6,5 cm"
    },
    "categorie": "gourde",
    "id": 7
  },
  {
    "photo": "https://cdn.shopify.com/s/files/1/0251/2073/5304/products/BouteilleIsothermeInoxGourdeMorning500ml_1024x.jpg?v=1584433348",
    "prix": "25.99",
    "titre": "Bouteille Inox Basic",
    "full_description": "Faites connaissance avec un grand classique des bouteilles de bureau : la Bouteille Isotherme Classic !",
    "caracteristiques": {
      "Contenance": "500ml",
      "Matériau": "Acier inoxydable",
      "Poids": "350 g",
      "Hauteur": "27 cm",
      "Largeur": "7 cm"
    },
    "categorie": "gourde",
    "id": 8
  },
  {
    "photo": "https://cdn.shopify.com/s/files/1/0251/2073/5304/products/Bouteille-Isotherme-Randy-Collection-Gourde-Morning_1024x.jpg?v=1571122768",
    "prix": "26.99",
    "titre": "Gourde Randy",
    "full_description": "La bouteille Randy s'adapte comme un caméléon à son environnement. Elle sera parfaite pour toutes les situations : au sport, en voyage, au travail ou en randonnée. Son bouchon en bambou et son style impeccable feront baver de jalousie vos amis ! /n Cerise sur le gâteau, c'est une bouteille isotherme en acier inoxydable 304 sans BPA. En français, cela veut dire que le chaud reste chaud 12h et le froid reste froid 24h ! Alors, on dit quoi ?! /n ",
    "caracteristiques": {
      "Contenance": "500ml",
      "Matériau": "Acier inoxydable",
      "Poids": "350 g",
      "Hauteur": "22 cm",
      "Largeur": "7 cm"
    },
    "categorie": "gourde",
    "id": 9
  },
  {
    "photo": "https://cdn.shopify.com/s/files/1/0251/2073/5304/products/Gourde-Endurance-rose-givre_1024x.jpg?v=1586771826",
    "prix": "29.99",
    "titre": "Gourde Endurance",
    "full_description": "Malgré son look gourde de sport, la gourde Endurance demeure très élégante telle une belle dame en soirée. Au toucher, on s'y méprendrait avec une caresse tant le revêtement est doux. La surface est anti-rayures et les matériaux utilisés la rendent légère. /n Elle dispose d'un système d'ouverture simple à une main. Son bouchon sport vous permettra de boire rapidement pendant ou entre deux exercices. /n Elle est entièrement étanche. Vous pourrez faire le test de la secouer dans tous les sens pour en avoir le coeur net ! /n",
    "caracteristiques": {
      "Contenance": "400ml",
      "Matériau": "Trista, sans BPA",
      "Largeur": "17,5 cm",
      "Hauteur": "17,5cm"
    },
    "categorie": "gourde",
    "id": 10
  },
  {
    "photo": "https://cdn.shopify.com/s/files/1/0251/2073/5304/products/Thermos-bambou-infuseur_1024x.jpg?v=1567751928",
    "prix": "28.99",
    "titre": "Thermos bambou infuseur",
    "full_description": "Cette bouteille isotherme en bambou gardera votre breuvage préféré au chaud pendant 12h ou au frais pendant 24h. /n L'intérieur de ce thermos est en acier inoxydable. L'extérieur en bambou lui confère un aspect lisse. Vous aurez probablement envie de le caresser toute la journée. Attention, fort risque d'addiction. /n Modèle idéal pour les nature lovers et les pandas <3 /n",
    "caracteristiques": {
      "Contenance": "350ml",
      "Matériau": "Acier inoxydable",
      "Poids": "350 g",
      "Hauteur": "19,5 cm",
      "Largeur": "6,5 cm"
    },
    "categorie": "gourde",
    "id": 11
  },
  {
    "photo": "https://cdn.shopify.com/s/files/1/0251/2073/5304/products/Bouteille-Inox-Isotherme-Chrome-Caramel-Violet-Bleu_1024x.jpg?v=1586529142",
    "prix": "27.99",
    "titre": "Bouteille Chrome",
    "full_description": "Envie d'éblouir vos collègues de travail avec la plus belle bouteille de l'open space ? C'est donc bien la bouteille Chrome qu'il vous faut ! /n Avec sa double paroi en acier inoxydable 304, elle vous tiendra chaud l'hiver pendant 12h et vous rafraîchira l'été pendant 24h (possibilité de négocier le printemps et l'automne directement avec votre bouteille !). /n",
    "caracteristiques": {
      "Contenance": "500ml",
      "Matériau": "Acier inoxydable",
      "Poids": "350 g",
      "Hauteur": "27 cm",
      "Largeur": "7 cm"
    },
    "categorie": "gourde",
    "id": 12
  },
  {
    "photo": "https://cdn.shopify.com/s/files/1/0251/2073/5304/products/Bouteille_Thermos_Isotherme_Chat_Collection_Gourde_Morning_Collection_Rose_Or_Noir_Bleu_1024x.jpeg?v=1584296201",
    "prix": "26.99",
    "titre": "Bouteille Thermos Chat",
    "full_description": "Si vous êtes arrivés jusque là c'est que vous avez probablement un gros faible pour nos petits amis à poils doux ! Cha tombe bien, vous allez pouvoir craquer pour cette bouteille isotherme chat. /n En acier inoxydable et avec sa double paroi, elle vous permettra de garder votre lait (ou autre chose, on n'oblige personne !) au chaud pendant 12h ou au frais pendant 24h. /n",
    "caracteristiques": {
      "Contenance": "320ml",
      "Matériau": "Acier inoxydable",
      "Poids": "300 g",
      "Hauteur": "25 cm",
      "Largeur": "6 cm"
    },
    "categorie": "gourde",
    "id": 13
  },
  {
    "photo": "https://cdn.shopify.com/s/files/1/0251/2073/5304/products/Bouteille_Inox_Isotherme_Collection_Galaxy_Gourdes_1024x.jpg?v=1578135425",
    "prix": "27.99",
    "titre": "Bouteille Galaxy",
    "full_description": "Bouteille isotherme en acier inoxydable à l'aspect voie lactée. Elle ravira les fans d'astronomie et de Big Bang Theory. Conservation de la chaleur jusqu'à 12h et du froid jusqu'à 24h. /n Vous voulez entendre des 'ouahhhhhh' de la part de vos collègues ? Il vous suffit de poser cette bouteille sur votre bureau, effet garanti ! /n ",
    "caracteristiques": {
      "Contenance": "500ml",
      "Matériau": "Acier inoxydable",
      "Poids": "350 g",
      "Hauteur": "27 cm",
      "Largeur": "7 cm"
    },
    "categorie": "gourde",
    "id": 14
  },
  {
    "photo": "https://cdn.shopify.com/s/files/1/0251/2073/5304/products/BouteilleInoxIsothermeMarbreNoire_1024x.jpg?v=1584295919",
    "prix": "27.99",
    "titre": "Bouteille Marbre",
    "full_description": "La collection de bouteilles isothermes Marbre se décline en de nombreux magnifiques coloris. Le design s'inspire des plus beaux murs en marbre du monde. Une collection qui vous fera voyager ! /n Ces bouteilles sont totalement étanches, en acier inoxydable et elles vous permettront de garder votre boisson au froid ou au chaud pendant 24h. /n Bonus : grâce à ses matériaux spécialement étudiés, l'intérieur de votre bouteille ne dégagera jamais de mauvaises odeurs. /n ",
    "caracteristiques": {
      "Contenance": "500ml",
      "Matériau": "Acier inoxydable",
      "Poids": "350 g",
      "Hauteur": "27 cm",
      "Largeur": "7 cm"
    },
    "categorie": "gourde",
    "id": 15
  },
  {
    "photo": "https://cdn.shopify.com/s/files/1/0251/2073/5304/products/Bouteille-Wood-Bois-Gourde-Morning_1024x.jpg?v=1619335240",
    "prix": "27.99",
    "titre": "Bouteille Bois",
    "full_description": "🔥 Une sélection unique de bouteilles isothermes avec effet boisé. Elles sont en acier inoxydable et gardent le contenu à température pendant 12 à 24 heures. /n 👍 La collection préférée des bucherons ! /n",
    "caracteristiques": {
      "Contenance": "500ml",
      "Matériau": "Acier inoxydable",
      "Poids": "350 g",
      "Hauteur": "27 cm",
      "Largeur": "7 cm"
    },
    "categorie": "gourde",
    "id": 16
  },
  {
    "photo": "https://cdn.shopify.com/s/files/1/0251/2073/5304/products/Bouteille-Picasso-Gourde-Morning_1024x.jpg?v=1567751904",
    "prix": "27.99",
    "titre": "Bouteille Picasso",
    "full_description": "L'art abstrait c'est votre truc ? Alors la bouteille isotherme Picasso est pour vous ! Un design unique qui fera à coup sûr son effet lorsque vous la dégainerez au bureau pour vous désaltérer en toute tranquillité. /n La bouteille Picasso a des propriétés isothermes : son contenu restera au chaud pendant 12h et au froid pendant 24h. Elle est en acier inoxydable anti-odeur et son dessous est anti-dérapant /n",
    "caracteristiques": {
      "Contenance": "500ml",
      "Matériau": "Acier inoxydable",
      "Poids": "350 g",
      "Hauteur": "27 cm",
      "Largeur": "7 cm"
    },
    "categorie": "gourde",
    "id": 17
  },
  {
    "photo": "https://cdn.shopify.com/s/files/1/0251/2073/5304/products/Bouteille-Tropic-Gourde-Morning_1024x.jpg?v=1576405928",
    "prix": "27,99",
    "titre": "Bouteille Tropical",
    "caracteristiques": {
      "Contenance": "500ml",
      "Matériau": "Acier inoxydable",
      "Poids": "350 g",
      "Hauteur": "27 cm",
      "Largeur": "7 cm"
    },
    "categorie": "gourde",
    "id": 18
  },
  {
    "photo": "https://cdn.shopify.com/s/files/1/0251/2073/5304/products/MugInoxIsothermeValentinaNoirGourdeMorning_1024x.jpg?v=1584626706",
    "prix": "28.99",
    "titre": "Mug Inox Valentina",
    "full_description": "Dites adieu aux gobelets en plastique et bonjour à votre Mug Valentina, votre nouveau meilleur ami pour vos journée de travail ! /n Ce mug en acier inoxydable dispose : /n     D'une grande capacité de 600ml /n     D'une double paroi en acier inoxydable 304  /n     De propriétés isotherme : vos boissons restent 🔥 chaudes pendant 12h et ❄ froides pendant 24h ! /n     D'un couvercle totalement étanche à double position /n Votre mug Valentina est adapté pour trouver parfaitement sa place dans les portes-gobelets de votre voiture. /nIl ne convient pas de placer votre Mug Inox Valentina au congélateur, au micro-ondes ou encore au lave-vaisselle. Avec sa grande ouverture, vous pourrez aisément le laver à la main 😉. /n ",
    "caracteristiques": {
      "Contenance": "600ml",
      "Matériau": "Acier inoxydable",
      "Poids": "300 g",
      "Hauteur": "17,5 cm",
      "Largeur": "7,5 cm"
    },
    "categorie": "gourde",
    "id": 19
  },
  {
    "photo": "https://cdn.shopify.com/s/files/1/0251/2073/5304/products/Bouteille-Isotherme-Vintage-Rose-Gourde-Morning_1024x.jpg?v=1570775587",
    "prix": "27.99",
    "titre": "Bouteille Vintage",
    "full_description": "full description",
    "caracteristiques": {
      "Contenance": "470ml",
      "Matériau": "Acier inoxydable",
      "Poids": "320 g",
      "Hauteur": "24 cm",
      "Largeur": "7 cm"
    },
    "categorie": "gourde",
    "id": 20
  },
  {
    "photo": "https://cdn.shopify.com/s/files/1/0251/2073/5304/products/Gourde_Randy_sport_collection_0f60718e-6b05-4693-8e98-9cc26718c12d_1024x.jpg?v=1586773753",
    "prix": "28.99",
    "titre": "Randy Sport",
    "full_description": "La bouteille Randy Sport est un must have pour les sportifs. Il s'agit d'une gourde de haute qualité de 600ml aux nombreux avantages : /n     Gourde isotherme (garde le froid 24h et le chaud 12h) /n     Paille sport intégrée (permet de boire en aspirant, sans incliner la bouteille) /n     Double paroi en acier inoxydable 304  /n     Sans BPA /n     Système d'étanchéité garantie /n",
    "caracteristiques": {
      "Contenance": "600ml",
      "Matériau": "Acier inoxydable",
      "Poids": "350 g",
      "Hauteur": "28 cm",
      "Largeur": "7 cm"
    },
    "categorie": "gourde",
    "id": 21
  },
  {
    "photo": "https://cdn.shopify.com/s/files/1/0251/2073/5304/products/BouteilleIsothermeInoxMixNoirGourdeMorning_1024x.jpg?v=1586439890",
    "prix": "27.99",
    "titre": "Bouteille Mix",
    "full_description": "Bouteille isotherme à double paroi en acier inoxydable. La bouteille Mix conservera vos boissons ❄ fraîches 24h et chaudes 12h 🔥 ! /n La base de la bouteille ainsi que son bouchon sont couleur inox pour plus de style 🤩. /n Bouteille sans BPA, saine et totalement étanche 💦. /n",
    "caracteristiques": {
      "Contenance": "500ml",
      "Matériau": "Acier inoxydable",
      "Poids": "350 g",
      "Hauteur": "27 cm",
      "Largeur": "7 cm"
    },
    "categorie": "gourde",
    "id": 22
  },
  {
    "photo": "https://cdn.shopify.com/s/files/1/0251/2073/5304/products/GourdeIsothermeeninoxBouteillePyramideJungle_1024x.jpg?v=1584461813",
    "prix": "28.99",
    "titre": "Pyramide Jungle",
    "full_description": "🔥 Ne ratez pas le style le plus en vogue de 2020 : la bouteille Pyramide Jungle 🔥 /n La bouteille Pyramide Jungle est isotherme et conservera votre boisson chaude pendant 12h 🔥 et fraîche pendant 24h ❄. /n Elle est composée d'acier inoxydable 304 de haute qualité (18/8). /n Son goulot lisse est parfaitement adapté pour boire facilement. /n",
    "caracteristiques": {
      "Contenance": "500ml",
      "Matériau": "Acier inoxydable",
      "Poids": "350 g",
      "Hauteur": "27 cm",
      "Largeur": "7 cm"
    },
    "categorie": "gourde",
    "id": 23
  },
  {
    "photo": "https://cdn.shopify.com/s/files/1/0251/2073/5304/products/BouteilleenVerreavecinfuseur450ml_1024x.jpg?v=1586526989",
    "prix": "34.99",
    "titre": "Bouteille Verre Premium",
    "full_description": "Cette bouteille en verre bénéfice d'une double paroi afin de résister aux températures les plus extrêmes. Vous pourrez ainsi y mettre de l'eau chaude sans risquer de vous brûler 🔥✅./n La version 450ml comprend un infuseur filtre à thé de grosse capacité. Vous pourrez faire infuser votre thé facilement. Grâce à ses mailles ultra fines, vous n'aurez pas de résidus de thé dans votre eau. /n 🍓 Vous pouvez également faire infuser vos fruits. /n La bouteille en verre Premium est composée d'une double paroi en verre borosilicate sans plomb, d'un filtre en acier inoxydable 304 (18/8) et d'un bouchon en bambou. /n Etanchéité totale garantie. /n ",
    "caracteristiques": {
      "Contenance": "350ml",
      "Matériau": "Verre borosilicate sans plomb",
      "Bouchon": "Bambou",
      "Hauteur": "27 cm",
      "Largeur": "7 cm",
      "Filtre": "Acier inoxydable"
    },
    "categorie": "gourde",
    "id": 24
  },
  {
    "photo": "https://cdn.shopify.com/s/files/1/0251/2073/5304/products/Collection_Bouteille_Inox_Isotherme_a_paillettes_Gourde_Morning_1024x.jpg?v=1578081813",
    "prix": "28.99",
    "titre": "Bouteille Inox Glitter",
    "full_description": "La bouteille Glitter vous mettra des paillettes plein les yeux (même à toi Kévin) ! /n Bouteille idéale pour les enterrements de vie de jeune fille et baby shower. Son style éclatant fera effet à coup sûr ! /n En plus de son superbe design, la bouteille Glitter en inox est isotherme et gardera donc vos mojitos au frais pendant 24h ! Pour les plus raisonnables, votre café restera bien au chaud pendant 12h. /n Bouteille sans BPA et totalement étanche, alors on attend quoi pour la commander ?! /n ",
    "caracteristiques": {
      "Contenance": "500ml",
      "Matériau": "Acier inoxydable",
      "Poids": "350 g",
      "Hauteur": "27 cm",
      "Largeur": "7 cm"
    },
    "categorie": "gourde",
    "id": 25
  },
  {
    "photo": "https://cdn.shopify.com/s/files/1/0251/2073/5304/products/Gourde-Challenger-Gris-main_1024x.jpg?v=1568101626",
    "prix": "26.99",
    "titre": "Gourde Fitness (Sans BPA)",
    "full_description": "Tout simplement notre best seller dans la catégorie des gourdes de sport. Vous allez vite comprendre pourquoi ! /nLa gourde Fitness dispose d'un système de fermeture/ouverture ultra simple à une main qui vous. Le couvercle est anti-fuite et incassable. /nCette gourde est graduée. Vous pouvez donc voir ce que vous avez bu et ce qu'il vous reste à boire. Et oui, c'est important de s'hydrater ! /n La gourde Fitness est une gourde sans BPA. Elle et saine et respectueuse de l'environnement grâce à ses matériaux en copolyester Tritan de première qualité sans BPA et sans toxines ! Vous aurez donc la même impression que lorsque vous buvez dans une bouteille en verre. Aucune odeur de plastique désagréable en vue ;) /n Son ouverte est large lorsque vous dévissez le bouchon. Cela vous permettra de la nettoyer très facilement.  /n Elle est livrée avec un cordon qui rendra son transport encore plus facile ainsi qu'avec un infuseur. /n Elle résistera à des température comprises entre -10° et +96°. De quoi aller en Antarctique ou dans le Sahara tranquillement avec la gourde la Fitness ! /n",
    "caracteristiques": {
      "Contenance": "350ml",
      "Matériau": "Tritan sans BPA",
      "Hauteur": "27 cm",
      "Largeur": "7 cm"
    },
    "categorie": "gourde",
    "id": 26
  },
  {
    "photo": "https://cdn.shopify.com/s/files/1/0251/2073/5304/products/GourdeIsothermeeninoxBouteillePyramideTropical_1024x.jpg?v=1584456950",
    "prix": "28.99",
    "titre": "Pyramide Tropical",
    "full_description": "La bouteille Pyramide Tropical est composée d'acier inoxydable. /n Elle est isotherme ! A vous les boissons qui restent fraiches pendant 24h ❄ et chaudes pendant 12h🔥. /n Restez hydraté toute la journée avec sa capacité de 500ml. /n",
    "caracteristiques": {
      "Contenance": "500ml",
      "Matériau": "Acier inoxydable",
      "Poids": "350 g",
      "Hauteur": "27 cm",
      "Largeur": "7 cm"
    },
    "categorie": "gourde",
    "id": 27
  },
  {
    "photo": "https://cdn.shopify.com/s/files/1/0251/2073/5304/products/GourdeIsothermeeninoxBouteillePyramideCampo_1024x.jpg?v=1584461073",
    "prix": "28.99",
    "titre": "Pyramide Campo",
    "full_description": "🔥 Nouvelle tendance : la bouteille Pyramide Campo🔥 /n Une bouteille à la forme pyramidale pour surprendre vos proches (et frimer) ! /n La bouteille Pyramide Campo possède de nombreux avantages : /n     Conçue en acier inoxydable 304 de haute qualité (18/8). /n     Isotherme (24h de frais et 12h de chaud). /n     Capacité de 500ml. /n     Un goulot facile d'utilisation. /n     Système de totale étanchéité. /n     Un style unique ! /n ",
    "caracteristiques": {
      "Contenance": "500ml",
      "Matériau": "Acier inoxydable",
      "Poids": "350 g",
      "Hauteur": "27 cm",
      "Largeur": "7 cm"
    },
    "categorie": "gourde",
    "id": 28
  },
  {
    "photo": "https://cdn.shopify.com/s/files/1/0251/2073/5304/products/Bouteille-Glass-Tube-panier_1024x.jpg?v=1584948988",
    "prix": "32.99",
    "titre": "Bouteille Verre",
    "full_description": "Cette bouteille en verre avec son couvercle en bambou est l'alliance parfaite de la sobriété et de l'efficacité. Ce modèle écolo comporte de nombreux avantages : /n     Infuseur inclus (pour filtrer votre thé ou vos jus de fruits) /n     Bouchon en bambou complètement étanche /n     Résistance à très haute et très basse température /n     Cordelette intégrée au bouchon pour la transporter /n     Verre de haute qualité sans plomb /n     Dessous de la bouteille antidérapant /n     Sans BPA/n",
    "caracteristiques": {
      "Contenance": "380ml",
      "Matériau": "Verre borosilicate sans plomb",
      "Poids": "350 g",
      "Hauteur": "19 cm",
      "Largeur": "6 cm",
      "Filtre": "Acier inoxydable"
    },
    "categorie": "gourde",
    "id": 29
  },
  {
    "photo": "https://cdn.shopify.com/s/files/1/0251/2073/5304/products/Bouteille-Pinky-Flower_1024x.jpg?v=1567751905",
    "prix": "27.99",
    "titre": "Bouteille Pinky flower",
    "full_description": "Pour les fans de rose bonbon, c'est la bouteille Pinky Flower qu'il vous faut ! Imaginez là trôner fièrement sur votre bureau entre votre écran et votre souris. L'idée parfaite pour rendre vos collègues jaloux ! /n La bouteille Pinky Flower est isotherme, elle gardera votre boisson au froid pendant 24h et au chaud pendant 12h. De quoi regarder tranquillement Titanic deux fois dans le canapé avec votre bouteille à la main ! /n  Côté fabrication, la bouteille est en acier inoxydable (inox) donc aucun problème d'odeur à l'horizon. /n C'est LA bouteille qu'il vous faut, n'est-ce pas ?! /n ",
    "caracteristiques": {
      "Contenance": "500ml",
      "Matériau": "Acier inoxydable",
      "Poids": "350 g",
      "Hauteur": "27 cm",
      "Largeur": "7 cm"
    },
    "categorie": "gourde",
    "id": 30
  },
  {
    "photo": "https://cdn.shopify.com/s/files/1/0251/2073/5304/products/Bouteille-Celeste-Gourde-Morning_1024x.jpg?v=1567751892",
    "prix": "27,99",
    "titre": "Bouteille Céleste",
    "full_description": "La bouteille Céleste est aussi belle qu'un marshmallow est doux. Comme toutes nos bouteilles, elle est en acier inoxydable et isotherme : garde de la chaleur pendant 12h et du froid pendant 24h. /n Elle irait parfaitement sur votre bureau, juste à côté de votre clavier, entre votre carnet de notes et votre pot à crayons. /n ",
    "caracteristiques": {
      "Contenance": "500ml",
      "Matériau": "Acier inoxydable",
      "Poids": "350 g",
      "Hauteur": "27 cm",
      "Largeur": "7 cm"
    },
    "categorie": "gourde",
    "id": 31
  },
  {
    "photo": "https://cdn.shopify.com/s/files/1/0251/2073/5304/products/Bouteille-en-inox-isotherme-Miami-Sunset_1024x.jpg?v=1575552402",
    "prix": "27.99",
    "titre": "Bouteille Miami",
    "full_description": "Rafraîchissez vous avec cette bouteille Miami pleine de palmiers et de couchers de soleil ! Ca sent clairement les vacances et la baignade par ici ! /n Il fait 40° à l'ombre ? Pas de soucis, votre bouteille en inox isotherme gardera votre eau fraiche pendant 24h. Autant dire que vous pouvez vous tartiner un paquet de fois d'indice 50 avant que votre eau ne soit chaude ! /n Envie d'aller vous baigner à Dunkerque en décembre ? Ca marche aussi : vous pourrez garder votre café au chaud pendant 12h pour vous réchauffer en sortant de l'eau ! /n",
    "caracteristiques": {
      "Contenance": "500ml",
      "Matériau": "Acier inoxydable",
      "Poids": "350 g",
      "Hauteur": "27 cm",
      "Largeur": "7 cm"
    },
    "categorie": "gourde",
    "id": 32
  },
  {
    "photo": "https://cdn.shopify.com/s/files/1/0251/2073/5304/products/Mug_cafe_inox_isotherme_noir_Gourde_Morning_1024x.jpg?v=1580235359",
    "prix": "28.99",
    "titre": "Mug à café en Inox",
    "full_description": "Equipez-vous avec le mug à café idéal ! /n Vous aimez boire votre café doucement tout au long de votre matinée ? Vous l'appréciez pendant que vous êtes dans les embouteillages ? /n Ce mug isotherme en acier inoxydable est fait pour vous ! Il gardera votre café au chaud pendant 12 heures et vous pourrez en profiter tout au long de votre journée ! /n Avec son système d'ouverture et de fermeture, il est très facile d'utilisation. Son système d'étanchéité, vous permettra de la balader dans votre sac sans avoir peur d'en reverser. /n Grâce à sa double paroi en acier inoxydable, le toucher du mug restera froid malgré que le café soit très chaud à l'intérieur. /n Le revêtement anti-dérapant du mug à café en inox permet une excellente prise en main et évite tout risque de renverser votre mug ! /n",
    "caracteristiques": {
      "Contenance": "380ml",
      "Matériau": "Acier inoxydable",
      "Poids": "260 g",
      "Hauteur": "13 cm",
      "Largeur": "9 cm"
    },
    "categorie": "gourde",
    "id": 33
  },
  {
    "photo": "https://cdn.shopify.com/s/files/1/0251/2073/5304/products/Mug_Inox_Isotherme_Cafe_Paille_Multicolore_1024x.jpg?v=1575291605",
    "prix": "34.99",
    "titre": "Mug Inox Peacock",
    "full_description": "Bravo, vous venez de tomber sur votre nouveau meilleur ami ! Votre mug isotherme en inox avec sa paille en inox ! /n Découvrez les nombreux avantages de ce mug : /n     Matériau de haute qualité : acier inoxydable (inox) 304 /n     Isotherme /n     Grande capacité de 600ml /n     Un design élégant et épuré /n     Paille en inox fournie /n     Grande ouverture pour un nettoyage facile /n     Possibilité de dévisser le couvercle /n     3 dégradés de couleurs disponibles /n Le mug idéal pour garder votre café ou votre thé au chaud l'hiver. Il gardera également vos boissons très fraiches pendant l'été. Parfait pour boire votre Mojito en tout discrétion 😆🍹. /n",
    "caracteristiques": {
      "Contenance": "600ml",
      "Matériau": "Acier inoxydable",
      "Poids": "400 g",
      "Hauteur": "18 cm",
      "Largeur": "66 cm"
    },
    "categorie": "gourde",
    "id": 34
  },
  {
    "photo": "https://cdn.shopify.com/s/files/1/0251/2073/5304/products/Mug_bouteille_inox_isotherme_Dandy_noir_solo_1024x.jpg?v=1580328943",
    "prix": "25.99",
    "full_description": "Pour boire votre café avec style, il y a le mug en inox Dandy. /n Avec sa double paroi en acier inoxydable, il maintiendra votre café au chaud pendant 12h. Impossible de vous brûler puisque l'extérieur du mug restera froid même avec un café bouillant à l'intérieur. /n Son format est adapté aux porte-boissons des voitures, pour que vous puissiez profiter de votre café pendant les embouteillages matinaux ! /nSon bouchon est totalement étanche afin que vous puissiez le glisser dans votre sac sans craindre une fuite. /n Son aspect épuré est idéal pour un usage professionnel discret et stylé. /n  Il est équipé d'un filtre pour les amateurs de thé :) /n Large ouverture qui vous permettra de nettoyer votre mug en inox facilement. /n",
    "caracteristiques": {
      "Contenance": "350ml",
      "Matériau": "Acier inoxydable",
      "Poids": "260 g",
      "Hauteur": "17,5 cm",
      "Largeur": "7 cm"
    },
    "categorie": "gourde",
    "id": 35
  },
  {
    "photo": "https://cdn.shopify.com/s/files/1/0251/2073/5304/products/Mug_Inox_Moon_Isotherme_Bleu_Jaune_1024x.jpg?v=1575374546",
    "prix": "24.99",
    "titre": "Bouteille Inox petit format",
    "full_description": "Pas de jaloux avec cette collection de bouteilles isothermes en inox dédiée aux parents et aux enfants ! /n Les parents pourront bénéficier du format 500ml et les enfants du petit format 260ml, idéal pour se glisser dans un sac ou dans une poche. /n Le format 260ml convient également parfaitement à ceux qui souhaitent une petite bouteille d'appoint à glisser dans un sac à main, une poche de blouson ou encore une sacoche de travail. /n Les bouteilles sont en acier inoxydable et isothermes pour un maintien optimal de la chaleur pendant 12h et du froid pendant 24h. Système anti-fuite et matériau sans BPA viennent compléter cette magnifique collection. /n ",
    "caracteristiques": {
      "Contenance": "500ml",
      "Matériau": "Acier inoxydable",
      "Poids": "350 g",
      "Hauteur": "27 cm",
      "Largeur": "7 cm"
    },
    "categorie": "gourde",
    "id": 36
  },
  {
    "photo": "https://cdn.shopify.com/s/files/1/0251/2073/5304/products/Mug-Inox-Isotherme-Multicolore_1024x.jpg?v=1575305014",
    "prix": "34.99",
    "titre": "Mug Inox Parrot",
    "full_description": "Mug isotherme à double paroi en inox pour garder votre café bien chaud ! Il est fourni avec une paille en inox. /n En voiture ou au bureau, si vous aimez vous balader avec votre café à la main, ce mug en inox est fait pour vous ! Sa grande capacité de 600ML vous permettra de tenir toute la journée. /n Son couvercle est amovible, ainsi vous pourrez l'utiliser avec ou sans la paille en inox en fonction de vos envie et de votre humeur.  /n Fonctionne également avec du thé bien chaud ou du mojito bien glacé ! On ne voudrait pas faire de jaloux ! /n Sa grande ouverture vous permettra de le nettoyer facilement. Et oui, un mug en inox, c'est comme un mariage, ça s'entretien régulièrement ! /n Son design unique et moderne permet une très bonne prise en main./n",
    "caracteristiques": {
      "Contenance": "600ml",
      "Matériau": "Acier inoxydable",
      "Poids": "4400 g",
      "Hauteur": "19 cm",
      "Largeur": "6,8 cm"
    },
    "categorie": "gourde",
    "id": 37
  },
  {
    "photo": "https://cdn.shopify.com/s/files/1/0251/2073/5304/products/Mug_Inox_Sweet_Isotherme_or_rose_1024x.jpg?v=1575372934",
    "prix": "33.99",
    "titre": "Mug Inox Sweet",
    "full_description": "Que celui qui a envie de craquer pour ce mug en inox isotherme lève la main.🙋‍♀️🙋‍♂️🙋‍♀️🙋‍♂️🙋‍♀️🙋‍♂️🙋‍♀️🙋‍♂️ /n C'est bien ce qu'il nous semblait ! /n Mug isotherme à double paroi en inox pour garder vos boissons biennnnn chaudes pendant longtemps (et bien fraiches pendant encore plus longtemps !). Grande contenance de 600ml. /n Paille en inox intégrée, hop vous venez de sauver une tortue ! /n Et si vous n'aimez pas boire à la paille, le couvercle est amovible pour que vous puissiez siroter votre mixture tranquillement ! /n Grande ouverture qui vous permettra d'accéder facilement à l'intérieur = nettoyage hyper simple. /n ",
    "caracteristiques": {
      "Contenance": "600ml",
      "Matériau": "Acier inoxydable",
      "Poids": "400 g",
      "Hauteur": "18 cm",
      "Largeur": "6,7 cm"
    },
    "categorie": "gourde",
    "id": 38
  },
  {
    "photo": "https://cdn.shopify.com/s/files/1/0251/2073/5304/products/Bouteille_Inox_Isotherme_Sunshine_Jaune_Rose_1024x.jpg?v=1577097513",
    "prix": "34.00",
    "titre": "Bouteille Sunshine Inox",
    "full_description": "Tel un magnifique lever de soleil, découvrez nos bouteilles Sunshine en inox avec leurs douces nuances de couleurs en dégradé. /n Ces bouteilles à double paroi en acier inoxydable sont isothermes : votre boisson restera chaude pendant 12h 🔥et fraîche pendant 24h ❄️. /n Le bouchon est doté d'un système d'étanchéité pour éviter les fuites. Vous pouvez donc secouer votre bouteille ou la ranger dans votre sac en vrac sans aucun risque. /n",
    "caracteristiques": {
      "Contenance": "500ml",
      "Matériau": "Acier inoxydable",
      "Poids": "350 g",
      "Hauteur": "27 cm",
      "Largeur": "7 cm"
    },
    "categorie": "gourde",
    "id": 39
  },
  {
    "photo": "https://cdn.shopify.com/s/files/1/0251/2073/5304/products/Bouteille-Mondrian-Gourde-Morning_1024x.jpg?v=1567751904",
    "prix": "27.99",
    "titre": "Bouteille Mondrian",
    "full_description": "Vous êtes fan d'art abstrait ? La bouteille Mondrian est faite pour vous ! Vous n'êtes pas fan d'art ? Pas grave, elle est quand même faite pour vous ! Son design unique fera de vous la star au bureau ! /n Côté caractéristiques, c'est une bouteille isotherme (froid/chaud pendant 24/12h), en acier inoxydable, étanche et sans BPA comme toutes nos bouteilles. Elle deviendra rapidement votre meilleure amie ! /n ",
    "caracteristiques": {
      "Contenance": "500ml",
      "Matériau": "Acier inoxydable",
      "Poids": "350 g",
      "Hauteur": "27 cm",
      "Largeur": "7 cm"
    },
    "categorie": "gourde",
    "id": 40
  },
  {
    "photo": "https://cdn.shopify.com/s/files/1/0251/2073/5304/products/Bouteille-Flamingo_1024x.jpg?v=1576502196",
    "prix": "27.99",
    "titre": "Bouteille Flamingo",
    "full_description": "Bouteille isotherme à double paroi en inox : votre chaud sera au chaud pendant 12h et votre froid restera froid jusqu'à 24h. Elle est pas belle la vie ? /n Exotique à souhait, la bouteille Flamingo devrait plaire à beaucoup de monde ! /n Savez-vous qu'il existe de nombreux types de flamants roses : le flamant andin, le flamant chilien, le flamant de James ... Non ? Et bien nous on le savait donc on s'est dit qu'on allait le partager avec vous ! /n Franchement, elle est quand même assez stylée cette bouteille, non ? Donnez-nous une bonne raison de ne pas craquer ! /n ",
    "caracteristiques": {
      "Contenance": "500ml",
      "Matériau": "Acier inoxydable",
      "Poids": "350 g",
      "Hauteur": "27 cm",
      "Largeur": "7 cm"
    },
    "categorie": "gourde",
    "id": 41
  },
  {
    "photo": "https://cdn.shopify.com/s/files/1/0251/2073/5304/products/Bouteille-Inox-Pyramide-Triagnle-Rouge-Gourde-Morning_1024x.jpg?v=1576502557",
    "prix": "28,99",
    "titre": "Bouteille Pyramide",
    "full_description": "Ramsès II ne s'en séparait jamais, il aurait même déclaré 'je me suis inspiré de ma bouteille Pyramide Gourde Morning pour bâtir quelques édifices'. Info ou intox ? On ne saura jamais !/n Par contre, ce que l'on sait pour sûr, c'est qu'il s'agit d'une bouteille isotherme en acier inoxydable 304. La bouteille Pyramide est donc un petit bijou puisqu'elle gardera le contenu froid pendant 24h et chaud pendant 12h. Pour plaire encore plus au pharaons, cette bouteille est sans BPA et possède un système d'étanchéité éprouvé. /n Son style unique en triangle est du plus bel effet. /n",
    "caracteristiques": {
      "Contenance": "500ml",
      "Matériau": "Acier inoxydable",
      "Poids": "350 g",
      "Hauteur": "27 cm",
      "Largeur": "7 cm"
    },
    "categorie": "gourde",
    "id": 42
  },
  {
    "photo": "https://cdn.shopify.com/s/files/1/0251/2073/5304/products/Gourde-Enfant-Kid-Pocket-Giraffe-Gourde-Morning_1024x.jpg?v=1569824930",
    "prix": "19.99",
    "titre": "Gourde Kids",
    "full_description": "La gourde kids pour enfants risque de faire craquer un paquet de parents ! /n D'une contenance de 450ml, c'est une gourde sans BPA en plastique alimentaire, avec une paille intégrée pour que votre petit bout puisse boire facilement. La tétine est en silicone de haute qualité, totalement saine. /n Avec sa large ouverture, elle sera très facile à nettoyer. /n ",
    "caracteristiques": {
      "Contenance": "450ml",
      "Matériau": "Acier inoxydable",
      "Poids": "125 g",
      "Hauteur": "18,6 cm",
      "Largeur": "6,8 cm"
    },
    "categorie": "gourde",
    "id": 43
  },
  {
    "photo": "https://cdn.shopify.com/s/files/1/0251/2073/5304/products/Bouteille-Basic-Inox-debout_1024x.jpg?v=1567751916",
    "prix": "23.99",
    "titre": "Gourde Basic Inox",
    "full_description": "La meilleure amie des randonneurs. La gourde Basic Inox trouvera facilement sa place dans votre sac à dos. Admirez le point de vue que vous avez mérité après 10km de marche en vous rafraichissant avec votre gourde Basic ! /n Elle est en acier inoxydable (inox) sans BPA et anti-odeur. Son bouchon assure une parfaite étanchéité. /n ",
    "caracteristiques": {
      "Contenance": "500ml",
      "Matériau": "Acier inoxydable",
      "Poids": "240 g",
      "Hauteur": "15,6 cm",
      "Largeur": "6,5 cm"
    },
    "categorie": "gourde",
    "id": 44
  },
  {
    "photo": "https://cdn.shopify.com/s/files/1/0251/2073/5304/products/product-image-977548331_1024x.jpg?v=1578136541",
    "prix": "27.99",
    "titre": "Bouteille Birdie",
    "full_description": "🔥 La bouteille Birdie est isotherme avec une double paroi en acier inoxydable (qu'on appelle communément inox). Elle gardera votre café ou votre thé (ou votre grog c'est vous qui voyez) au chaud pendant 12h et votre eau (ou votre Mojito) bien au frais pendant 24h ! /n 👍 On a pensé aux maladroits : cette bouteille est antidérapante et totalement étanche ;) /n 🌴 Sans oublier le principal : il y a des flamants roses et des toucans dessus, ça n'est pas rien ! /n ",
    "caracteristiques": {
      "Contenance": "500ml",
      "Matériau": "Acier inoxydable",
      "Poids": "350 g",
      "Hauteur": "27 cm",
      "Largeur": "7 cm"
    },
    "categorie": "gourde",
    "id": 45
  }
]