[
  {
    "photo": "https://static.bhv.fr/media/991/99104861/G_99104861_378_VPM_1.jpg",
    "prix": "22.90",
    "titre": "BODUM Set 2 verres espresso",
    "full_description": "Set de 2 verres double paroi, 0,08L, Pavina",
    "caracteristiques": {
      "Couleur": "Transparent"
    },
    "categorie": "verre_a_eau",
    "id": 0
  },
  {
    "photo": "https://static.bhv.fr/media/3004021/300402155541/G_300402155541_101_VPM_1.jpg",
    "prix": "16.00",
    "titre": "IITTALA Verres Kartio - pluis",
    "full_description": "Les verres Kartio d'Iittala allient simplicité et élégance, évoquant le design unique du légendaire designer finlandais Kaj Franck. La création unique du designer capture parfaitement l'équilibre entre la matière et les formes géométriques. Les différentes couleurs dynamiques des robustes lentilles Kartio d'Iittala apportent de la variété au quotidien et de l'élégance aux grandes occasions. La gamme dynamique de couleurs des verres Kartio d'Iittala reflète les vastes connaissances de l'entreprise dans le domaine du verre coloré. ",
    "caracteristiques": {
      "Couleur": "Bleu",
      "Composition": "Verre"
    },
    "categorie": "verre_a_eau",
    "id": 1
  },
  {
    "photo": "https://static.bhv.fr/media/570/57010754/G_57010754_444_VPM_1.jpg",
    "prix": "36.90",
    "titre": "ABSOLUMENT MAISON 6 verres à pied à eau Peul",
    "full_description": "Lot de 6 verres à pied à eau en verre.",
    "caracteristiques": {
      "Couleur": "Transparent",
      "Composition": "Verre"
    },
    "categorie": "verre_a_eau",
    "id": 2
  },
  {
    "photo": "https://static.bhv.fr/media/3004060/300406079462/G_300406079462_444_VPM_1.jpg",
    "prix": "69.00",
    "titre": "DEGRENNE DOLCE - Lot de 6 - Goblet haut 57 cl",
    "full_description": "",
    "caracteristiques": {
      "Couleur": "Transparent"
    },
    "categorie": "verre_a_eau",
    "id": 3
  },
  {
    "photo": "https://static.bhv.fr/media/269/26909121/G_26909121_378_VPM_1.jpg",
    "prix": "84.90",
    "titre": "BODUM Coffret Pavina",
    "full_description": "Set de 6 verres double paroi 0,35 l les verres à double paroi Bodum gardent vos boissons chaudes ou fraîches plus longtemps. Système exclusif Bodum pastille silicone apposée sur le fond du verre : permet à l'air de circuler et évite ainsi tout risque de traces, de condensation.",
    "caracteristiques": {
      "Couleur": "Coloris Unique",
      "Composition": "Verre"
    },
    "categorie": "verre_a_eau",
    "id": 4
  },
  {
    "photo": "https://static.bhv.fr/media/526/52638837/G_52638837_444_VPM_1.jpg",
    "prix": "59.00",
    "titre": "CRITAL D'ARQUES Coffret de 6 gobelets bas Macassar 32 cl",
    "full_description": "La liberté du style et l’épure précieuse des pans coupés mariés aux arrondis. /n A la manière d'un couturier contemporain revisitant les codes éternels de la mode, ces sculptures limpides et géométriques détournent les conventions pour cultiver l'audace sur votre table /n ",
    "caracteristiques": {
      "Couleur": "Transparent",
      "Composition": "Cristallin"
    },
    "categorie": "verre_a_eau",
    "id": 5
  },
  {
    "photo": "https://static.bhv.fr/media/735/73504694/G_73504694_444_VPM_1.jpg",
    "prix": "89.90",
    "titre": "BODUM 6 verres borosilicatés à double paroi 45 cl",
    "full_description": "En verre borosilicaté à double paroi pour de meilleures propriétés isolantes: les boissons chaudes restent chaudes plus longtemps et les boissons froides restent froides plus longtemps. /n Les verres à double paroi PAVINA® ont été conçus par le designer Masato Yamamoto pour Bodum. /n Le verre est soufflé bouche. Les verres à double paroi de BODUM en verre borosilicaté inodore sont légers mais robustes. /n Une pastille de silicone hydrophobe sous le fond permet un équilibrage permanent de la pression de l'air contenu entre les deux parois du verre avec l'air ambiant. /n Elle laisse « respirer » le verre : aucune condensation ne se forme sur la surface du verre avec les boissons froides et le verre ne laisse pas d'auréoles d'eau disgracieuses. /n Ces verres conviennent également pour servir de la crème glacée et d'autres desserts. /n ",
    "caracteristiques": {
      "Couleur": "Transparent",
      "Hauteur": "8,8 cm",
      "Largeur": "8,8 cm",
      "Longueur": "8,8 cm",
      "Contenance": "45 cl",
      "Composition": "Verre borosilicate"
    },
    "categorie": "verre_a_eau",
    "id": 6
  },
  {
    "photo": "https://static.bhv.fr/media/3004060/300406079460/G_300406079460_453_VPM_1.jpg",
    "prix": "69.00",
    "titre": "DEGRENNE BILBAO - Lot de 6 - Gobelet bas 30 cl",
    "full_description": "BILBAO",
    "caracteristiques": {
      "Couleur": " Vert"
    },
    "categorie": "verre_a_eau",
    "id": 7
  },
  {
    "photo": "https://static.bhv.fr/media/3004022/300402282544/G_300402282544_444_VPM_1.jpg",
    "prix": "39.90",
    "titre": "VILLEROY & BOCH Verre à vin rouge Set 4 pièces La Divina",
    "full_description": "Impressionnez avec un design de verre élégant de Villeroy & Boch. Ces verres à vin rouge séduisent par leurs lignes épurées et sobres. Grâce à leur forme arrondie, ils permettent le développement optimal des arômes d‘un vin corsé. Article facile à nettoyer convenant naturellement au lave-vaisselle.",
    "caracteristiques": {
      "Couleur": "Transparent",
      "Composition": "Cristal"
    },
    "categorie": "verre_a_eau",
    "id": 8
  },
  {
    "photo": "https://static.bhv.fr/media/3004008/300400889597/G_300400889597_444_VPM_1.jpg",
    "prix": "60.00",
    "titre": "DEGRENNE MUSE - Lot de 6 - Gobelet bas 23 cl",
    "full_description": "",
    "caracteristiques": {
      "Couleur": "Transparent"
    },
    "categorie": "verre_a_eau",
    "id": 9
  },
  {
    "photo": "https://static.bhv.fr/media/691/69199333/G_69199333_306_VPM_2.jpg",
    "prix": "34.70",
    "titre": "LA ROCHERE Lot de 4 verres à pied Abeille multicolore 24 cl",
    "full_description": "",
    "caracteristiques": {
      "Couleur": "Multicolore",
      "Dimension": "14.1",
      "Contenance": "24 cl",
      "Composition": "Verre"
    },
    "categorie": "verre_a_eau",
    "id": 10
  },
  {
    "photo": "https://static.bhv.fr/media/3004032/300403257532/G_300403257532_444_VPM_1.jpg",
    "prix": "39.90",
    "titre": "VILLEROY & BOCH Verre à eau/Bordeaux",
    "full_description": "Misez sur une ambiance pleine de goût avec les verres de Villeroy & Boch. Ces verres à vin rouge pour déguster un bordeaux aromatique séduisent par leur design classique et leurs lignes fines et arrondies.",
    "caracteristiques": {
      "Couleur": "Transparent",
      "Dimension": "10",
      "Composition": "Cristal"
    },
    "categorie": "verre_a_eau",
    "id": 11
  },
  {
    "photo": "https://static.bhv.fr/media/3004060/300406088722/G_300406088722_444_VPM_1.jpg",
    "prix": "VIVO VILLEROY & BOCH GROUP Verre à vin rouge set 4 pcs",
    "titre": "19.90",
    "full_description": "Accordez-vous de véritables moments de plaisirs avec vivo du groupe Villeroy & Boch. Avec ces verres à vin rouge attrayants, savourez votre vin préféré comme au restaurant.",
    "caracteristiques": {
      "Couleur": "Transparent",
      "Dimension": "8.7",
      "Composition": "Cristal"
    },
    "categorie": "verre_a_eau",
    "id": 12
  },
  {
    "photo": "https://static.bhv.fr/media/3004041/300404147339/G_300404147339_444_VPM_1.jpg",
    "prix": "32.99",
    "titre": "LA REDOUTE INTERIEURS Lot de 4 verres, Faraji",
    "full_description": "FarajiUne texture bullée réalisée dans la matière, une forme tout en rondeur qui mêle de jolies tonalités passant d'une transparence cristalline aux teintes plus contemporaines, on craque ! Ce lot de 4 verres à eau de qualité apporte du pep's à la table.",
    "caracteristiques": {
      "Couleur": "Transparent",
      "Hauteur": "9,7 cm",
      "Contenance": "32 cl",
      "Diamètre": "6 cm"
    },
    "categorie": "verre_a_eau",
    "id": 13
  },
  {
    "photo": "https://static.bhv.fr/media/3004049/300404905123/G_300404905123_85_VPM_1.jpg",
    "prix": "39.00",
    "titre": "AM.PM Lot de 4 verres à eau Astrid",
    "full_description": "ASTRIDMotifs striés noirs teintés dans la masse pour les verres à eau Astrid.",
    "caracteristiques": {
      "Couleur": "Blanc",
      "Hauteur": "9 cm",
      "Diamètre": "8 cm"
    },
    "categorie": "verre_a_eau",
    "id": 14
  },
  {
    "photo": "https://static.bhv.fr/media/372/37295603/G_37295603_444_VPM_1.jpg",
    "prix": "20.00",
    "titre": "CHEF ET SOMMELIER Lot de 6 gobelets bas Lima",
    "full_description": "Verres à eau de contenance 35cl. La collection de gobelets Lima décline des verres au fond épais sur lequel la lumière joue de ses reflets. /n En forme de polygone, les gobelets de la collection Lima jouent les trouble-fête dans les ambiances classiques. Ces verres en Krysta subliment les eaux, jus de fruits et cocktails. /n ",
    "caracteristiques": {
      "Couleur": "Transparent",
      "Hauteur": "8,3 cm",
      "Diamètre": "9,4 cm",
      "Contenance": "35 cl",
      "Composition": "Verre"
    },
    "categorie": "verre_a_eau",
    "id": 15
  },
  {
    "photo": "https://static.bhv.fr/media/3004051/300405140175/G_300405140175_444_VPM_1.jpg",
    "prix": "50.10",
    "titre": "CHEF ET SOMMELIER Lima Ambre - Coffret 6 gobelets 38 cl",
    "full_description": "Coffret cadeau contenant 6 gobelets de la collection Lima.",
    "caracteristiques": {
      "Couleur": "Transparent",
      "Contenance": "38 cl",
      "Composition": "Verre"
    },
    "categorie": "verre_a_eau",
    "id": 16
  },
  {
    "photo": "https://static.bhv.fr/media/3004046/300404625006/G_300404625006_230_VPM_1.jpg",
    "prix": "54.00",
    "titre": "DEGRENNE Q DE BOUTEILLES - Lot de 4 - Short drink sablage vertical 25 cl",
    "caracteristiques": {
      "Couleur": "Gris"
    },
    "categorie": "verre_a_eau",
    "id": 17
  },
  {
    "photo": "https://static.bhv.fr/media/3004038/300403891304/G_300403891304_306_VPM_1.jpg",
    "prix": "20.00",
    "titre": "NORMANN COPENHAGEN",
    "full_description": "Les verres culbuto Rocking conçus en 2002 par Britt Bonnensen pour Normann Copenhagen invitent à des moments de convivialité autour de la table. Cette nouvelle interprétation du verre traditionnel est des plus intéressantes: le verre présente une base arrondie, ce qui le fait balancer délicatement sans renverser votre boisson. Que ce soit pour déguster vos meilleurs digestifs ou pour présenter vos desserts, tout comme le MoMa à New York.",
    "caracteristiques": {
      "Couleur": "Multicolore",
      "Composition": "Verre"
    },
    "categorie": "verre_a_eau",
    "id": 18
  },
  {
    "photo": "https://static.bhv.fr/media/262/26207732/G_26207732_444_VPM_1.jpg",
    "prix": "32.90€",
    "titre": "ABSOLUMENT MAISON Set de 6 verres à eau",
    "full_description": "Set de 6 verres à eau.",
    "caracteristiques": {
      "Couleur": "Transparent",
      "Composition": "Verre"
    },
    "categorie": "verre_a_eau",
    "id": 19
  },
  {
    "photo": "https://static.bhv.fr/media/787/78704075/G_78704075_378_VPM_1.jpg",
    "prix": "15.00",
    "titre": "ICHENDORF MILANO Vere Woodland Tales chouette 35 cl",
    "full_description": "Verre de la ligne Woodland Tales d'Ichendorf./n Aujourd'hui comme il y a 100 ans, l'objectif d'Ichendorf est la recherche de formes belles et légères. /n Des asymétries subtiles ou des irrégularités microscopiques créent des différences qui font d'un gobelet, d'une cruche ou d'un vase Ichendorf un objet authentique et humain. /n La noblesse des objets Ichendorf vient du travail des Designers qui y pensent et des Maîtres Verriers qui les créent. /n ",
    "caracteristiques": {
      "Couleur": "Coloris Unique",
      "Hauteur": "8.5 cm",
      "Contenance": "35 cl",
      "Composition": "Verre borosilicate"
    },
    "categorie": "verre_a_eau",
    "id": 20
  },
  {
    "photo": "https://static.bhv.fr/media/787/78704063/G_78704063_378_VPM_1.jpg",
    "prix": "15.00",
    "titre": "ICHENDORF MILANO Verre Xmas Crew pingouin 35 cl",
    "full_description": "Verre de la ligne Woodland Tales d'Ichendorf. /n Aujourd'hui comme il y a 100 ans, l'objectif d'Ichendorf est la recherche de formes belles et légères. /n Des asymétries subtiles ou des irrégularités microscopiques créent des différences qui font d'un gobelet, d'une cruche ou d'un vase Ichendorf un objet authentique et humain. /n La noblesse des objets Ichendorf vient du travail des Designers qui y pensent et des Maîtres Verriers qui les créent. /n ",
    "caracteristiques": {
      "Couleur": "Coloris Unique",
      "Hauteur": "8.5 cm",
      "Contenance": "35 cl",
      "Composition": "Verre borosilicate"
    },
    "categorie": "verre_a_eau",
    "id": 21
  },
  {
    "photo": "https://static.bhv.fr/media/787/78704069/G_78704069_378_VPM_1.jpg",
    "prix": "15.00",
    "titre": "ICHENDORF MILANO Verre Woodland Tales renard 35 cl",
    "full_description": "Verre de la ligne Woodland Tales d'Ichendorf. /n Aujourd'hui comme il y a 100 ans, l'objectif d'Ichendorf est la recherche de formes belles et légères. /n Des asymétries subtiles ou des irrégularités microscopiques créent des différences qui font d'un gobelet, d'une cruche ou d'un vase Ichendorf un objet authentique et humain. /n La noblesse des objets Ichendorf vient du travail des Designers qui y pensent et des Maîtres Verriers qui les créen /n ",
    "caracteristiques": {
      "Couleur": "Coloris Unique",
      "Hauteur": "8.5 cm",
      "Diamètre": "8 cm",
      "Composition": "Verre borosilicate"
    },
    "categorie": "verre_a_eau",
    "id": 22
  },
  {
    "photo": "https://static.bhv.fr/media/3004052/300405211350/G_300405211350_444_VPM_1.jpg",
    "prix": "19.20",
    "titre": "CHEF ET SOMMELIER Lima - 6 Gobelet 40 cl ",
    "full_description": "Verres à eau de contenance 40cl. La collection de gobelets Lima décline des verres au fond épais sur lequel la lumière joue de ses reflets. /n En forme de polygone, les gobelets de la collection Lima jouent les trouble-fête dans les ambiances classiques. Ces verres en Krysta subliment les eaux, jus de fruits et cocktails. /n Chef & Sommelier est une marque française née du groupe verrier Arc International, fondé en 1825. Reconnue pour son savoir-faire dans le domaine œnologique, la marque s'associe avec des experts pour développer des collections raffinées de verres et accessoires dédiés à la dégustation et au service du vin. /n ",
    "caracteristiques": {
      "Couleur": "Transparent",
      "Composition": "Verre"
    },
    "categorie": "verre_a_eau",
    "id": 23
  },
  {
    "photo": "https://static.bhv.fr/media/287/28783801/G_28783801_230_VPM_1.jpg",
    "prix": "12.50",
    "titre": "JARS Gobelet MAGUELONE en grès gris cachemire 15 cl",
    "full_description": "Gobelet de la collection Maguelone en grès fabriqué et émaillé à la main. Le grès est un produit 100% écologique, natutel, non poreux et très résistant",
    "caracteristiques": {
      "Couleur": "Gris",
      "Hauteur": "7 cm",
      "Diamètre": "7 cm",
      "Contenance": "15 cl",
      "Composition": "Grès"
    },
    "categorie": "verre_a_eau",
    "id": 24
  },
  {
    "photo": "https://static.bhv.fr/media/576/57617180/G_57617180_444_VPM_1.jpg",
    "prix": "29.90",
    "titre": "ABSOULUMENT MAISON Lot de 6 verres à eau Portugal",
    "full_description": "Lot de 6 verres à eau transparents",
    "caracteristiques": {
      "Couleur": "Transparent",
      "Hauteur": "12,5 cm",
      "Contenance": "50 ml",
      "Composition": "Verre"
    },
    "categorie": "verre_a_eau",
    "id": 25
  },
  {
    "photo": "https://static.bhv.fr/media/476/47606687/G_47606687_444_VPM_1.jpg",
    "prix": "11.50",
    "titre": "SERAX Verre à eau",
    "full_description": "Merci a conçu, en collaboration avec Serax, une série de petits plateaux et coupelles fonctionnels, inspirée du célèbre ‘American Modern Dinnerware’ de Russel Wright et du ‘bento’ nippon traditionnel.",
    "caracteristiques": {
      "Couleur": "Transparent",
      "Hauteur": "8,9 cm",
      "Contenance": "8.4 ml",
      "Composition": "Grès et bois d’érable"
    },
    "categorie": "verre_a_eau",
    "id": 26
  },
  {
    "photo": "https://static.bhv.fr/media/3004021/300402155205/G_300402155205_401_VPM_1.jpg",
    "prix": "35.00",
    "titre": "IITTALA Verre Kastehelmi - cranberry",
    "full_description": "Le verre Kastehelmi du designer finlandais Oiva Toikka pour Iittala, avec son design nordique simple, offre une façon intemporelle de servir vos boissons préférées. Oiva Toikka a été inspirée par la rosée du matin, qui est illuminée par la lumière. C'est pourquoi il a choisi le nom de la collection \"Kastehelmi\", qui signifie \"goutte de rosée\" en finnois. Cette inspiration se retrouve non seulement dans les verres, mais aussi dans chaque pièce de la collection Kastehelmi de Iittala. Les verres sont décorés de gouttes de verre dans lesquelles la lumière est réfractée. Ainsi, le verre Kastehelmi de Iittala apporte une élégance variée mais neutre à chaque table",
    "caracteristiques": {
      "Couleur": "Rouge",
      "Composition": "Verre"
    },
    "categorie": "verre_a_eau",
    "id": 27
  },
  {
    "photo": "https://static.bhv.fr/media/3004060/300406079458/G_300406079458_278_VPM_1.jpg",
    "prix": "54.00",
    "titre": "DEGRENNE Q DE BOUTEILLES - Lots de 4 - Short drink sablage horizontal 25 cl",
    "full_description": "Q DE BOUTEILLES",
    "caracteristiques": {
      "Couleur": "Marron",
      "Contenance": "25 cl"
    },
    "categorie": "verre_a_eau",
    "id": 28
  },
  {
    "photo": "https://static.bhv.fr/media/3004060/300406078664/G_300406078664_191_VPM_1.jpg",
    "prix": "CHEF ET SOMMELIER Gobelets Primarific - 6 gobelets Or 36 cl",
    "titre": "34.20",
    "full_description": "Gobelet forme haute 36 cl Primarific de couleur argentée. /n La collection Primarific propose des gobelets à la silhouette élégante, galbée et aux couleurs métallisées. Leurs tons or, argent et cuivre distillent sur vos tables l'ambiance chaleureuse des métaux précieux, contrastant avec les verres à vin parfaitement transparents. En mode déco actuelle, ils s'utilisent pour les eaux et autres boissons soft, et deviennent aussi lumignons radieux /n",
    "caracteristiques": {
      "Couleur": "Doré",
      "Diamètre": "8.1",
      "Contenance": "36 cl",
      "Composition": "Verre"
    },
    "categorie": "verre_a_eau",
    "id": 29
  },
  {
    "photo": "https://static.bhv.fr/media/609/60959542/G_60959542_230_VPM_1.jpg",
    "prix": "12.00",
    "titre": "COSTA NOVA",
    "full_description": "Verre à eau estampillé d'un médaillon. Sa fabrication en verre pressé, semi-manuel lui donne un effet 'fait main' en raison de ses irrégularités.",
    "caracteristiques": {
      "Couleur": "Gris",
      "Hauteur": "9 cm",
      "Contenance": "38 cl",
      "Composition": "Autre"
    },
    "categorie": "verre_a_eau",
    "id": 30
  },
  {
    "photo": "https://static.bhv.fr/media/3004031/300403171287/G_300403171287_191_VPM_1.jpg",
    "prix": "33.99",
    "titre": "LA REODUTE INTERIEURS Lot de 4 verres hauts, Ammane",
    "full_description": "Les 4 verres hauts Ammane. Délicatement soulignés d'un liseré coloré, ces verres feront honneur à votre table.",
    "caracteristiques": {
      "Couleur": "Doré",
      "Hauteur": "13 cm",
      "Diamètre": "8 cm",
      "Composition": "Verre boroscillate "
    },
    "categorie": "verre_a_eau",
    "id": 31
  },
  {
    "photo": "https://static.bhv.fr/media/609/60959546/G_60959546_101_VPM_1.jpg",
    "prix": "12.00",
    "titre": "COSTA NOVA Verre à eau Medallon teinté bleu 380 ml",
    "full_description": "Fabriqué dans l'esprit paisible et relaxé des petites villes balnéaires de la Costa Nova, ce verre tumbler est idéal pour servir des jus de fruits frais, sodas ou café glacé. /n Réalisé grâce à la méthode artisanale du moulé-pressé, ce verre peut présenter de légères irrégularités au niveau de la forme et de la couleur : signe de la qualité et de la singularité d'une pièce unique fabriquée main. /n ",
    "caracteristiques": {
      "Couleur": "Bleu",
      "Hauteur": "10,5 cm",
      "Diamètre": "8 cm",
      "Contenance": "380 ml",
      "Composition": "Verre"
    },
    "categorie": "verre_a_eau",
    "id": 32
  },
  {
    "photo": "https://static.bhv.fr/media/3004060/300406079464/G_300406079464_230_VPM_1.jpg",
    "prix": "63.00",
    "titre": "DEGRENNE ROC - Lot 6 - Verre à pied 27 cl",
    "caracteristiques": {
      "Couleur": "Gris",
      "Contenance": "27 cl"
    },
    "categorie": "verre_a_eau",
    "id": 33
  },
  {
    "photo": "https://static.bhv.fr/media/3004060/300406079465/G_300406079465_320_VPM_1.jpg",
    "prix": "72.00",
    "titre": "DEGRENNE ALLEGRO - Lot de 6 - Gobelet 29 cl",
    "caracteristiques": {
      "Couleur": "Noir",
      "Contenance": "29 cl"
    },
    "categorie": "verre_a_eau",
    "id": 34
  },
  {
    "photo": "https://static.bhv.fr/media/3004060/300406079466/G_300406079466_230_VPM_1.jpg",
    "prix": "45.00",
    "titre": "DEGRENNE LOOP - Lot de 6 - Gobelet bas 35 cl",
    "full_description": "",
    "caracteristiques": {
      "Couleur": "Gris",
      "Contenance": "35 cl"
    },
    "categorie": "verre_a_eau",
    "id": 35
  },
  {
    "photo": "https://static.bhv.fr/media/3004047/300404784530/G_300404784530_444_VPM_1.jpg",
    "prix": "29.99",
    "titre": "LA REDOUTE INTERIEURS Lot de 6 verres, Niloa",
    "full_description": "Rondeur et charme pour ces 6 verres Niloa ! Ils sont réalisés de manière artisanale. Ces verres apporteront une touche d'originalité sur votre table (et laisseront sans aucun doute vos amis bouche bée).",
    "caracteristiques": {
      "Couleur": "Transparent",
      "Hauteur": "9,5 cm",
      "Diamètre": "8 cm",
      "Contenance": "25 cl",
      "Composition": "Verre"
    },
    "categorie": "verre_a_eau",
    "id": 36
  },
  {
    "photo": "https://static.bhv.fr/media/3004060/300406078664/G_300406078664_401_VPM_1.jpg",
    "prix": "34.20",
    "titre": "CHEF ET SOMMELIER Gobelets Primarific - 6 gobelets Rouge 36 cl",
    "full_description": "Gobelet forme haute 36 cl Primarific de couleur argentée. /n La collection Primarific propose des gobelets à la silhouette élégante, galbée et aux couleurs métallisées. Leurs tons or, argent et cuivre distillent sur vos tables l'ambiance chaleureuse des métaux précieux, contrastant avec les verres à vin parfaitement transparents. En mode déco actuelle, ils s'utilisent pour les eaux et autres boissons soft, et deviennent aussi lumignons radieux. /n ",
    "caracteristiques": {
      "Couleur": "Rouge",
      "Diamètre": "8.1 cm",
      "Contenance": "36 cl",
      "Composition": "Verre"
    },
    "categorie": "verre_a_eau",
    "id": 37
  },
  {
    "photo": "https://static.bhv.fr/media/3004020/300402045369/G_300402045369_444_VPM_1.jpg",
    "prix": "24.99",
    "titre": "LA REDOUTE INTERIEURS Lot de 4 verres striés, Lurik",
    "full_description": "Ce lot de 4 verres striés et délicatement soulignés d'un liseré doré apportera une touche d'élégance et de style à votre table de repas ! ",
    "caracteristiques": {
      "Couleur": "Transparent",
      "Hauteur": "11 cm",
      "Diamètre": "6.7 cm"
    },
    "categorie": "verre_a_eau",
    "id": 38
  }
]