[
  {
    "photo":"https://static.bhv.fr/media/536/53632231/G_53632231_445_VPM_1.jpg",
    "prix":"63.70",
    "titre":"KILNER Moulin à café avec broyeur verre et inox 0,5L",
    "full_description":"Ce moulin à café Kilner est l'accessoire parfait des amateurs de café. Muni d'un couvercle broyeur hermétique en inox, il broie parfaitement les grains pour obtenir un café riche en arômes ! Le broyeur en inox est doté d'un mécanisme en céramique.",
    "caracteristiques":{
      "Couleur":"Transparent et acier",
      "Contenance":"0,5 L",
      "Hauteur":"14,5 cm",
      "Longueur":"12,5 cm",
      "Largeur":"9 cm"
    },
    "categorie":"accessoire",
    "id":0
  },
  {
    "photo":"https://static.bhv.fr/media/623/62351730/G_62351730_320_VPM_1.jpg",
    "prix":"32.00",
    "titre":"HARIO Moulin à café manuel Mini Slim",
    "full_description":"Le Mini Slim est un moulin à café manuel avec meules en céramique, un corps en plastique fumé, une poignée amovible renforcée ainsi qu'un réservoir à grains de 50 grammes. /n Ce moulin manuel est un moulin prévu pour une utilisation intense et même nomade ! /n De petite taille avec seulement 21 cm de hauteur et avec un corps fin, le moulin Mini Slim est prévu pour être facilement transportable. /n ",
    "caracteristiques":{
      "Couleur":"Transparent et acier",
      "Hauteur":"21 cm",
      "Longueur":"15 cm",
      "Largeur":"7,4 cm",
      "Composition":"Plastique"
    },
    "categorie":"accessoire",
    "id":1
  },
  {
    "photo":"https://static.bhv.fr/media/734/73450822/G_73450822_306_VPM_1.jpg",
    "prix":"39.00",
    "titre":"24BOTTLES Bouteille isotherme Clima Bottle modèle Spring Dust 500 ml",
    "full_description":"Clima Bottle est la synthèse ultime d'un design compact et d'une résistance thermique. /n Entièrement sans plastique, Clima Bottle est une bouteille en acier inoxydable 100% étanche. /n Elle garde les boissons chaudes pendant 12 heures et froides pendant 24 heures. /n Toutes les bouteilles réutilisables se distinguent par leur design italien original et sont sans émission. /n ",
    "caracteristiques":{
      "Hauteur":"20,4 cm",
      "Longueur":"7,3 cm cm",
      "Largeur":"7,3 cm",
      "Composition":"Acier inoxydable"
    },
    "categorie":"accessoire",
    "id":2
  },
  {
    "photo":"https://static.bhv.fr/media/291/29167612/G_29167612_52_VPM_1.jpg",
    "prix":"8.90",
    "titre":"ABSOLUMENT MAISON Infuseur boule à thé inox",
    "full_description":"Infuseur boule à thé en inox. Il est doté d'une chaîne et d'un fermoir à loquet",
    "caracteristiques":{
      "Couleur":"Argent",
      "Diamètre":"8 cm",
      "Composition":"Acier"
    },
    "categorie":"accessoire",
    "id":3
  },
  {
    "photo":"https://static.bhv.fr/media/763/76328254/G_76328254_444_VPM_1.jpg",
    "prix":"47.50",
    "titre":"OGO LIVING Carafe infuseur en verre",
    "full_description":"Cette carafe toute en transparence OGO Living apporte une touche de légèreté grâce à son design élégant et épuré. /n Dotée d'un infuseur en acier inoxydable vous permettant de ddoser et de savourer votre thé selon vos envies. /n Couvercle en bois d'acacia /n ",
    "caracteristiques":{
      "Couleur":"Transparent",
      "Contenance":"1,5 L",
      "Hauteur":"27 cm",
      "Longueur":"18 cm",
      "Largeur":"10 cm",
      "Composition":"Acier inoxydable"
    },
    "categorie":"accessoire",
    "id":4
  },
  {
    "photo":"https://static.bhv.fr/media/553/55335700/G_55335700_247_VPM_1.jpg",
    "prix":"16.90",
    "titre":"OGO LIVING Tisanière avec couvercle bois d'acacia et grès gris perle 47,5 cl",
    "full_description":"Cette tisanière en grès est dotée d'un couvercle en bois d'acacia et d'un infuseur en inox, pour diffuser tous les arômes de votre thé. /n Il est possible de faire chauffer votre boisson au micro-ondes en retirant préalablement le couvercle. /n ",
    "caracteristiques":{
      "Couleur":"Gris perle",
      "Contenance":"47,5 cl",
      "Hauteur":"15 cm",
      "Longueur":"12 cm",
      "Diamètre":"9 cm",
      "Composition":"Grès"
    },
    "categorie":"accessoire",
    "id":5
  },
  {
    "photo":"https://static.bhv.fr/media/763/76328252/G_76328252_38_VPM_1.jpg",
    "prix":"15.90",
    "titre":"OGO LIVING Infuseur à thé Gaspard",
    "full_description":"Offrez-vous un moment cocooning grâce à notre infuseur à thé Gaspard. /n En acier inoxydable il vous permettra d'y déposer vos feuilles de thé et de déguster un thé à la perfection. /n ",
    "caracteristiques":{
      "Couleur":"Acier",
      "Hauteur":"58 cm",
      "Longueur":"14 cm",
      "Diamètre":"3,5 cm",
      "Composition":"Acier inoxydable"
    },
    "categorie":"accessoire",
    "id":6
  },
  {
    "photo":"https://static.bhv.fr/media/756/75619307/G_75619307_85_VPM_1.jpg",
    "prix":"25.50",
    "titre":"URBAN NATURE CULTURE Pot à lait porcelain blanche",
    "full_description":"Pot à lait en porcelaine blanche, classique et très élégant avec son anse dorée.",
    "caracteristiques":{
      "Couleur":"Blanc",
      "Hauteur":"11 cm",
      "Longueur":"10 cm",
      "Diamètre":"6 cm",
      "Composition":"Porcelaine"
    },
    "categorie":"accessoire",
    "id":7
  },
  {
    "photo":"https://static.bhv.fr/media/746/74611755/G_74611755_38_VPM_1.jpg",
    "prix":"14.95",
    "titre":"WMF Stick à thé",
    "full_description":"Les amateurs de thé et d'infusion apprécieront ce stick à thé WMF en Cromargan®. /n Original et esthétique, il permet de faire infuser votre boisson favorite avec une dose individuelle dans un verre ou un mug. /n ",
    "caracteristiques":{
      "Couleur":"Acier",
      "Hauteur":"15,7 cm",
      "Longueur":"4 cm",
      "Largeur":"4 cm",
      "Composition":"Acier inoxydable"
    },
    "categorie":"accessoire",
    "id":8
  },
  {
    "photo":"https://static.bhv.fr/media/775/77563548/G_77563548_230_VPM_1.jpg",
    "prix":"6.90",
    "titre":"Chevalier Diffusion Boule à thé treillis 4,5 cm inox",
    "full_description":"La pince boule à thé s’ouvre et se ferme naturellement en assurant une bonne prise en main. /n Il suffit de la remplir directement dans le sachet, de la plonger dans une tasse ou un mug et de la vider en fin d’infusion en un seul mouvement. /n Le fin treillis de la boule à thé évite que les résidus de feuilles ou de rooibos ne passent. D’un volume généreux et suffisant pour que les feuilles de thé se gorgent d’eau correctement et libèrent leurs arômes. /n ",
    "caracteristiques":{
      "Couleur":"Gris",
      "Hauteur":"16 cm",
      "Diamètre":"4,5 cm",
      "Largeur":"4 cm",
      "Composition":"Inox"
    },
    "categorie":"accessoire",
    "id":9
  },
  {
    "photo":"https://static.bhv.fr/media/600/60018677/G_60018677_306_VPM_1.jpg",
    "prix":"7.90",
    "titre":"SEMA DESIGN Infuseur boule feuilles de thé silicone et inox 3,5 cl",
    "full_description":"Infuseur de feuilles de thé, forme boule, en inox et silicone, avec sa coupelle.",
    "caracteristiques":{
      "Couleur":"Multicolore",
      "Hauteur":"15 cm",
      "Longueur":"4 cm",
      "Largeur":"4 cm",
      "Composition":"Acier inoxydable"
    },
    "categorie":"accessoire",
    "id":10
  },
  {
    "photo":"https://static.bhv.fr/media/3004018/300401812165/G_300401812165_306_VPM_1.jpg",
    "prix":"VILLEROY & BOCH Théière 6 personne. Petite Fleur",
    "titre":"99.90",
    "full_description":"Découvrez la collection de vaisselle avec son charmant décor floral de Villeroy & Boch. Sur votre table joliment dressée pour le thé, cette théière fleurie attire tous les regards et saura enchanter vos invités. Convient naturellement au lave-vaisselle et au four à micro-ondes.",
    "caracteristiques":{
      "Couleur":"Multicolore",
      "Longueur":"21,5 cm",
      "Largeur":"14,5 cm",
      "Composition":"Porcelaine"
    },
    "categorie":"accessoire",
    "id":11
  },
  {
    "photo":"https://static.bhv.fr/media/763/76328247/G_76328247_444_VPM_1.jpg",
    "prix":"10.90",
    "titre":"OGO LIVING Infuseur à thé tube",
    "full_description":"Offrez-vous un moment cocooning grâce à notre infuseur à thé tube. /n En verre, il vous permettra d'y déposer vos feuilles de thé et de déguster un thé à la perfection. /n Préférez une quantité de 2 à 3g de thé par 200ml d'eau (soit environ une cuillère à café)afin d'offrir à votre thé l'infusion parfaite qu'il mérite. /n ",
    "caracteristiques":{
      "Couleur":"Transparent",
      "Contenance":"200 ml",
      "Hauteur":"13,5 cm",
      "Largeur":"3 cm",
      "Longueur":"3 cm",
      "Composition":"Porcelaine"
    },
    "categorie":"accessoire",
    "id":12
  },
  {
    "photo":"https://static.bhv.fr/media/633/63376584/G_63376584_38_VPM_1.jpg",
    "prix":"22.50",
    "titre":"OGO LIVING Infuseur à thé rétractable ",
    "full_description":"Cet infuseur rétractable est en acier inoxydable micro-perforé, qui permet de libérer tous les arômes du thé sans pour autant laisser les feuilles s'échapper, mais aussi un gain de place évident et un rangement simplifié.  /n Il est équipé d'un couvercle permettant de garder la chaleur de la boisson plus longtemps. /n Il est idéal pour toutes les tasses possédant un diamètre de plus de 8,2 cm. /n",
    "caracteristiques":{
      "Couleur":"Acier",
      "Hauteur":"9,8 cm",
      "Largeur":"7 cm",
      "Longueur":"8.2 cm",
      "Composition":"Acier inydable"
    },
    "categorie":"accessoire",
    "id":13
  },
  {
    "photo":"https://static.bhv.fr/media/734/73450824/G_73450824_306_VPM_1.jpeg",
    "prix":"38.00",
    "titre":"24BOTTLES Infuseur modèle Wabi blanc/gris 500 ml",
    "full_description":"Infuser Bottle vous permet de créer de délicieuses tisanes et des infusions agréables à emporter avec vous. /n Clima Bottle est la bouteille en acier inoxydable, réutilisable et isotherme qui garde vos boissons froides pendant 24 heures et chaudes pendant 12 heures. /n Taille parfaite votre hydratation quotidienne. /n ",
    "caracteristiques":{
      "Couleur":"Multicolore",
      "Contenance":"500 ml",
      "Hauteur":"20.4 cm",
      "Largeur":"7.3 cm",
      "Longueur":"7.3 cm",
      "Composition":"Acier inydable"
    },
    "categorie":"accessoire",
    "id":14
  },
  {
    "photo":"https://static.bhv.fr/media/388/38822999/G_38822999_85_VPM_1.jpg",
    "prix":"3.90",
    "titre":"BIALETTI Blister 3 joints 1 filtre 1 tasse",
    "full_description":"Recharge pour Moka Express Bialetti 1 tasse. Ce set de recharge contient trois joints en caoutchouc de Ø 52 mm de diamètre et un micro-filtre en acier inoxydable. Convient aux cafetières italiennes en aluminium 1 tasse de la gamme Bialetti (Moka Express, Dama, Break, Mini Express) et 1 tasse de la gamme Aeternnum.",
    "caracteristiques":{
      "Couleur":"Blanc",
      "Composition":"Caoutchouc",
      "Diamètre":"5,2 cm"
    },
    "categorie":"accessoire",
    "id":15
  },
  {
    "photo":"https://static.bhv.fr/media/702/70259948/G_70259948_384_VPM_1.jpg",
    "prix":"15.90",
    "titre":"TOKYO DESIGN STUDIO Boîte à thé Fleurs roses 200 g",
    "full_description":"Boîte à thé Fleurs roses, contenance 200 g en métal.",
    "caracteristiques":{
      "Couleur":"Rose",
      "Contenance":"200 g",
      "Composition":"Métal",
      "Diamètre":"7,4 cm",
      "Hauteur":"15,5 cm"
    },
    "categorie":"accessoire",
    "id":16
  },
  {
    "photo":"https://static.bhv.fr/media/3004018/300401812163/G_300401812163_306_VPM_1.jpg",
    "prix":"159.00",
    "titre":"VILLEROY & BOCH Théière 6 personnes Audun",
    "full_description":"Servez des spécialités de thé raffinées avec Villeroy & Boch. Cette théière pour jusqu‘à 6 personnes est la pièce maîtresse de votre service à thé. Convient naturellement au lave-vaisselle et au four à micro-ondes.",
    "caracteristiques":{
      "Couleur":"Multicolore",
      "Composition":"Porcelaine",
      "Hauteur":"23,5 cm",
      "Longueur":"14,2 cm"
    },
    "categorie":"accessoire",
    "id":17
  },
  {
    "photo":"https://static.bhv.fr/media/802/80278140/G_80278140_444_VPM_1.jpg",
    "prix":"22.90",
    "titre":"BODUM Set 2 verres à thé Assam avec double paroi 0,15L",
    "full_description":"Dernier ajout à la gamme emblématique de verres à paroi double de Bodum, le verre à thé MELIOR s'inspire de l'élégance des verres à thé à la menthe marocains, mais il est doté d'une touche de modernité. :n Soufflés individuellement à la bouche par des artisans experts, ces verres à paroi double sont faits de deux couches de verre borosilicaté résistant à la chaleur qui maintiennent les boissons chaudes et froides à leur température idéale plus longtemps. /n Un évent en silicone intelligent sur la base régule la paroi externe du verre pour éviter la condensation salissante ou les doigts brûlés. /n Légers et agréables à tenir grâce à leur forme unique, ces beaux verres ont l'air d'une œuvre d'art, leur conception à paroi double donnant l'illusion d'optique que le contenu est suspendu dans l'air. /n Ils apporteront à coup sûr une touche de classe à votre rituel de consommation de thé. /n",
    "caracteristiques":{
      "Couleur":"Transparent",
      "Composition":"Verre borosilicate",
      "Hauteur":"9,3 cm",
      "Longueur":"5,9 cm",
      "Largeur":"5,9 cm"
    },
    "categorie":"accessoire",
    "id":18
  },
  {
    "photo":"https://static.bhv.fr/media/3004018/300401812175/G_300401812175_85_VPM_1.jpg",
    "prix":"51.90",
    "titre":"VILLEROY & BOCH Théière 1 personne Royal",
    "full_description":"Offrez-vous une pause élégante avec Villeroy & Boch. Cette théière pour une personne offre une contenance de 400 ml et convient pour le café du petit-déjeuner ou le thé convivial de l’après-midi.",
    "caracteristiques":{
      "Couleur":"Blanc",
      "Composition":"Porcelaine",
      "Longueur":"21,5 cm",
      "Largeur":"12,7 cm"
    },
    "categorie":"accessoire",
    "id":19
  },
  {
    "photo":"https://static.bhv.fr/media/3004061/300406146069/G_300406146069_394_VPM_1.jpg",
    "prix":"12.50",
    "titre":"DEGRENNE FRAGMENT COLOR - Soucoupe à café ronde 12,6 cm",
    "full_description":"",
    "caracteristiques":{
      "Couleur":"Rose framboise",
      "Longueur":"12,6 cm"
    },
    "categorie":"accessoire",
    "id":20
  },
  {
    "photo":"https://static.bhv.fr/media/3004060/300406096311/G_300406096311_85_VPM_1.jpg",
    "prix":"89.90",
    "titre":"VILLEROY & BOCH Théière 6 personnes New Cottage",
    "full_description":"Invitez la convivialité à votre table avec Villeroy & Boch. Avec cette grande théière, servez à vos invités des thés aromatiques avec élégance. ",
    "caracteristiques":{
      "Couleur":"Blanc",
      "Longueur":"27,3 cm",
      "Largeur":"14 cm"
    },
    "categorie":"accessoire",
    "id":21
  },
  {
    "photo":"https://static.bhv.fr/media/3004060/300406078396/G_300406078396_85_VPM_1.jpg",
    "prix":"41.40",
    "titre":"MEDARD DE NOBLAT Lolly Pop - Coffret 6 tasses café et thé",
    "full_description":"Lolly Pop, c'est une ligne de grès coloré, parsemé de touches aquarellées qui illuminent les tables d'une modernité rafraîchissante. Pétillant, le décor est un motif abstrait travaillé en camaïeux de bleus. /n La gamme comporte les essentiels de la table au quotidien : les assiettes coupes, les bols et les mugs aux formes généreuses et confortables. /n Originaire de Limoges, Médard de Noblat perpétue un savoir-faire et une tradition de qualité depuis 1836. Les formes, aux lignes fines et élégantes dégagent une personnalisé créant des tables expressives au fort pouvoir de séduction. Aussi précis que stylés, les décors habillent les porcelaines pour les sublimer. /n ",
    "caracteristiques":{
      "Couleur":"Blanc",
      "Contenance":"28 cl"
    },
    "categorie":"accessoire",
    "id":22
  },
  {
    "photo":"https://static.bhv.fr/media/3004042/300404223556/G_300404223556_85_VPM_1.jpg",
    "prix":"69.90",
    "titre":"VILLEROY & BOCH Signature Théière petite MetroChic",
    "full_description":"Faites-vous plaisir avec un design urbain ou faites le bonheur des autres avec cette idée de cadeau raffinée de Villeroy & Boch. Petite mais raffinée, cette théière complète votre table joliment dressée et devient une aide indispensable pour la dégustation de votre thé. Premium Bone Porcelain : résiste au lave-vaisselle et au four à micro-ondes",
    "caracteristiques":{
      "Couleur":"Blanc",
      "Composition":"Porcelaine",
      "Longueur":"20,8 cm",
      "Largeur":"8.9 cm"
    },
    "categorie":"accessoire",
    "id":23
  },
  {
    "photo":"https://static.bhv.fr/media/3004043/300404335364/G_300404335364_306_VPM_1.jpg",
    "prix":"99.90",
    "titre":"VILLEROY & BOCH SIGNATURE Théière petite Amazonia",
    "full_description":"Embarquez pour une expédition pleine d‘élégance avec le décor floral de Villeroy & Boch. Petite mais raffinée, cette théière complète votre table joliment dressée et constitue une pièce élégante pour accompagner votre dégustation du thé lors d‘une pause. Premium Bone Porcelain : résiste au lave-vaisselle et au four à micro-ondes",
    "caracteristiques":{
      "Couleur":"Multicolore",
      "Composition":"Porcelaine",
      "Longueur":"20,8 cm",
      "Largeur":"8.9 cm"
    },
    "categorie":"accessoire",
    "id":24
  },
  {
    "photo":"https://static.bhv.fr/media/3004043/300404335362/G_300404335362_347_VPM_1.jpg",
    "prix":"149.00",
    "titre":"VILLEROY & BOCH SIGNATURE Théière 6 personnes Anmut Gold",
    "full_description":"Embellissez votre table avec la magie intemporelle de l‘or fin avec Villeroy & Boch. Cette grande théière deviendra l‘invitée d‘honneur de votre service du thé et vous ravira longtemps avec son décor brillant grâce à la technologie « Inglaze Gold ». Premium Bone Porcelain : résiste au lave-vaisselle et au four à micro-ondes",
    "caracteristiques":{
      "Couleur":"Or",
      "Longueur":"25,5 cm",
      "Largeur":"15,7 cm",
      "Composition":"Porcelaine"
    },
    "categorie":"accessoire",
    "id":25
  },
  {
    "photo":"https://static.bhv.fr/media/3004060/300406086057/G_300406086057_230_VPM_1.jpg",
    "prix":"6.99",
    "titre":"MELITTA Boule à thé MELITTA à thé CILIA",
    "caracteristiques":{
      "Couleur":"Gris",
      "Composition":"Acier inoxydable",
      "Hauteur":"22 cm",
      "Longueur":"9 cm",
      "Largeur":"4,5 cm"
    },
    "categorie":"accessoire",
    "id":26
  },
  {
    "photo":"https://static.bhv.fr/media/747/74790989/G_74790989_230_VPM_1.jpg",
    "prix":"13.95",
    "titre":"COTE TABLE Paire à déjeuner Contance grise",
    "full_description":"Pain tasse à déjeuner en faience de couleur grise",
    "caracteristiques":{
      "Couleur":"Gris",
      "Contenance":"37,5 cl",
      "Hauteur":"19 cm",
      "Longueur":"8 cm"
    },
    "categorie":"accessoire",
    "id":27
  },
  {
    "photo":"https://static.bhv.fr/media/790/79054251/G_79054251_43_VPM_1.jpg",
    "prix":"VIVA SCANDINAVIA Infuseur à thé rétractable",
    "titre":"14.95",
    "full_description":"Grâce à cet infuseur à thé, savourez chaque jour une délicieuse tasse de thé ou autre infusion, mais son avantage principale est d'être rétractable ce qui vous permettra de l'emmener partout.",
    "caracteristiques":{
      "Couleur":"Acier et noir",
      "Hauteur":"3 cm",
      "Diamètre":"9,3 cm",
      "Composition":"Acier & silicone"
    },
    "categorie":"accessoire",
    "id":28
  },
  {
    "photo":"https://static.bhv.fr/media/3004018/300401812183/G_300401812183_306_VPM_1.jpg",
    "prix":"99.90",
    "titre":"VILLEROY & BOCH Théière 6 personnes French Garden",
    "full_description":"Invitez la convivialité à votre table avec Villeroy & Boch. Avec cette grande théière, servez à vos invités des thés aromatiques avec élégance. Convient naturellement au lave-vaisselle.",
    "caracteristiques":{
      "Couleur":"Multicolore",
      "Hauteur":"21,5 cm",
      "Largeur":"14 cm",
      "Composition":"Porcelaine"
    },
    "categorie":"accessoire",
    "id":29
  },
  {
    "photo":"https://static.bhv.fr/media/774/77453267/G_77453267_230_VPM_1.jpg",
    "prix":"9.90",
    "titre":"CHEVALIER DIFFUSION Boule infusion 6,5 cm inox",
    "full_description":"La boule à thé s’ouvre et se ferme naturellement. /n Il suffit de la remplir directement dans le sachet, de la plonger dans une tasse ou un mug et de la vider en fin d’infusion en un seul mouvement. /n D’un volume généreux et suffisant pour que les feuilles de thé se gorgent d’eau correctement et libèrent leurs arômes. /n",
    "caracteristiques":{
      "Couleur":"Gris",
      "Dimension":"6,5 cm",
      "Composition":"Inox"
    },
    "categorie":"accessoire",
    "id":30
  },
  {
    "photo":"https://static.bhv.fr/media/3004018/300401812177/G_300401812177_85_VPM_1.jpg",
    "prix":"89.90",
    "titre":"VILLEROY & BOCH Théière 6 personnes Mariefleur",
    "full_description":"https://static.bhv.fr/media/3004018/300401812177/G_300401812177_85_VPM_1.jpg",
    "caracteristiques":{
      "Couleur":"Blanc",
      "Longueur":"27 cm",
      "Largeur":"14 cm",
      "Composition":"Porcelaine"
    },
    "categorie":"accessoire",
    "id":31
  },
  {
    "photo":"https://static.bhv.fr/media/3004047/300404706605/G_300404706605_453_VPM_1.jpg",
    "prix":"69.90",
    "titre":"VILLEROY & BOCH Théière 6 personnes Colourful Spring",
    "full_description":"Faites-vous plaisir chaque jour d‘une nouvelle façon avec ce design printanier signé Villeroy & Boch. Faites de l‘heure du thé un véritable moment de plaisir et invitez jusqu‘à cinq autres personnes à se joindre à vous sans problème. Notre jolie théière offre une capacité suffisamment grande pour que chacun puisse savourer son thé préféré. ",
    "caracteristiques":{
      "Couleur":"Vert",
      "Longueur":"27,5 cm",
      "Largeur":"15,5 cm",
      "Composition":"Porcelaine"
    },
    "categorie":"accessoire",
    "id":32
  },
  {
    "photo":"https://static.bhv.fr/media/790/79054302/G_79054302_101_VPM_1.jpg",
    "prix":"9.95",
    "titre":"VIVA SCANDINAVIA Infuseur à thé Egg bleu",
    "full_description":"L'infuseur à thé Egg propose un design original et pratique. /n La boule est en acier inoxydable, facile à ouvrir, tandis que le système de suspension est en silicone et s'adapte parfaitement à votre tasse. /n",
    "caracteristiques":{
      "Couleur":"Bleu",
      "Hauteur":"16 cm",
      "Diamètre":"4 cm",
      "Composition":"Acier & silicone"
    },
    "categorie":"accessoire",
    "id":33
  },
  {
    "photo":"https://static.bhv.fr/media/790/79054299/G_79054299_230_VPM_1.jpg",
    "prix":"9.95",
    "titre":"VIVA SCANDINAVA Infuseur à thé Egg gris",
    "full_description":"L'infuseur à thé Egg propose un design original et pratique. /n La boule est en acier inoxydable, facile à ouvrir, tandis que le système de suspension est en silicone et s'adapte parfaitement à votre tasse. /n",
    "caracteristiques":{
      "Couleur":"Gris",
      "Hauteur":"16 cm",
      "Diamètre":"4 cm",
      "Composition":"Acier & silicone"
    },
    "categorie":"accessoire",
    "id":34
  },
  {
    "photo":"https://static.bhv.fr/media/3004008/300400889387/G_300400889387_230_VPM_1.jpg",
    "prix":"17.00",
    "titre":"DEGRENNE COLLECTION L LIENS - Soucoupe à thé ronde 15,8 cm",
    "caracteristiques":{
      "Couleur":"Gris"
    },
    "categorie":"accessoire",
    "id":35
  },
  {
    "photo":"https://static.bhv.fr/media/3004061/300406146070/G_300406146070_85_VPM_1.jpg",
    "prix":"7.00",
    "titre":"DEGRENNE SMOOS - Soucoupe à café ronde 15 c",
    "caracteristiques":{
      "Couleur":"Blanc"
    },
    "categorie":"accessoire",
    "id":36
  },
  {
    "photo":"https://static.bhv.fr/media/3004052/300405277653/G_300405277653_230_VPM_1.png",
    "prix":"129.00",
    "titre":"DEGRENNE ECLIPSE - Sucrier 15 cl",
    "full_description":"ECLIPSE",
    "caracteristiques":{
      "Couleur":"Gris",
      "Contenance":"15 cl"
    },
    "categorie":"accessoire",
    "id":37
  },
  {
    "photo":"https://static.bhv.fr/media/774/77453293/G_77453293_230_VPM_1.jpg",
    "prix":"6.90",
    "titre":"CHEVALIER DIFFUSION Infuseur à thé treillis inox 6,5 cm",
    "full_description":"Infuseur à thé en forme de pince, avec boule en treillis. Tout inox.",
    "caracteristiques":{
      "Couleur":"Acier",
      "Diamètre":"6.5",
      "Composition":"Inox"
    },
    "categorie":"accessoire",
    "id":38
  },
  {
    "photo":"https://www.alinea.com/fstrz/r/s/www.alinea.com/dw/image/v2/BCKM_PRD/on/demandware.static/-/Sites-ali_master/default/dwa7f7b9d6/images/26699202/BOITE-A-PAIN-FOUGAS-26699202-F-1.jpg?sw=982&sh=982&sm=fit&sfrm=png&bgcolor=eef1eb&frz-v=75",
    "prix":"20.00",
    "titre":"Fougas, boite à pain en bambou bleu niolon ",
    "full_description":"Conservation exotique /n Conserver votre pain dans une jolie boîte à pain en bambou couleur bleu niolon. Son couvercle couleur bois s'accorde parfaitement avec le bleu intense. Son côté très déco vous permettra de la disposer dans votre cuisine ou sur vos décorations de table avec facilit /n",
    "categorie":"accessoire",
    "id":39
  }
]